사고번호,사고일시,요일,시군구,사고내용,사망자수,중상자수,경상자수,부상신고자수,사고유형,법규위반,노면상태,기상상태,도로형태,가해운전자 차종,가해운전자 성별,가해운전자 연령,가해운전자 상해정도,피해운전자 차종,피해운전자 성별,피해운전자 연령,피해운전자 상해정도
2015011700100154,2015년 1월 17일 07시,토요일,대전광역시 서구 월평동,사망사고,1,0,0,0,차대사람 - 기타,안전운전불이행,건조,맑음,교차로 - 교차로부근,승용,남,54세,상해없음,보행자,남,27세,사망
2015011700100175,2015년 1월 17일 08시,토요일,대전광역시 중구 대흥동,중상사고,0,1,3,0,차대차 - 추돌 - 주정차중,안전거리미확보,건조,맑음,단일로 - 기타,승용,남,56세,상해없음,승용,여,67세,경상
2015011700100207,2015년 1월 17일 09시,토요일,대전광역시 서구 가장동,중상사고,0,1,0,0,차대차 - 추돌 - 진행중,안전거리미확보,건조,맑음,단일로 - 기타,승용,기타불명,기타불명,기타불명,이륜,남,73세,중상
2015011700100323,2015년 1월 17일 13시,토요일,대전광역시 동구 용운동,경상사고,0,0,1,0,차대차 - 측면직각충돌,안전운전불이행,건조,맑음,교차로 - 교차로부근,화물,남,52세,상해없음,승용,남,30세,경상
2015011700100359,2015년 1월 17일 14시,토요일,대전광역시 유성구 봉산동,경상사고,0,0,3,0,차대차 - 측면직각충돌,신호위반,건조,맑음,교차로 - 교차로안,승용,남,27세,상해없음,승용,남,49세,경상
2015011700100424,2015년 1월 17일 16시,토요일,대전광역시 동구 천동,경상사고,0,0,4,0,차대차 - 측면직각충돌,안전거리미확보,건조,맑음,단일로 - 기타,승용,여,57세,상해없음,승용,남,35세,경상
2015011700100458,2015년 1월 17일 17시,토요일,대전광역시 서구 도마동,중상사고,0,1,0,0,차대사람 - 횡단중,신호위반,건조,맑음,단일로 - 기타,화물,남,50세,상해없음,보행자,여,63세,중상
2015011700100526,2015년 1월 17일 19시,토요일,대전광역시 유성구 송강동,중상사고,0,1,1,0,차대차 - 측면직각충돌,교차로운행방법위반,건조,맑음,교차로 - 교차로부근,승용,남,35세,상해없음,승용,남,52세,중상
2015011700100559,2015년 1월 17일 20시,토요일,대전광역시 중구 대흥동,중상사고,0,1,0,0,차대사람 - 보도통행중,기타,건조,맑음,단일로 - 기타,승용,남,44세,상해없음,보행자,남,24세,중상
2015011700100560,2015년 1월 17일 20시,토요일,대전광역시 대덕구 오정동,중상사고,0,2,0,0,차대차 - 추돌 - 진행중,안전거리미확보,건조,맑음,단일로 - 기타,승용,남,36세,상해없음,승용,여,55세,중상
2015011700100584,2015년 1월 17일 21시,토요일,대전광역시 중구 석교동,중상사고,0,1,0,0,차대사람 - 횡단중,안전운전불이행,건조,맑음,교차로 - 교차로부근,승용,남,56세,상해없음,보행자,남,35세,중상
2015011700100585,2015년 1월 17일 21시,토요일,대전광역시 동구 대동,경상사고,0,0,1,0,차대차 - 측면직각충돌,안전거리미확보,건조,맑음,단일로 - 기타,승용,남,52세,상해없음,원동기,남,48세,경상
2015011700100586,2015년 1월 17일 21시,토요일,대전광역시 서구 탄방동,경상사고,0,0,1,0,차대차 - 측면직각충돌,신호위반,건조,맑음,교차로 - 교차로안,승용,남,59세,상해없음,이륜,남,19세,경상
2015011700100638,2015년 1월 17일 23시,토요일,대전광역시 서구 둔산동,경상사고,0,0,1,1,차대차 - 추돌 - 진행중,직진우회전진행방해,건조,맑음,교차로 - 교차로안,승용,여,29세,경상,승용,남,53세,부상신고
2015011800100111,2015년 1월 18일 08시,일요일,대전광역시 중구 부사동,중상사고,0,1,0,0,차대사람 - 횡단중,보행자보호의무위반,건조,맑음,교차로 - 교차로부근,승용,남,64세,상해없음,보행자,남,71세,중상
2015011800100137,2015년 1월 18일 10시,일요일,대전광역시 동구 자양동,경상사고,0,0,2,0,차대차 - 측면직각충돌,안전운전불이행,건조,맑음,단일로 - 기타,승용,남,24세,상해없음,승용,남,33세,경상
2015011800100241,2015년 1월 18일 15시,일요일,대전광역시 대덕구 이현동,중상사고,0,1,1,0,차대차 - 정면충돌,중앙선침범,건조,맑음,단일로 - 기타,승용,여,41세,상해없음,승용,남,67세,경상
2015011800100320,2015년 1월 18일 18시,일요일,대전광역시 중구 문창동,경상사고,0,0,3,0,차대차 - 추돌 - 주정차중,안전운전불이행,건조,맑음,교차로 - 교차로부근,승용,남,71세,상해없음,승용,여,30세,경상
2015011800100426,2015년 1월 18일 21시,일요일,대전광역시 동구 용전동,경상사고,0,0,1,0,차대차 - 추돌 - 진행중,기타,건조,맑음,단일로 - 횡단보도부근,승용,남,45세,상해없음,승합,남,33세,경상
2015011800100427,2015년 1월 18일 21시,일요일,대전광역시 대덕구 비래동,중상사고,0,1,1,0,차대차 - 추돌 - 진행중,안전운전불이행,적설,눈,단일로 - 기타,승용,남,22세,상해없음,승용,남,30세,중상
2015011800100428,2015년 1월 18일 21시,일요일,대전광역시 서구 둔산동,경상사고,0,0,1,0,차대차 - 측면직각충돌,안전운전불이행,건조,맑음,단일로 - 기타,승용,남,70세,상해없음,자전거,남,25세,경상
2015011800100453,2015년 1월 18일 22시,일요일,대전광역시 유성구 반석동,중상사고,0,1,0,0,차량단독 - 기타,안전운전불이행,습기,눈,단일로 - 기타,승합,남,42세,상해없음,,,,
2015011800100465,2015년 1월 18일 23시,일요일,대전광역시 서구 괴정동,경상사고,0,0,2,0,차대차 - 추돌 - 진행중,안전운전불이행,건조,맑음,단일로 - 기타,승용,남,57세,상해없음,승용,남,28세,경상
2015011900100136,2015년 1월 19일 08시,월요일,대전광역시 서구 괴정동,경상사고,0,0,1,0,차대사람 - 횡단중,안전운전불이행,건조,맑음,교차로 - 교차로부근,승용,여,39세,상해없음,보행자,여,58세,경상
2015011900100219,2015년 1월 19일 11시,월요일,대전광역시 서구 둔산동,경상사고,0,0,1,0,차대차 - 기타,안전운전불이행,건조,맑음,단일로 - 기타,승용,남,57세,상해없음,이륜,남,21세,경상
2015011900100270,2015년 1월 19일 13시,월요일,대전광역시 서구 탄방동,경상사고,0,0,1,0,차대사람 - 기타,안전운전불이행,건조,맑음,교차로 - 교차로안,화물,남,56세,상해없음,보행자,여,21세,경상
2015011900100365,2015년 1월 19일 16시,월요일,대전광역시 서구 가수원동,경상사고,0,0,2,0,차대사람 - 차도통행중,안전운전불이행,건조,맑음,미분류 - 미분류,승용,여,30세,상해없음,보행자,남,33세,경상
2015011900100437,2015년 1월 19일 18시,월요일,대전광역시 중구 대흥동,경상사고,0,0,1,0,차대차 - 측면직각충돌,중앙선침범,건조,맑음,단일로 - 기타,승용,남,65세,상해없음,승합,남,58세,경상
2015011900100438,2015년 1월 19일 18시,월요일,대전광역시 대덕구 법동,경상사고,0,0,1,0,차대사람 - 횡단중,안전운전불이행,건조,맑음,교차로 - 교차로안,승용,여,27세,상해없음,보행자,남,9세,경상
2015011900100505,2015년 1월 19일 20시,월요일,대전광역시 유성구 원내동,경상사고,0,0,1,0,차대사람 - 횡단중,기타,건조,맑음,단일로 - 기타,승용,남,53세,상해없음,보행자,여,3세,경상
2015011900100562,2015년 1월 19일 22시,월요일,대전광역시 대덕구 송촌동,경상사고,0,0,1,0,차대차 - 추돌 - 주정차중,안전운전불이행,건조,맑음,교차로 - 교차로부근,승용,여,38세,상해없음,승용,남,22세,경상
2015012000100040,2015년 1월 20일 02시,화요일,대전광역시 동구 용전동,경상사고,0,0,1,0,차대차 - 추돌 - 진행중,안전운전불이행,건조,맑음,단일로 - 기타,승용,남,30세,상해없음,승용,남,49세,경상
2015012000100059,2015년 1월 20일 04시,화요일,대전광역시 중구 부사동,중상사고,0,1,0,0,차대사람 - 보도통행중,안전운전불이행,건조,맑음,교차로 - 교차로안,화물,남,43세,상해없음,보행자,여,51세,중상
2015012000100085,2015년 1월 20일 06시,화요일,대전광역시 유성구 원내동,중상사고,0,1,0,0,차대사람 - 횡단중,보행자보호의무위반,건조,맑음,교차로 - 교차로안,승용,남,53세,상해없음,보행자,여,56세,중상
2015012000100105,2015년 1월 20일 07시,화요일,대전광역시 서구 정림동,경상사고,0,0,1,0,차대차 - 측면직각충돌,신호위반,건조,맑음,교차로 - 교차로안,화물,남,58세,상해없음,승용,남,57세,경상
2015012000100106,2015년 1월 20일 07시,화요일,대전광역시 서구 가수원동,중상사고,0,1,0,0,차대사람 - 보도통행중,보행자보호의무위반,건조,맑음,단일로 - 기타,승용,남,39세,상해없음,보행자,여,80세,중상
2015012000100107,2015년 1월 20일 07시,화요일,대전광역시 서구 갈마동,중상사고,0,1,0,0,차대사람 - 기타,보행자보호의무위반,건조,맑음,단일로 - 횡단보도상,승용,여,57세,상해없음,보행자,여,17세,중상
2015012000100191,2015년 1월 20일 10시,화요일,대전광역시 동구 판암동,중상사고,0,1,1,0,차대차 - 측면직각충돌,신호위반,건조,맑음,교차로 - 교차로안,원동기,남,75세,중상,화물,남,57세,상해없음
2015012000100219,2015년 1월 20일 11시,화요일,대전광역시 동구 천동,중상사고,0,1,0,0,차대사람 - 기타,안전운전불이행,건조,맑음,단일로 - 기타,건설기계,남,51세,상해없음,보행자,남,44세,중상
2015012000100220,2015년 1월 20일 11시,화요일,대전광역시 서구 월평동,경상사고,0,0,1,0,차대차 - 기타,안전거리미확보,건조,맑음,단일로 - 기타,승용,남,21세,상해없음,승용,여,28세,경상
2015012000100263,2015년 1월 20일 13시,화요일,대전광역시 서구 가수원동,중상사고,0,1,0,0,차대사람 - 횡단중,안전운전불이행,건조,맑음,단일로 - 기타,승용,여,56세,상해없음,보행자,여,9세,중상
2015012000100296,2015년 1월 20일 14시,화요일,대전광역시 대덕구 송촌동,경상사고,0,0,2,0,차대차 - 추돌 - 진행중,안전운전불이행,건조,맑음,단일로 - 기타,승용,남,22세,상해없음,승용,남,72세,경상
2015012000100324,2015년 1월 20일 15시,화요일,대전광역시 유성구 장대동,중상사고,0,2,4,0,차대차 - 추돌 - 진행중,안전운전불이행,건조,맑음,단일로 - 기타,승용,여,33세,상해없음,승용,여,38세,경상
2015012000100355,2015년 1월 20일 16시,화요일,대전광역시 서구 변동,경상사고,0,0,1,0,차대차 - 추돌 - 진행중,안전운전불이행,건조,맑음,교차로 - 교차로부근,승용,남,43세,상해없음,승용,남,66세,상해없음
2015012000100356,2015년 1월 20일 16시,화요일,대전광역시 서구 월평동,경상사고,0,0,1,1,차대사람 - 기타,보행자보호의무위반,건조,맑음,교차로 - 교차로부근,승용,기타불명,기타불명,기타불명,보행자,여,29세,경상
2015012000100417,2015년 1월 20일 18시,화요일,대전광역시 서구 변동,경상사고,0,0,1,0,차대차 - 측면직각충돌,안전운전불이행,건조,맑음,교차로 - 교차로안,승합,남,34세,상해없음,승용,여,47세,경상
2015012000100418,2015년 1월 20일 18시,화요일,대전광역시 유성구 원촌동,경상사고,0,0,1,0,차대사람 - 기타,안전운전불이행,건조,맑음,단일로 - 기타,화물,남,51세,상해없음,보행자,남,57세,경상
2015012000100510,2015년 1월 20일 21시,화요일,대전광역시 중구 목동,경상사고,0,0,1,0,차대사람 - 횡단중,안전운전불이행,건조,맑음,단일로 - 기타,승용,여,40세,상해없음,보행자,여,10세,경상
2015012000100537,2015년 1월 20일 22시,화요일,대전광역시 유성구 장대동,경상사고,0,0,1,0,차대차 - 추돌 - 주정차중,안전운전불이행,건조,맑음,교차로 - 교차로부근,승용,여,33세,상해없음,승용,여,46세,경상
2015012000100538,2015년 1월 20일 22시,화요일,대전광역시 서구 월평동,경상사고,0,0,2,0,차대차 - 측면직각충돌,신호위반,건조,맑음,교차로 - 교차로안,승용,남,46세,상해없음,승용,여,26세,경상
2015012100100019,2015년 1월 21일 00시,수요일,대전광역시 동구 삼성동,중상사고,0,1,2,0,차대차 - 측면직각충돌,안전운전불이행,건조,맑음,교차로 - 교차로부근,승용,남,59세,상해없음,승용,남,53세,중상
2015012100100060,2015년 1월 21일 04시,수요일,대전광역시 서구 둔산동,경상사고,0,0,1,0,차대차 - 정면충돌,신호위반,건조,맑음,교차로 - 교차로안,승용,여,43세,상해없음,화물,남,45세,경상
2015012100100157,2015년 1월 21일 09시,수요일,대전광역시 서구 관저동,경상사고,0,0,1,0,차대차 - 추돌 - 주정차중,안전운전불이행,건조,맑음,단일로 - 횡단보도부근,승용,남,58세,상해없음,승용,남,34세,경상
2015012100100158,2015년 1월 21일 09시,수요일,대전광역시 서구 갈마동,경상사고,0,0,2,0,차대차 - 기타,신호위반,건조,맑음,단일로 - 기타,승용,남,55세,상해없음,승용,남,35세,경상
2015012100100282,2015년 1월 21일 15시,수요일,대전광역시 대덕구 오정동,중상사고,0,1,0,0,차량단독 - 기타,기타,건조,맑음,단일로 - 기타,승합,남,51세,상해없음,,,,
2015012100100393,2015년 1월 21일 18시,수요일,대전광역시 서구 관저동,중상사고,0,1,0,0,차대사람 - 차도통행중,안전운전불이행,습기,비,단일로 - 횡단보도부근,승용,여,51세,상해없음,보행자,여,27세,중상
2015012100100394,2015년 1월 21일 18시,수요일,대전광역시 유성구 노은동,경상사고,0,0,2,0,차대차 - 기타,안전거리미확보,습기,비,단일로 - 기타,승용,남,42세,상해없음,승용,남,38세,경상
2015012100100434,2015년 1월 21일 19시,수요일,대전광역시 동구 가오동,경상사고,0,0,1,0,차대차 - 측면직각충돌,안전운전불이행,건조,맑음,교차로 - 교차로안,승용,남,71세,상해없음,자전거,여,25세,경상
2015012100100435,2015년 1월 21일 19시,수요일,대전광역시 동구 판암동,경상사고,0,0,1,0,차대차 - 측면직각충돌,안전운전불이행,건조,맑음,교차로 - 교차로안,승합,남,54세,상해없음,승용,남,31세,경상
2015012100100471,2015년 1월 21일 20시,수요일,대전광역시 중구 선화동,경상사고,0,0,1,0,차대차 - 추돌 - 진행중,안전운전불이행,건조,맑음,교차로 - 교차로부근,승용,남,24세,상해없음,승용,여,44세,경상
2015012100100472,2015년 1월 21일 20시,수요일,대전광역시 서구 갈마동,경상사고,0,0,1,0,차대차 - 기타,신호위반,습기,비,단일로 - 횡단보도상,승용,남,62세,상해없음,자전거,남,21세,경상
2015012100100509,2015년 1월 21일 21시,수요일,대전광역시 중구 태평동,중상사고,0,1,0,0,차대사람 - 횡단중,신호위반,습기,비,교차로 - 교차로안,승용,남,46세,상해없음,보행자,남,15세,중상
2015012100100510,2015년 1월 21일 21시,수요일,대전광역시 서구 용문동,경상사고,0,0,1,0,차대사람 - 횡단중,보행자보호의무위반,건조,맑음,단일로 - 횡단보도상,승용,남,37세,상해없음,보행자,여,24세,경상
2015012100100552,2015년 1월 21일 22시,수요일,대전광역시 동구 용전동,경상사고,0,0,2,0,차대차 - 추돌 - 진행중,안전운전불이행,건조,맑음,교차로 - 교차로안,승용,남,33세,상해없음,승용,여,27세,경상
2015012100100553,2015년 1월 21일 22시,수요일,대전광역시 서구 괴정동,경상사고,0,0,2,0,차대차 - 추돌 - 진행중,안전운전불이행,습기,맑음,단일로 - 기타,승용,여,27세,상해없음,승용,여,23세,경상
2015012100100575,2015년 1월 21일 23시,수요일,대전광역시 서구 둔산동,중상사고,0,1,1,0,차대사람 - 기타,안전운전불이행,습기,비,단일로 - 기타,승용,남,25세,상해없음,보행자,여,47세,경상
2015012200100025,2015년 1월 22일 00시,목요일,대전광역시 서구 둔산동,경상사고,0,0,2,0,차대차 - 기타,안전운전불이행,습기,비,단일로 - 기타,승용,남,39세,상해없음,승용,여,50세,경상
2015012200100026,2015년 1월 22일 00시,목요일,대전광역시 서구 탄방동,부상신고사고,0,0,0,1,차대차 - 측면직각충돌,안전운전불이행,건조,맑음,교차로 - 교차로부근,이륜,여,49세,상해없음,이륜,남,23세,부상신고
2015012200100049,2015년 1월 22일 01시,목요일,대전광역시 동구 홍도동,중상사고,0,1,7,0,차대차 - 측면직각충돌,안전운전불이행,건조,맑음,교차로 - 교차로안,승합,남,22세,경상,승용,남,59세,중상
2015012200100050,2015년 1월 22일 01시,목요일,대전광역시 동구 삼성동,경상사고,0,0,1,0,차대차 - 정면충돌,신호위반,건조,맑음,교차로 - 교차로안,승용,기타불명,30세,기타불명,승용,남,58세,경상
2015012200100129,2015년 1월 22일 07시,목요일,대전광역시 대덕구 석봉동,경상사고,0,0,1,0,차대차 - 측면직각충돌,교차로운행방법위반,건조,맑음,교차로 - 교차로안,승용,여,26세,상해없음,자전거,남,16세,경상
2015012200100162,2015년 1월 22일 08시,목요일,대전광역시 서구 가장동,중상사고,0,1,1,0,차대차 - 측면직각충돌,신호위반,건조,맑음,교차로 - 교차로안,승합,남,66세,상해없음,승용,남,67세,중상
2015012200100186,2015년 1월 22일 09시,목요일,대전광역시 서구 괴정동,경상사고,0,0,1,0,차량단독 - 전도전복,안전운전불이행,건조,맑음,단일로 - 기타,승합,남,52세,상해없음,,,,
2015012200100187,2015년 1월 22일 09시,목요일,대전광역시 서구 복수동,중상사고,0,1,0,0,차대차 - 측면직각충돌,신호위반,건조,맑음,교차로 - 교차로안,화물,남,55세,상해없음,승용,여,44세,중상
2015012200100257,2015년 1월 22일 12시,목요일,대전광역시 대덕구 비래동,중상사고,0,1,0,0,차대사람 - 횡단중,보행자보호의무위반,건조,맑음,교차로 - 교차로안,승합,남,52세,상해없음,보행자,남,57세,중상
2015012200100281,2015년 1월 22일 13시,목요일,대전광역시 서구 용문동,경상사고,0,0,1,0,차량단독 - 전도전복,안전운전불이행,건조,맑음,단일로 - 기타,승합,남,57세,상해없음,,,,
2015012200100471,2015년 1월 22일 19시,목요일,대전광역시 중구 오류동,사망사고,1,0,0,0,차대사람 - 횡단중,안전운전불이행,건조,맑음,단일로 - 기타,승용,남,47세,상해없음,보행자,여,69세,사망
2015012200100472,2015년 1월 22일 19시,목요일,대전광역시 동구 성남동,경상사고,0,0,2,0,차대차 - 추돌 - 주정차중,안전운전불이행,건조,맑음,단일로 - 기타,승용,남,46세,상해없음,승용,남,26세,경상
2015012200100528,2015년 1월 22일 21시,목요일,대전광역시 서구 가장동,경상사고,0,0,2,0,차대차 - 측면직각충돌,안전운전불이행,건조,맑음,단일로 - 기타,승용,남,48세,상해없음,승용,남,31세,경상
2015012200100529,2015년 1월 22일 21시,목요일,대전광역시 대덕구 와동,경상사고,0,0,1,0,차대차 - 추돌 - 진행중,차로위반,건조,맑음,단일로 - 기타,승용,남,22세,상해없음,승용,남,26세,경상
2015012200100530,2015년 1월 22일 21시,목요일,대전광역시 유성구 노은동,중상사고,0,1,0,0,차대차 - 측면직각충돌,안전운전불이행,건조,맑음,단일로 - 기타,승용,남,29세,상해없음,이륜,남,31세,중상
2015012200100531,2015년 1월 22일 21시,목요일,대전광역시 유성구 관평동,중상사고,0,1,0,0,차대차 - 기타,안전거리미확보,건조,맑음,단일로 - 기타,승용,여,42세,상해없음,승합,남,51세,상해없음
2015012200100559,2015년 1월 22일 22시,목요일,대전광역시 서구 도안동,중상사고,0,1,0,0,차대차 - 추돌 - 주정차중,안전거리미확보,건조,맑음,단일로 - 기타,승용,남,49세,상해없음,승용,남,31세,중상
2015012200100560,2015년 1월 22일 22시,목요일,대전광역시 대덕구 중리동,경상사고,0,0,1,0,차대차 - 추돌 - 진행중,안전운전불이행,건조,맑음,단일로 - 기타,승용,남,28세,상해없음,승용,남,45세,경상
2015012200100561,2015년 1월 22일 22시,목요일,대전광역시 서구 둔산동,경상사고,0,0,2,0,차대차 - 추돌 - 진행중,안전운전불이행,건조,흐림,단일로 - 기타,승용,남,52세,상해없음,승용,여,47세,경상
2015012200100562,2015년 1월 22일 22시,목요일,대전광역시 서구 탄방동,경상사고,0,0,1,0,차대차 - 측면직각충돌,신호위반,건조,맑음,교차로 - 교차로안,승용,여,38세,상해없음,승합,남,38세,경상
2015012200100591,2015년 1월 22일 23시,목요일,대전광역시 서구 월평동,부상신고사고,0,0,0,1,차대차 - 추돌 - 진행중,안전운전불이행,건조,맑음,단일로 - 기타,승용,남,43세,상해없음,승용,남,65세,부상신고
2015012300100045,2015년 1월 23일 01시,금요일,대전광역시 중구 선화동,중상사고,0,3,2,0,차대차 - 측면직각충돌,신호위반,건조,맑음,교차로 - 교차로안,승합,남,47세,경상,승용,남,45세,중상
2015012300100046,2015년 1월 23일 01시,금요일,대전광역시 서구 둔산동,경상사고,0,0,1,0,차대차 - 측면직각충돌,안전운전불이행,건조,흐림,단일로 - 기타,승용,남,32세,상해없음,승용,남,39세,경상
2015012300100058,2015년 1월 23일 02시,금요일,대전광역시 중구 유천동,사망사고,1,0,0,0,차대사람 - 차도통행중,안전운전불이행,건조,맑음,교차로 - 교차로안,승용,남,31세,상해없음,보행자,남,61세,사망
2015012300100105,2015년 1월 23일 06시,금요일,대전광역시 서구 변동,중상사고,0,1,0,0,차대사람 - 횡단중,신호위반,건조,맑음,단일로 - 횡단보도상,승용,여,55세,상해없음,보행자,남,56세,중상
2015012300100164,2015년 1월 23일 08시,금요일,대전광역시 유성구 봉명동,중상사고,0,1,0,0,차대차 - 추돌 - 진행중,안전운전불이행,건조,맑음,교차로 - 교차로안,승용,여,27세,상해없음,원동기,남,41세,중상
2015012300100219,2015년 1월 23일 10시,금요일,대전광역시 서구 도마동,중상사고,0,1,3,0,차대차 - 추돌 - 주정차중,안전운전불이행,건조,맑음,단일로 - 기타,승용,남,53세,상해없음,화물,남,40세,상해없음
2015012300100220,2015년 1월 23일 10시,금요일,대전광역시 대덕구 목상동,중상사고,0,1,0,0,차대차 - 측면직각충돌,신호위반,건조,흐림,교차로 - 교차로안,승용,남,50세,상해없음,승용,남,65세,중상
2015012300100301,2015년 1월 23일 13시,금요일,대전광역시 동구 원동,중상사고,0,1,0,0,차대사람 - 기타,안전운전불이행,건조,맑음,단일로 - 기타,승용,남,59세,상해없음,보행자,남,76세,중상
2015012300100390,2015년 1월 23일 16시,금요일,대전광역시 서구 내동,중상사고,0,1,0,0,차대사람 - 횡단중,신호위반,건조,맑음,교차로 - 교차로안,승용,남,62세,상해없음,보행자,여,48세,중상
2015012300100391,2015년 1월 23일 16시,금요일,대전광역시 서구 둔산동,중상사고,0,2,1,0,차대차 - 추돌 - 진행중,중앙선침범,건조,맑음,교차로 - 교차로부근,승용,여,25세,상해없음,승용,남,69세,중상
2015012300100422,2015년 1월 23일 17시,금요일,대전광역시 중구 대사동,경상사고,0,0,1,0,차대차 - 측면직각충돌,차로위반,건조,맑음,단일로 - 기타,승용,남,61세,상해없음,승용,여,42세,경상
2015012300100423,2015년 1월 23일 17시,금요일,대전광역시 중구 부사동,경상사고,0,0,2,0,차대차 - 추돌 - 진행중,안전거리미확보,건조,맑음,단일로 - 기타,화물,남,51세,상해없음,승용,남,44세,경상
2015012300100424,2015년 1월 23일 17시,금요일,대전광역시 서구 도마동,경상사고,0,0,1,0,차대차 - 추돌 - 진행중,안전거리미확보,건조,맑음,교차로 - 교차로안,승합,남,46세,상해없음,화물,남,35세,경상
2015012300100468,2015년 1월 23일 18시,금요일,대전광역시 중구 유천동,경상사고,0,0,1,0,차대사람 - 차도통행중,안전운전불이행,건조,맑음,기타 - 기타,기타불명,기타불명,기타불명,기타불명,보행자,남,55세,경상
2015012300100496,2015년 1월 23일 19시,금요일,대전광역시 중구 안영동,중상사고,0,1,0,0,차대사람 - 횡단중,안전운전불이행,건조,흐림,교차로 - 교차로안,승용,남,58세,상해없음,보행자,남,3세,중상
2015012300100531,2015년 1월 23일 20시,금요일,대전광역시 동구 가양동,중상사고,0,1,0,0,차대사람 - 기타,안전운전불이행,건조,맑음,단일로 - 기타,승용,여,54세,상해없음,보행자,여,58세,중상
2015012300100532,2015년 1월 23일 20시,금요일,대전광역시 서구 둔산동,중상사고,0,1,0,0,차량단독 - 기타,안전운전불이행,건조,맑음,단일로 - 기타,승합,남,56세,상해없음,,,,
2015012300100555,2015년 1월 23일 21시,금요일,대전광역시 서구 월평동,경상사고,0,0,5,0,차대차 - 측면직각충돌,안전운전불이행,건조,맑음,교차로 - 교차로안,승용,남,49세,상해없음,승용,남,58세,경상
2015012300100599,2015년 1월 23일 23시,금요일,대전광역시 유성구 전민동,중상사고,0,1,0,0,차대사람 - 횡단중,안전운전불이행,건조,맑음,단일로 - 횡단보도부근,승용,남,23세,상해없음,보행자,여,72세,중상
2015012400100068,2015년 1월 24일 03시,토요일,대전광역시 동구 성남동,경상사고,0,0,1,0,차대차 - 측면직각충돌,안전운전불이행,건조,맑음,단일로 - 기타,승용,남,37세,상해없음,승용,기타불명,기타불명,기타불명
2015012400100086,2015년 1월 24일 04시,토요일,대전광역시 서구 용문동,사망사고,1,0,0,0,차대사람 - 횡단중,안전운전불이행,건조,맑음,단일로 - 기타,승용,남,29세,상해없음,보행자,남,37세,사망
2015012400100093,2015년 1월 24일 05시,토요일,대전광역시 서구 갈마동,경상사고,0,0,3,0,차대차 - 측면직각충돌,안전운전불이행,건조,맑음,단일로 - 기타,승용,남,26세,상해없음,승용,남,52세,경상
2015012400100125,2015년 1월 24일 07시,토요일,대전광역시 서구 탄방동,경상사고,0,0,1,0,차대차 - 기타,안전거리미확보,건조,맑음,교차로 - 교차로부근,승용,남,81세,상해없음,승합,남,52세,경상
2015012400100158,2015년 1월 24일 09시,토요일,대전광역시 동구 용전동,중상사고,0,1,0,0,차대사람 - 횡단중,안전운전불이행,건조,맑음,단일로 - 기타,승합,남,44세,상해없음,보행자,여,60세,중상
2015012400100159,2015년 1월 24일 09시,토요일,대전광역시 동구 대동,중상사고,0,1,0,3,차대차 - 추돌 - 진행중,안전거리미확보,건조,맑음,단일로 - 기타,승합,남,54세,상해없음,화물,여,58세,중상
2015012400100160,2015년 1월 24일 09시,토요일,대전광역시 대덕구 상서동,중상사고,0,1,0,0,차대차 - 추돌 - 주정차중,안전운전불이행,건조,맑음,단일로 - 기타,화물,남,43세,상해없음,화물,남,60세,중상
2015012400100161,2015년 1월 24일 09시,토요일,대전광역시 유성구 교촌동,중상사고,0,2,0,0,차대차 - 측면직각충돌,안전거리미확보,건조,맑음,단일로 - 기타,건설기계,남,37세,상해없음,승용,여,26세,중상
2015012400100242,2015년 1월 24일 12시,토요일,대전광역시 대덕구 읍내동,경상사고,0,0,1,0,차대차 - 추돌 - 진행중,안전거리미확보,건조,맑음,교차로 - 교차로안,승용,남,28세,상해없음,승용,여,44세,경상
2015012400100312,2015년 1월 24일 15시,토요일,대전광역시 동구 중동,중상사고,0,1,0,0,차대차 - 추돌 - 진행중,안전거리미확보,건조,맑음,단일로 - 터널,이륜,남,63세,상해없음,이륜,남,55세,중상
2015012400100368,2015년 1월 24일 17시,토요일,대전광역시 유성구 하기동,경상사고,0,0,1,0,차대사람 - 기타,안전운전불이행,건조,맑음,단일로 - 기타,승용,여,54세,상해없음,보행자,남,69세,경상
2015012400100522,2015년 1월 24일 21시,토요일,대전광역시 서구 가장동,경상사고,0,0,1,0,차대차 - 측면직각충돌,신호위반,건조,맑음,교차로 - 교차로안,승용,여,31세,상해없음,이륜,남,49세,경상
2015012400100575,2015년 1월 24일 23시,토요일,대전광역시 동구 삼성동,중상사고,0,1,1,0,차대차 - 추돌 - 진행중,신호위반,건조,맑음,교차로 - 교차로부근,승용,남,64세,상해없음,승용,남,65세,상해없음
2015012500100018,2015년 1월 25일 01시,일요일,대전광역시 서구 정림동,경상사고,0,0,2,0,차대차 - 측면직각충돌,신호위반,건조,맑음,교차로 - 교차로안,승용,여,40세,상해없음,승용,남,40세,경상
2015012500100019,2015년 1월 25일 01시,일요일,대전광역시 서구 둔산동,경상사고,0,0,1,0,차대사람 - 기타,안전운전불이행,건조,맑음,단일로 - 기타,승용,남,63세,상해없음,보행자,여,38세,경상
2015012500100089,2015년 1월 25일 07시,일요일,대전광역시 서구 월평동,중상사고,0,1,0,0,차대사람 - 횡단중,안전운전불이행,습기,비,교차로 - 교차로부근,승용,남,49세,상해없음,보행자,여,61세,중상