사고번호,사고일시,요일,시군구,사고내용,사망자수,중상자수,경상자수,부상신고자수,사고유형,법규위반,노면상태,기상상태,도로형태,가해운전자 차종,가해운전자 성별,가해운전자 연령,가해운전자 상해정도,피해운전자 차종,피해운전자 성별,피해운전자 연령,피해운전자 상해정도
2015022100100232,2015년 2월 21일 15시,토요일,대전광역시 대덕구 신탄진동,중상사고,0,2,3,0,차대차 - 추돌 - 진행중,중앙선침범,습기,비,단일로 - 기타,화물,남,61세,상해없음,승용,남,39세,중상
2015022100100301,2015년 2월 21일 18시,토요일,대전광역시 서구 둔산동,중상사고,0,1,0,0,차대사람 - 횡단중,중앙선침범,습기,비,단일로 - 기타,승용,남,46세,상해없음,보행자,남,22세,중상
2015022100100381,2015년 2월 21일 20시,토요일,대전광역시 서구 도마동,경상사고,0,0,1,0,차량단독 - 기타,안전운전불이행,건조,맑음,단일로 - 기타,승합,남,52세,상해없음,,,,
2015022100100447,2015년 2월 21일 22시,토요일,대전광역시 유성구 궁동,경상사고,0,0,1,0,차대차 - 측면직각충돌,신호위반,건조,맑음,교차로 - 교차로안,승용,여,33세,상해없음,승용,남,61세,경상
2015022200100027,2015년 2월 22일 00시,일요일,대전광역시 서구 도마동,경상사고,0,0,1,0,차대차 - 추돌 - 진행중,안전운전불이행,습기,흐림,교차로 - 교차로부근,화물,남,48세,상해없음,승용,남,51세,경상
2015022200100082,2015년 2월 22일 04시,일요일,대전광역시 중구 은행동,경상사고,0,0,1,0,차대차 - 정면충돌,교차로운행방법위반,습기,비,교차로 - 교차로안,승용,남,69세,상해없음,승용,남,28세,상해없음
2015022200100083,2015년 2월 22일 04시,일요일,대전광역시 중구 호동,경상사고,0,0,1,0,차량단독 - 공작물충돌,안전운전불이행,습기,비,단일로 - 교량,승용,남,55세,상해없음,,,,
2015022200100093,2015년 2월 22일 05시,일요일,대전광역시 서구 갈마동,경상사고,0,0,1,0,차대차 - 추돌 - 주정차중,안전운전불이행,건조,맑음,교차로 - 교차로부근,승용,기타불명,기타불명,기타불명,승용,여,53세,경상
2015022200100156,2015년 2월 22일 11시,일요일,대전광역시 중구 용두동,경상사고,0,0,3,0,차대차 - 정면충돌,중앙선침범,건조,맑음,단일로 - 기타,승용,남,31세,상해없음,승용,여,25세,경상
2015022200100176,2015년 2월 22일 12시,일요일,대전광역시 중구 유천동,경상사고,0,0,1,0,차대사람 - 횡단중,안전운전불이행,건조,맑음,교차로 - 교차로부근,화물,남,47세,상해없음,보행자,여,60세,경상
2015022200100194,2015년 2월 22일 13시,일요일,대전광역시 유성구 노은동,경상사고,0,0,3,0,차대차 - 측면직각충돌,안전운전불이행,건조,맑음,교차로 - 교차로안,승용,남,68세,기타불명,승용,여,39세,경상
2015022200100214,2015년 2월 22일 14시,일요일,대전광역시 중구 선화동,중상사고,0,1,0,0,차대사람 - 기타,안전운전불이행,건조,맑음,교차로 - 교차로부근,승용,남,49세,상해없음,보행자,남,79세,중상
2015022200100254,2015년 2월 22일 16시,일요일,대전광역시 서구 변동,경상사고,0,0,1,0,차대차 - 측면직각충돌,교차로운행방법위반,건조,맑음,교차로 - 교차로안,승용,남,22세,상해없음,승용,남,37세,경상
2015022200100279,2015년 2월 22일 17시,일요일,대전광역시 동구 대동,경상사고,0,0,2,0,차대차 - 측면직각충돌,안전운전불이행,건조,맑음,단일로 - 기타,승용,남,61세,상해없음,승용,남,35세,경상
2015022200100280,2015년 2월 22일 17시,일요일,대전광역시 동구 낭월동,경상사고,0,0,1,0,차대차 - 추돌 - 진행중,차로위반,건조,맑음,단일로 - 기타,승용,여,58세,상해없음,승용,남,67세,경상
2015022200100281,2015년 2월 22일 17시,일요일,대전광역시 유성구 복용동,중상사고,0,1,1,0,차대차 - 측면직각충돌,신호위반,건조,맑음,교차로 - 교차로안,승용,남,37세,상해없음,승용,여,56세,경상
2015022200100366,2015년 2월 22일 21시,일요일,대전광역시 중구 산성동,경상사고,0,0,1,0,차대차 - 추돌 - 주정차중,안전운전불이행,건조,맑음,단일로 - 기타,승용,남,45세,상해없음,승용,남,64세,경상
2015022300100100,2015년 2월 23일 08시,월요일,대전광역시 서구 월평동,경상사고,0,0,1,0,차대차 - 기타,안전운전불이행,건조,맑음,단일로 - 기타,승용,남,45세,기타불명,승용,여,34세,경상
2015022300100249,2015년 2월 23일 14시,월요일,대전광역시 서구 갈마동,경상사고,0,0,1,0,차대차 - 측면직각충돌,교차로운행방법위반,건조,맑음,교차로 - 교차로안,이륜,남,37세,상해없음,자전거,남,15세,경상
2015022300100275,2015년 2월 23일 15시,월요일,대전광역시 서구 흑석동,중상사고,0,1,0,0,차대사람 - 횡단중,안전운전불이행,건조,맑음,단일로 - 기타,승용,남,65세,상해없음,보행자,여,64세,중상
2015022300100325,2015년 2월 23일 17시,월요일,대전광역시 서구 월평동,경상사고,0,0,1,0,차대사람 - 차도통행중,안전운전불이행,건조,맑음,단일로 - 기타,승용,남,32세,상해없음,보행자,여,12세,경상
2015022300100326,2015년 2월 23일 17시,월요일,대전광역시 유성구 노은동,중상사고,0,1,2,0,차대차 - 측면직각충돌,안전운전불이행,건조,맑음,단일로 - 기타,승용,여,54세,상해없음,승용,여,43세,경상
2015022300100459,2015년 2월 23일 21시,월요일,대전광역시 서구 갈마동,경상사고,0,0,1,0,차대사람 - 기타,안전운전불이행,건조,맑음,교차로 - 교차로안,승용,남,48세,상해없음,보행자,여,20세,경상
2015022400100015,2015년 2월 24일 00시,화요일,대전광역시 서구 용문동,경상사고,0,0,1,0,차대차 - 측면직각충돌,중앙선침범,건조,맑음,교차로 - 교차로부근,승용,남,56세,상해없음,승용,남,45세,경상
2015022400100024,2015년 2월 24일 01시,화요일,대전광역시 서구 관저동,경상사고,0,0,1,0,차대사람 - 차도통행중,안전운전불이행,건조,맑음,단일로 - 기타,승용,남,42세,상해없음,보행자,남,45세,경상
2015022400100040,2015년 2월 24일 04시,화요일,대전광역시 중구 중촌동,경상사고,0,0,1,0,차대차 - 정면충돌,신호위반,건조,맑음,교차로 - 교차로안,승합,남,49세,상해없음,승용,남,27세,경상
2015022400100041,2015년 2월 24일 04시,화요일,대전광역시 중구 은행동,경상사고,0,0,1,0,차대차 - 측면직각충돌,신호위반,건조,맑음,교차로 - 교차로안,기타불명,기타불명,기타불명,기타불명,승용,남,75세,경상
2015022400100081,2015년 2월 24일 07시,화요일,대전광역시 동구 중동,중상사고,0,1,0,0,차대사람 - 횡단중,신호위반,건조,맑음,단일로 - 횡단보도상,승용,남,48세,상해없음,보행자,남,34세,중상
2015022400100101,2015년 2월 24일 08시,화요일,대전광역시 유성구 반석동,중상사고,0,1,0,0,차대차 - 기타,신호위반,건조,맑음,교차로 - 교차로안,승용,여,29세,상해없음,승용,남,59세,중상
2015022400100142,2015년 2월 24일 10시,화요일,대전광역시 유성구 원내동,경상사고,0,0,1,0,차대차 - 기타,신호위반,건조,맑음,교차로 - 교차로안,승합,남,27세,상해없음,화물,남,60세,경상
2015022400100219,2015년 2월 24일 13시,화요일,대전광역시 서구 둔산동,경상사고,0,0,3,0,차대차 - 추돌 - 진행중,안전운전불이행,건조,맑음,교차로 - 교차로부근,승용,여,33세,경상,승용,남,54세,경상
2015022400100281,2015년 2월 24일 15시,화요일,대전광역시 서구 갈마동,경상사고,0,0,1,0,차대차 - 추돌 - 주정차중,안전운전불이행,건조,맑음,단일로 - 기타,승합,남,49세,상해없음,승합,남,30세,상해없음
2015022400100320,2015년 2월 24일 16시,화요일,대전광역시 중구 오류동,중상사고,0,1,0,0,차대차 - 측면직각충돌,직진우회전진행방해,건조,맑음,교차로 - 교차로안,승용,여,37세,상해없음,원동기,남,19세,중상
2015022400100418,2015년 2월 24일 19시,화요일,대전광역시 서구 도안동,경상사고,0,0,3,0,차대차 - 추돌 - 주정차중,안전운전불이행,건조,맑음,단일로 - 기타,승용,남,57세,상해없음,승용,남,45세,경상
2015022400100419,2015년 2월 24일 19시,화요일,대전광역시 대덕구 대화동,중상사고,0,2,1,0,차대차 - 추돌 - 주정차중,안전운전불이행,건조,맑음,단일로 - 기타,승용,여,40세,상해없음,승용,여,23세,중상
2015022400100446,2015년 2월 24일 20시,화요일,대전광역시 동구 가오동,중상사고,0,1,0,0,차대사람 - 기타,안전운전불이행,건조,맑음,교차로 - 교차로부근,이륜,남,79세,상해없음,보행자,남,28세,중상
2015022400100447,2015년 2월 24일 20시,화요일,대전광역시 동구 용전동,경상사고,0,0,1,0,차대차 - 추돌 - 진행중,안전운전불이행,건조,맑음,단일로 - 기타,승용,남,54세,상해없음,승용,남,28세,경상
2015022400100482,2015년 2월 24일 21시,화요일,대전광역시 유성구 구암동,중상사고,0,2,0,1,차대차 - 추돌 - 주정차중,안전운전불이행,건조,맑음,교차로 - 교차로부근,승용,남,35세,상해없음,이륜,남,44세,중상
2015022400100511,2015년 2월 24일 22시,화요일,대전광역시 서구 괴정동,경상사고,0,0,1,0,차대차 - 측면직각충돌,신호위반,건조,맑음,교차로 - 교차로안,승용,여,44세,상해없음,승용,남,46세,경상
2015022500100017,2015년 2월 25일 00시,수요일,대전광역시 유성구 궁동,경상사고,0,0,1,0,차대차 - 추돌 - 주정차중,안전운전불이행,건조,맑음,단일로 - 기타,승용,남,53세,상해없음,승용,남,59세,경상
2015022500100042,2015년 2월 25일 03시,수요일,대전광역시 서구 정림동,경상사고,0,0,1,0,차대사람 - 차도통행중,안전운전불이행,건조,맑음,단일로 - 기타,승용,남,46세,상해없음,보행자,남,30세,경상
2015022500100066,2015년 2월 25일 06시,수요일,대전광역시 서구 가수원동,경상사고,0,0,1,0,차대차 - 측면직각충돌,안전운전불이행,건조,맑음,단일로 - 기타,건설기계,남,52세,상해없음,자전거,남,58세,경상
2015022500100199,2015년 2월 25일 11시,수요일,대전광역시 유성구 구성동,경상사고,0,0,1,0,차대차 - 측면직각충돌,안전운전불이행,건조,맑음,단일로 - 횡단보도상,이륜,남,82세,상해없음,승용,남,33세,상해없음
2015022500100223,2015년 2월 25일 12시,수요일,대전광역시 유성구 봉명동,경상사고,0,0,1,0,차대사람 - 횡단중,보행자보호의무위반,건조,맑음,교차로 - 교차로부근,승용,남,49세,상해없음,보행자,남,61세,경상
2015022500100244,2015년 2월 25일 13시,수요일,대전광역시 중구 은행동,경상사고,0,0,1,0,차대차 - 추돌 - 주정차중,안전운전불이행,건조,맑음,교차로 - 교차로부근,승용,남,43세,상해없음,화물,남,53세,경상
2015022500100331,2015년 2월 25일 16시,수요일,대전광역시 서구 둔산동,경상사고,0,0,2,0,차대차 - 추돌 - 주정차중,안전운전불이행,건조,맑음,단일로 - 기타,승합,남,51세,상해없음,승용,남,27세,경상
2015022500100492,2015년 2월 25일 21시,수요일,대전광역시 서구 괴정동,경상사고,0,0,1,0,차대차 - 추돌 - 진행중,중앙선침범,건조,맑음,단일로 - 기타,승용,남,34세,상해없음,이륜,남,22세,경상
2015022500100493,2015년 2월 25일 21시,수요일,대전광역시 대덕구 송촌동,중상사고,0,1,0,0,차대차 - 측면직각충돌,직진우회전진행방해,건조,맑음,교차로 - 교차로안,이륜,남,23세,상해없음,이륜,남,48세,중상
2015022500100524,2015년 2월 25일 22시,수요일,대전광역시 서구 둔산동,중상사고,0,1,0,0,차대차 - 기타,안전거리미확보,건조,맑음,단일로 - 기타,승용,여,51세,상해없음,원동기,남,19세,중상
2015022500100550,2015년 2월 25일 23시,수요일,대전광역시 서구 용문동,중상사고,0,2,2,0,차대차 - 측면직각충돌,중앙선침범,건조,맑음,교차로 - 교차로부근,승용,남,46세,상해없음,승용,남,37세,중상
2015022500100551,2015년 2월 25일 23시,수요일,대전광역시 서구 둔산동,경상사고,0,0,3,0,차대차 - 기타,신호위반,건조,맑음,교차로 - 교차로안,이륜,남,39세,상해없음,승용,남,55세,경상
2015022600100058,2015년 2월 26일 03시,목요일,대전광역시 유성구 장대동,경상사고,0,0,2,0,차대차 - 기타,안전운전불이행,건조,맑음,단일로 - 기타,승용,남,37세,경상,화물,남,44세,경상
2015022600100087,2015년 2월 26일 06시,목요일,대전광역시 동구 비룡동,사망사고,1,2,0,0,차대차 - 기타,안전운전불이행,습기,비,단일로 - 기타,승용,남,26세,중상,화물,남,59세,중상
2015022600100094,2015년 2월 26일 06시,목요일,대전광역시 유성구 원내동,경상사고,0,0,1,0,차대사람 - 기타,안전운전불이행,건조,기타,단일로 - 횡단보도부근,승용,남,25세,상해없음,보행자,여,22세,경상
2015022600100148,2015년 2월 26일 09시,목요일,대전광역시 서구 관저동,경상사고,0,0,1,0,차량단독 - 공작물충돌,안전운전불이행,건조,맑음,교차로 - 교차로부근,승합,남,58세,상해없음,,,,
2015022600100255,2015년 2월 26일 13시,목요일,대전광역시 서구 도안동,중상사고,0,3,2,0,차대차 - 추돌 - 주정차중,안전운전불이행,건조,맑음,단일로 - 기타,승용,남,54세,상해없음,승용,여,27세,경상
2015022600100316,2015년 2월 26일 15시,목요일,대전광역시 유성구 대정동,경상사고,0,0,2,0,차대차 - 추돌 - 진행중,안전거리미확보,건조,맑음,교차로 - 교차로부근,화물,남,42세,상해없음,승용,남,39세,경상
2015022600100353,2015년 2월 26일 16시,목요일,대전광역시 서구 복수동,경상사고,0,0,1,0,차대사람 - 보도통행중,안전운전불이행,건조,맑음,단일로 - 기타,자전거,남,17세,상해없음,보행자,여,60세,경상
2015022600100378,2015년 2월 26일 17시,목요일,대전광역시 동구 판암동,중상사고,0,1,0,0,차대사람 - 횡단중,안전운전불이행,건조,맑음,단일로 - 기타,화물,남,30세,상해없음,보행자,남,76세,중상
2015022600100379,2015년 2월 26일 17시,목요일,대전광역시 동구 삼성동,중상사고,0,1,0,0,차대사람 - 길가장자리구역통행중,불법유턴,건조,맑음,단일로 - 기타,화물,기타불명,30세,기타불명,보행자,남,62세,중상
2015022600100450,2015년 2월 26일 19시,목요일,대전광역시 서구 도마동,중상사고,0,1,1,0,차대차 - 측면직각충돌,안전운전불이행,건조,맑음,단일로 - 횡단보도부근,승용,남,48세,상해없음,원동기,남,47세,경상
2015022600100451,2015년 2월 26일 19시,목요일,대전광역시 서구 탄방동,경상사고,0,0,1,0,차대차 - 추돌 - 진행중,안전거리미확보,건조,맑음,기타 - 기타,승용,남,65세,상해없음,승용,남,65세,경상
2015022600100479,2015년 2월 26일 20시,목요일,대전광역시 서구 월평동,중상사고,0,1,0,0,차대차 - 측면직각충돌,신호위반,건조,맑음,교차로 - 교차로안,승용,남,30세,상해없음,승용,남,42세,중상
2015022600100497,2015년 2월 26일 21시,목요일,대전광역시 동구 비룡동,경상사고,0,0,2,0,차대차 - 추돌 - 진행중,안전거리미확보,건조,맑음,단일로 - 기타,승용,남,27세,상해없음,승용,남,35세,경상
2015022600100531,2015년 2월 26일 22시,목요일,대전광역시 중구 용두동,중상사고,0,1,0,0,차대차 - 측면직각충돌,신호위반,건조,맑음,교차로 - 교차로안,승용,남,38세,상해없음,자전거,여,64세,중상
2015022600100556,2015년 2월 26일 23시,목요일,대전광역시 유성구 봉명동,중상사고,0,1,0,0,차량단독 - 기타,안전운전불이행,건조,맑음,교차로 - 교차로부근,승합,남,33세,상해없음,,,,
2015022700100021,2015년 2월 27일 00시,금요일,대전광역시 서구 가장동,중상사고,0,1,1,0,차대차 - 측면직각충돌,신호위반,건조,맑음,교차로 - 교차로안,승용,여,52세,상해없음,승용,남,56세,중상
2015022700100033,2015년 2월 27일 01시,금요일,대전광역시 동구 비룡동,중상사고,0,1,0,0,차대차 - 추돌 - 주정차중,안전운전불이행,건조,맑음,단일로 - 기타,승용,남,45세,상해없음,화물,남,78세,중상
2015022700100045,2015년 2월 27일 02시,금요일,대전광역시 서구 월평동,경상사고,0,0,1,0,차대차 - 기타,신호위반,건조,맑음,교차로 - 교차로안,승용,남,34세,상해없음,승용,남,56세,상해없음
2015022700100056,2015년 2월 27일 03시,금요일,대전광역시 대덕구 대화동,경상사고,0,0,1,0,차대차 - 추돌 - 진행중,안전운전불이행,건조,맑음,단일로 - 기타,승용,남,30세,상해없음,승용,남,72세,경상
2015022700100064,2015년 2월 27일 04시,금요일,대전광역시 서구 가수원동,경상사고,0,0,1,0,차대차 - 추돌 - 주정차중,안전운전불이행,건조,맑음,단일로 - 기타,승용,남,24세,상해없음,승용,여,60세,경상
2015022700100145,2015년 2월 27일 09시,금요일,대전광역시 서구 둔산동,중상사고,0,1,0,0,차대사람 - 기타,보행자보호의무위반,건조,맑음,교차로 - 교차로안,화물,남,54세,상해없음,보행자,여,23세,중상
2015022700100260,2015년 2월 27일 13시,금요일,대전광역시 유성구 원신흥동,중상사고,0,1,0,0,차대사람 - 횡단중,안전운전불이행,건조,맑음,교차로 - 교차로부근,승용,여,40세,상해없음,보행자,여,24세,중상
2015022700100297,2015년 2월 27일 14시,금요일,대전광역시 동구 자양동,중상사고,0,2,2,0,차대차 - 측면직각충돌,신호위반,건조,맑음,교차로 - 교차로안,승용,여,48세,기타불명,승합,남,50세,경상
2015022700100298,2015년 2월 27일 14시,금요일,대전광역시 서구 괴정동,경상사고,0,0,1,0,차대사람 - 길가장자리구역통행중,안전운전불이행,건조,맑음,단일로 - 기타,승용,여,46세,상해없음,보행자,여,58세,경상
2015022700100360,2015년 2월 27일 16시,금요일,대전광역시 대덕구 석봉동,경상사고,0,0,2,0,차대차 - 측면직각충돌,안전운전불이행,건조,맑음,교차로 - 교차로안,승용,남,18세,상해없음,승용,남,65세,경상
2015022700100578,2015년 2월 27일 22시,금요일,대전광역시 유성구 원내동,경상사고,0,0,1,0,차대차 - 추돌 - 진행중,교차로운행방법위반,건조,맑음,교차로 - 교차로안,승용,여,27세,상해없음,승용,남,34세,경상
2015022700100579,2015년 2월 27일 22시,금요일,대전광역시 유성구 지족동,부상신고사고,0,0,0,1,차대차 - 추돌 - 진행중,교차로운행방법위반,건조,맑음,교차로 - 교차로부근,승합,남,65세,상해없음,이륜,남,22세,부상신고
2015022800100047,2015년 2월 28일 01시,토요일,대전광역시 대덕구 중리동,경상사고,0,0,1,0,차대사람 - 횡단중,안전운전불이행,건조,맑음,단일로 - 횡단보도상,기타불명,기타불명,기타불명,기타불명,보행자,여,19세,경상
2015022800100048,2015년 2월 28일 01시,토요일,대전광역시 서구 갈마동,경상사고,0,0,1,0,차대차 - 추돌 - 주정차중,안전운전불이행,건조,맑음,단일로 - 기타,승용,남,19세,상해없음,승용,남,41세,경상
2015022800100061,2015년 2월 28일 02시,토요일,대전광역시 서구 가수원동,경상사고,0,0,1,0,차량단독 - 도로외이탈 - 기타,안전운전불이행,건조,맑음,단일로 - 기타,화물,남,23세,상해없음,,,,
2015022800100075,2015년 2월 28일 03시,토요일,대전광역시 서구 괴정동,경상사고,0,0,1,0,차대차 - 측면직각충돌,안전운전불이행,건조,맑음,단일로 - 기타,승용,남,27세,상해없음,승용,남,56세,경상
2015022800100076,2015년 2월 28일 03시,토요일,대전광역시 서구 월평동,경상사고,0,0,1,0,차대차 - 추돌 - 진행중,중앙선침범,건조,맑음,단일로 - 기타,승용,남,53세,경상,승용,남,26세,상해없음
2015022800100097,2015년 2월 28일 05시,토요일,대전광역시 중구 선화동,경상사고,0,0,2,0,차대차 - 측면직각충돌,신호위반,건조,맑음,교차로 - 교차로안,승용,남,63세,상해없음,승용,남,59세,경상
2015022800100107,2015년 2월 28일 06시,토요일,대전광역시 서구 탄방동,중상사고,0,1,0,0,차대사람 - 횡단중,안전운전불이행,건조,맑음,교차로 - 교차로부근,승용,남,30세,상해없음,보행자,여,52세,중상
2015022800100161,2015년 2월 28일 09시,토요일,대전광역시 동구 용전동,경상사고,0,0,1,0,차대차 - 측면직각충돌,안전운전불이행,건조,맑음,교차로 - 교차로안,승용,남,27세,상해없음,원동기,남,45세,경상
2015022800100162,2015년 2월 28일 09시,토요일,대전광역시 유성구 봉명동,경상사고,0,0,2,0,차대차 - 측면직각충돌,교차로운행방법위반,건조,맑음,교차로 - 교차로안,승용,남,57세,상해없음,승용,남,27세,경상
2015022800100181,2015년 2월 28일 10시,토요일,대전광역시 유성구 관평동,중상사고,0,1,0,0,차대차 - 측면직각충돌,신호위반,건조,맑음,교차로 - 교차로안,승용,남,59세,상해없음,승용,남,35세,중상
2015022800100210,2015년 2월 28일 11시,토요일,대전광역시 서구 가장동,경상사고,0,0,1,0,차대차 - 추돌 - 진행중,안전운전불이행,건조,맑음,교차로 - 교차로부근,승용,남,30세,상해없음,이륜,남,72세,경상
2015022800100211,2015년 2월 28일 11시,토요일,대전광역시 서구 둔산동,경상사고,0,0,1,0,차량단독 - 기타,안전운전불이행,건조,맑음,단일로 - 기타,승합,남,52세,상해없음,,,,
2015022800100289,2015년 2월 28일 14시,토요일,대전광역시 서구 월평동,경상사고,0,0,1,0,차대차 - 측면직각충돌,안전운전불이행,건조,맑음,교차로 - 교차로안,승용,남,26세,상해없음,원동기,여,60세,경상
2015022800100369,2015년 2월 28일 17시,토요일,대전광역시 중구 산성동,중상사고,0,1,0,0,차대사람 - 차도통행중,안전운전불이행,건조,맑음,단일로 - 기타,승용,여,31세,상해없음,보행자,여,71세,중상
2015022800100370,2015년 2월 28일 17시,토요일,대전광역시 동구 내탑동,사망사고,1,1,0,0,차량단독 - 공작물충돌,안전운전불이행,건조,맑음,단일로 - 기타,승용,남,75세,사망,,,,
2015022800100371,2015년 2월 28일 17시,토요일,대전광역시 유성구 문지동,중상사고,0,1,0,0,차대차 - 측면직각충돌,신호위반,건조,맑음,교차로 - 교차로안,승용,여,46세,상해없음,원동기,남,33세,중상
2015022800100457,2015년 2월 28일 19시,토요일,대전광역시 유성구 봉명동,경상사고,0,0,1,0,차대사람 - 횡단중,보행자보호의무위반,건조,맑음,단일로 - 기타,승용,남,40세,상해없음,보행자,남,59세,경상
2015022800100518,2015년 2월 28일 21시,토요일,대전광역시 서구 용문동,경상사고,0,0,4,0,차대차 - 측면직각충돌,차로위반,건조,맑음,단일로 - 기타,승용,여,30세,상해없음,승용,남,41세,경상
2015030100100023,2015년 3월 1일 00시,일요일,대전광역시 동구 용전동,경상사고,0,0,1,0,차대차 - 추돌 - 진행중,안전운전불이행,습기,비,단일로 - 기타,승용,남,60세,상해없음,승용,남,54세,경상
2015030100100040,2015년 3월 1일 01시,일요일,대전광역시 서구 둔산동,경상사고,0,0,2,0,차대사람 - 횡단중,안전운전불이행,건조,맑음,단일로 - 기타,승용,여,23세,상해없음,보행자,남,24세,경상
2015030100100175,2015년 3월 1일 11시,일요일,대전광역시 서구 용문동,경상사고,0,0,1,0,차대사람 - 길가장자리구역통행중,안전운전불이행,건조,맑음,단일로 - 기타,승용,남,53세,상해없음,보행자,여,42세,경상
2015030100100188,2015년 3월 1일 12시,일요일,대전광역시 유성구 구암동,경상사고,0,0,4,0,차대차 - 측면직각충돌,교차로운행방법위반,건조,맑음,단일로 - 기타,승용,여,61세,기타불명,승용,남,49세,경상
2015030100100219,2015년 3월 1일 13시,일요일,대전광역시 중구 은행동,경상사고,0,0,1,0,차대사람 - 길가장자리구역통행중,안전운전불이행,건조,맑음,단일로 - 기타,승용,여,46세,상해없음,보행자,여,28세,경상
2015030100100242,2015년 3월 1일 14시,일요일,대전광역시 서구 도마동,중상사고,0,1,0,0,차대사람 - 횡단중,보행자보호의무위반,건조,맑음,단일로 - 횡단보도상,승용,여,57세,상해없음,보행자,여,68세,중상
2015030100100264,2015년 3월 1일 15시,일요일,대전광역시 중구 유천동,경상사고,0,0,1,0,차대차 - 측면직각충돌,교차로운행방법위반,건조,맑음,교차로 - 교차로안,승용,여,59세,상해없음,승용,여,54세,경상
2015030100100289,2015년 3월 1일 16시,일요일,대전광역시 중구 중촌동,중상사고,0,1,0,0,차대차 - 측면직각충돌,안전운전불이행,건조,맑음,단일로 - 기타,원동기,남,32세,중상,승용,남,32세,상해없음
2015030100100344,2015년 3월 1일 18시,일요일,대전광역시 서구 월평동,경상사고,0,0,1,0,차대사람 - 보도통행중,안전운전불이행,건조,맑음,단일로 - 기타,자전거,남,76세,상해없음,보행자,남,68세,경상
2015030100100374,2015년 3월 1일 19시,일요일,대전광역시 동구 판암동,사망사고,1,0,0,0,차대사람 - 횡단중,안전운전불이행,건조,맑음,교차로 - 교차로안,승용,남,62세,상해없음,보행자,여,87세,사망
2015030100100375,2015년 3월 1일 19시,일요일,대전광역시 동구 인동,중상사고,0,2,0,0,차대사람 - 기타,안전운전불이행,건조,맑음,단일로 - 기타,승용,남,30세,상해없음,보행자,남,47세,중상
2015030100100400,2015년 3월 1일 20시,일요일,대전광역시 서구 관저동,경상사고,0,0,2,0,차대차 - 정면충돌,직진우회전진행방해,건조,맑음,교차로 - 교차로안,승용,남,54세,경상,이륜,남,34세,경상
2015030100100442,2015년 3월 1일 23시,일요일,대전광역시 중구 대흥동,경상사고,0,0,1,0,차대차 - 측면직각충돌,교차로운행방법위반,건조,맑음,교차로 - 교차로안,승용,남,27세,상해없음,승용,남,47세,경상
2015030100100443,2015년 3월 1일 23시,일요일,대전광역시 유성구 전민동,경상사고,0,0,1,0,차대차 - 추돌 - 진행중,안전운전불이행,건조,맑음,기타 - 기타,승용,남,56세,상해없음,승용,여,57세,경상
2015030200100028,2015년 3월 2일 02시,월요일,대전광역시 서구 월평동,경상사고,0,0,2,0,차량단독 - 공작물충돌,신호위반,건조,맑음,교차로 - 교차로부근,승용,남,23세,상해없음,,,,
2015030200100033,2015년 3월 2일 03시,월요일,대전광역시 서구 괴정동,경상사고,0,0,1,0,차대차 - 측면직각충돌,신호위반,건조,맑음,교차로 - 교차로안,승용,남,46세,상해없음,승용,남,68세,경상
2015030200100077,2015년 3월 2일 07시,월요일,대전광역시 서구 월평동,중상사고,0,1,5,0,차대차 - 추돌 - 주정차중,안전운전불이행,건조,맑음,단일로 - 기타,승용,여,64세,상해없음,승용,남,55세,경상
2015030200100164,2015년 3월 2일 09시,월요일,대전광역시 유성구 갑동,경상사고,0,0,3,0,차대차 - 추돌 - 진행중,안전운전불이행,건조,맑음,단일로 - 기타,화물,남,34세,상해없음,화물,남,28세,경상
2015030200100229,2015년 3월 2일 11시,월요일,대전광역시 서구 둔산동,중상사고,0,1,0,0,차대차 - 측면직각충돌,안전운전불이행,건조,맑음,단일로 - 횡단보도상,원동기,남,38세,중상,승용,여,47세,상해없음
2015030200100262,2015년 3월 2일 12시,월요일,대전광역시 서구 갈마동,경상사고,0,0,1,0,차대사람 - 길가장자리구역통행중,안전운전불이행,건조,맑음,단일로 - 기타,화물,남,56세,상해없음,보행자,여,29세,경상
2015030200100301,2015년 3월 2일 13시,월요일,대전광역시 동구 성남동,경상사고,0,0,1,0,차대차 - 기타,안전거리미확보,건조,맑음,단일로 - 기타,승용,남,42세,상해없음,승용,여,45세,경상
2015030200100302,2015년 3월 2일 13시,월요일,대전광역시 서구 관저동,경상사고,0,0,1,0,차대차 - 측면직각충돌,안전거리미확보,건조,맑음,단일로 - 기타,승용,여,59세,상해없음,이륜,남,59세,경상
2015030200100341,2015년 3월 2일 14시,월요일,대전광역시 서구 갈마동,경상사고,0,0,3,0,차대차 - 기타,교차로운행방법위반,건조,맑음,교차로 - 교차로안,승용,남,57세,상해없음,승용,남,54세,경상
2015030200100405,2015년 3월 2일 16시,월요일,대전광역시 유성구 지족동,경상사고,0,0,1,0,차대사람 - 기타,안전운전불이행,건조,맑음,단일로 - 기타,승용,여,32세,상해없음,보행자,여,20세,경상
2015030200100432,2015년 3월 2일 17시,월요일,대전광역시 중구 은행동,경상사고,0,0,1,0,차대차 - 추돌 - 진행중,안전운전불이행,건조,맑음,교차로 - 교차로부근,승용,남,31세,상해없음,승용,남,35세,경상