사고번호,사고일시,요일,시군구,사고내용,사망자수,중상자수,경상자수,부상신고자수,사고유형,법규위반,노면상태,기상상태,도로형태,가해운전자 차종,가해운전자 성별,가해운전자 연령,가해운전자 상해정도,피해운전자 차종,피해운전자 성별,피해운전자 연령,피해운전자 상해정도
2015030200100458,2015년 3월 2일 18시,월요일,대전광역시 동구 효동,중상사고,0,1,0,0,차대차 - 측면직각충돌,교차로운행방법위반,건조,맑음,교차로 - 교차로안,승용,여,37세,상해없음,승용,여,26세,중상
2015030200100459,2015년 3월 2일 18시,월요일,대전광역시 서구 관저동,중상사고,0,1,0,0,차대사람 - 보도통행중,보행자보호의무위반,건조,맑음,단일로 - 횡단보도상,승용,남,49세,상해없음,보행자,여,30세,중상
2015030200100460,2015년 3월 2일 18시,월요일,대전광역시 유성구 원내동,경상사고,0,0,4,0,차대차 - 추돌 - 진행중,안전운전불이행,건조,기타,단일로 - 기타,승용,남,61세,상해없음,화물,남,32세,경상
2015030200100505,2015년 3월 2일 19시,월요일,대전광역시 서구 둔산동,경상사고,0,0,1,0,차대차 - 기타,안전거리미확보,건조,맑음,단일로 - 기타,승용,남,43세,상해없음,승용,여,28세,경상
2015030200100594,2015년 3월 2일 23시,월요일,대전광역시 동구 용운동,경상사고,0,0,2,0,차대차 - 측면직각충돌,안전운전불이행,건조,맑음,단일로 - 기타,승용,남,37세,상해없음,원동기,남,31세,경상
2015030300100022,2015년 3월 3일 01시,화요일,대전광역시 중구 문화동,경상사고,0,0,1,0,차대차 - 추돌 - 진행중,안전운전불이행,건조,맑음,교차로 - 교차로부근,승용,남,27세,상해없음,승용,남,58세,경상
2015030300100140,2015년 3월 3일 09시,화요일,대전광역시 대덕구 덕암동,경상사고,0,0,1,0,차대차 - 측면직각충돌,신호위반,건조,맑음,교차로 - 교차로안,승용,남,57세,상해없음,승용,여,47세,경상
2015030300100141,2015년 3월 3일 09시,화요일,대전광역시 유성구 교촌동,경상사고,0,0,6,0,차대차 - 측면직각충돌,신호위반,건조,맑음,교차로 - 교차로안,화물,남,44세,상해없음,승용,여,55세,경상
2015030300100187,2015년 3월 3일 11시,화요일,대전광역시 대덕구 와동,중상사고,0,1,0,0,차대사람 - 횡단중,안전운전불이행,건조,맑음,단일로 - 기타,승용,남,46세,상해없음,보행자,여,38세,중상
2015030300100265,2015년 3월 3일 14시,화요일,대전광역시 동구 가양동,부상신고사고,0,0,0,1,차대사람 - 길가장자리구역통행중,기타,건조,맑음,단일로 - 기타,승용,기타불명,30세,기타불명,보행자,남,13세,부상신고
2015030300100299,2015년 3월 3일 15시,화요일,대전광역시 서구 탄방동,경상사고,0,0,1,0,차대차 - 추돌 - 진행중,교차로운행방법위반,건조,맑음,교차로 - 교차로안,승용,여,48세,상해없음,화물,남,50세,경상
2015030300100413,2015년 3월 3일 18시,화요일,대전광역시 중구 유천동,중상사고,0,1,0,0,차량단독 - 기타,기타,건조,맑음,단일로 - 기타,승합,남,53세,상해없음,,,,
2015030300100465,2015년 3월 3일 19시,화요일,대전광역시 동구 용전동,경상사고,0,0,3,0,차대차 - 기타,안전운전불이행,건조,맑음,교차로 - 교차로부근,승용,남,22세,상해없음,승합,남,43세,상해없음
2015030300100466,2015년 3월 3일 19시,화요일,대전광역시 동구 가양동,중상사고,0,1,0,0,차대사람 - 횡단중,안전운전불이행,건조,맑음,단일로 - 기타,승용,남,61세,상해없음,보행자,남,44세,중상
2015030300100467,2015년 3월 3일 19시,화요일,대전광역시 동구 용전동,경상사고,0,0,1,0,차대사람 - 기타,신호위반,습기,비,단일로 - 기타,승용,여,32세,상해없음,보행자,여,51세,경상
2015030300100494,2015년 3월 3일 20시,화요일,대전광역시 서구 도마동,경상사고,0,0,1,0,차대사람 - 길가장자리구역통행중,안전운전불이행,건조,맑음,단일로 - 기타,승용,여,43세,상해없음,보행자,남,48세,경상
2015030300100495,2015년 3월 3일 20시,화요일,대전광역시 유성구 지족동,중상사고,0,1,0,0,차대차 - 측면직각충돌,신호위반,습기,비,교차로 - 교차로안,승용,남,35세,상해없음,원동기,여,25세,중상
2015030300100556,2015년 3월 3일 22시,화요일,대전광역시 서구 괴정동,경상사고,0,0,1,0,차대사람 - 길가장자리구역통행중,안전운전불이행,건조,맑음,교차로 - 교차로안,승용,남,59세,상해없음,보행자,여,24세,경상
2015030300100557,2015년 3월 3일 22시,화요일,대전광역시 서구 만년동,중상사고,0,1,0,0,차대사람 - 횡단중,신호위반,습기,맑음,단일로 - 기타,승용,여,46세,상해없음,보행자,남,56세,중상
2015030300100558,2015년 3월 3일 22시,화요일,대전광역시 유성구 봉명동,경상사고,0,0,1,0,차대차 - 추돌 - 진행중,안전운전불이행,건조,맑음,단일로 - 기타,승용,남,48세,상해없음,승용,여,42세,경상
2015030300100596,2015년 3월 3일 23시,화요일,대전광역시 유성구 도룡동,중상사고,0,1,0,0,차대차 - 측면직각충돌,안전운전불이행,건조,맑음,단일로 - 기타,승용,남,55세,상해없음,자전거,남,48세,중상
2015030400100014,2015년 3월 4일 00시,수요일,대전광역시 동구 대동,경상사고,0,0,1,0,차대차 - 기타,신호위반,건조,맑음,교차로 - 교차로안,승용,남,28세,상해없음,승용,남,66세,경상
2015030400100193,2015년 3월 4일 10시,수요일,대전광역시 유성구 궁동,경상사고,0,0,1,0,차대차 - 기타,안전운전불이행,건조,맑음,단일로 - 기타,승용,남,64세,상해없음,승용,남,34세,경상
2015030400100217,2015년 3월 4일 11시,수요일,대전광역시 유성구 원내동,경상사고,0,0,1,0,차대차 - 기타,안전운전불이행,건조,맑음,교차로 - 교차로부근,승용,여,46세,상해없음,이륜,남,22세,경상
2015030400100267,2015년 3월 4일 13시,수요일,대전광역시 중구 대사동,경상사고,0,0,1,0,차대사람 - 차도통행중,안전운전불이행,건조,맑음,단일로 - 기타,화물,남,58세,상해없음,보행자,여,77세,경상
2015030400100268,2015년 3월 4일 13시,수요일,대전광역시 서구 둔산동,경상사고,0,0,1,0,차대차 - 측면직각충돌,안전운전불이행,건조,맑음,교차로 - 교차로안,승용,여,34세,상해없음,이륜,남,39세,경상
2015030400100323,2015년 3월 4일 15시,수요일,대전광역시 중구 문화동,경상사고,0,0,5,0,차대차 - 측면직각충돌,안전운전불이행,건조,맑음,교차로 - 교차로안,승용,남,47세,상해없음,승합,남,39세,경상
2015030400100324,2015년 3월 4일 15시,수요일,대전광역시 서구 갈마동,경상사고,0,0,3,0,차대차 - 추돌 - 진행중,안전운전불이행,건조,맑음,단일로 - 기타,승용,여,31세,상해없음,승용,여,54세,경상
2015030400100361,2015년 3월 4일 16시,수요일,대전광역시 서구 월평동,경상사고,0,0,1,0,차대차 - 추돌 - 진행중,안전운전불이행,건조,맑음,교차로 - 교차로안,승용,여,50세,상해없음,원동기,남,40세,경상
2015030400100362,2015년 3월 4일 16시,수요일,대전광역시 유성구 지족동,경상사고,0,0,1,0,차대차 - 측면직각충돌,안전운전불이행,건조,맑음,교차로 - 교차로안,승용,기타불명,기타불명,기타불명,승용,여,34세,경상
2015030400100363,2015년 3월 4일 16시,수요일,대전광역시 유성구 용계동,경상사고,0,0,1,0,차대차 - 추돌 - 진행중,안전운전불이행,건조,맑음,단일로 - 기타,승용,남,29세,상해없음,승용,여,29세,경상
2015030400100396,2015년 3월 4일 17시,수요일,대전광역시 중구 태평동,경상사고,0,0,1,0,차대차 - 추돌 - 진행중,안전운전불이행,건조,맑음,교차로 - 교차로부근,승용,남,52세,상해없음,승용,남,54세,경상
2015030400100477,2015년 3월 4일 19시,수요일,대전광역시 동구 천동,중상사고,0,1,1,0,차대차 - 추돌 - 주정차중,안전운전불이행,건조,맑음,단일로 - 기타,승용,남,34세,상해없음,승용,남,45세,중상
2015030400100478,2015년 3월 4일 19시,수요일,대전광역시 유성구 장대동,경상사고,0,0,1,0,차대차 - 추돌 - 주정차중,안전운전불이행,건조,맑음,단일로 - 기타,승용,여,48세,상해없음,승용,남,38세,경상
2015030400100479,2015년 3월 4일 19시,수요일,대전광역시 서구 갈마동,경상사고,0,0,1,0,차대차 - 측면직각충돌,신호위반,건조,맑음,교차로 - 교차로안,승용,여,53세,상해없음,승용,남,62세,경상
2015030400100554,2015년 3월 4일 21시,수요일,대전광역시 서구 둔산동,경상사고,0,0,3,0,차대차 - 측면직각충돌,안전운전불이행,건조,맑음,교차로 - 교차로안,승용,여,41세,상해없음,승용,남,27세,경상
2015030400100583,2015년 3월 4일 22시,수요일,대전광역시 중구 옥계동,중상사고,0,1,1,0,차대차 - 측면직각충돌,중앙선침범,건조,맑음,교차로 - 교차로부근,승용,남,23세,상해없음,승용,여,45세,중상
2015030400100613,2015년 3월 4일 23시,수요일,대전광역시 동구 대동,중상사고,0,1,0,0,차량단독 - 기타,안전운전불이행,건조,맑음,단일로 - 기타,승용,남,51세,상해없음,,,,
2015030500100017,2015년 3월 5일 00시,목요일,대전광역시 유성구 송강동,중상사고,0,1,0,0,차대사람 - 횡단중,보행자보호의무위반,건조,맑음,교차로 - 교차로안,승용,남,29세,상해없음,보행자,남,30세,중상
2015030500100038,2015년 3월 5일 02시,목요일,대전광역시 대덕구 오정동,중상사고,0,1,0,0,차대차 - 측면직각충돌,신호위반,건조,맑음,교차로 - 교차로안,승용,남,51세,상해없음,승용,여,60세,중상
2015030500100071,2015년 3월 5일 06시,목요일,대전광역시 중구 대사동,경상사고,0,0,5,0,차대차 - 측면직각충돌,안전거리미확보,건조,맑음,단일로 - 기타,승용,여,51세,상해없음,승용,남,46세,상해없음
2015030500100094,2015년 3월 5일 07시,목요일,대전광역시 서구 갈마동,경상사고,0,0,2,0,차대차 - 측면직각충돌,안전거리미확보,건조,맑음,교차로 - 교차로부근,승용,남,33세,상해없음,승용,남,64세,경상
2015030500100139,2015년 3월 5일 08시,목요일,대전광역시 서구 가수원동,경상사고,0,0,1,0,차대차 - 측면직각충돌,안전운전불이행,건조,맑음,교차로 - 교차로안,승용,여,60세,상해없음,승용,남,54세,경상
2015030500100140,2015년 3월 5일 08시,목요일,대전광역시 유성구 용산동,경상사고,0,0,1,0,차대사람 - 횡단중,보행자보호의무위반,건조,맑음,교차로 - 교차로안,기타불명,기타불명,기타불명,기타불명,보행자,여,30세,경상
2015030500100211,2015년 3월 5일 11시,목요일,대전광역시 서구 월평동,경상사고,0,0,1,0,차량단독 - 기타,기타,건조,맑음,단일로 - 기타,승합,남,55세,상해없음,,,,
2015030500100242,2015년 3월 5일 12시,목요일,대전광역시 유성구 봉명동,경상사고,0,0,1,0,차대차 - 추돌 - 주정차중,안전운전불이행,건조,맑음,단일로 - 기타,승용,여,29세,상해없음,승용,남,55세,기타불명
2015030500100243,2015년 3월 5일 12시,목요일,대전광역시 유성구 장대동,경상사고,0,0,2,0,차대차 - 추돌 - 진행중,안전운전불이행,건조,맑음,단일로 - 기타,승용,남,49세,상해없음,승용,남,50세,경상
2015030500100271,2015년 3월 5일 13시,목요일,대전광역시 중구 은행동,경상사고,0,0,1,0,차대사람 - 기타,안전운전불이행,건조,맑음,단일로 - 기타,승용,남,31세,상해없음,보행자,남,45세,경상
2015030500100272,2015년 3월 5일 13시,목요일,대전광역시 유성구 노은동,경상사고,0,0,3,0,차대차 - 추돌 - 진행중,안전운전불이행,건조,맑음,교차로 - 교차로부근,승용,남,71세,상해없음,승용,남,48세,경상
2015030500100389,2015년 3월 5일 16시,목요일,대전광역시 대덕구 연축동,중상사고,0,1,0,0,차대사람 - 기타,안전운전불이행,건조,맑음,단일로 - 기타,승용,남,26세,상해없음,보행자,남,67세,중상
2015030500100416,2015년 3월 5일 17시,목요일,대전광역시 동구 가양동,경상사고,0,0,1,0,차대차 - 추돌 - 진행중,안전거리미확보,건조,맑음,교차로 - 교차로부근,승용,남,47세,상해없음,승용,여,53세,경상
2015030500100417,2015년 3월 5일 17시,목요일,대전광역시 서구 갈마동,경상사고,0,0,1,0,차대사람 - 길가장자리구역통행중,안전운전불이행,건조,맑음,단일로 - 기타,승용,남,31세,상해없음,보행자,여,56세,경상
2015030500100452,2015년 3월 5일 18시,목요일,대전광역시 유성구 관평동,경상사고,0,0,2,0,차대사람 - 횡단중,신호위반,건조,맑음,교차로 - 교차로안,승용,여,38세,상해없음,보행자,여,7세,경상
2015030500100502,2015년 3월 5일 19시,목요일,대전광역시 서구 둔산동,경상사고,0,0,1,0,차대사람 - 횡단중,안전운전불이행,건조,맑음,교차로 - 교차로부근,승용,남,50세,상해없음,보행자,여,35세,경상
2015030500100503,2015년 3월 5일 19시,목요일,대전광역시 서구 갈마동,경상사고,0,0,1,0,차대차 - 추돌 - 진행중,안전운전불이행,건조,맑음,교차로 - 교차로부근,승용,남,49세,기타불명,승용,여,62세,경상
2015030500100594,2015년 3월 5일 22시,목요일,대전광역시 중구 문화동,중상사고,0,1,0,0,차대차 - 정면충돌,신호위반,건조,맑음,교차로 - 교차로안,승용,남,28세,상해없음,승용,남,36세,중상
2015030500100595,2015년 3월 5일 22시,목요일,대전광역시 서구 둔산동,경상사고,0,0,2,0,차대차 - 추돌 - 주정차중,안전운전불이행,건조,맑음,교차로 - 교차로부근,승용,남,49세,기타불명,승용,남,57세,상해없음
2015030600100021,2015년 3월 6일 01시,금요일,대전광역시 서구 도마동,중상사고,0,1,0,0,차대차 - 측면직각충돌,중앙선침범,건조,맑음,교차로 - 교차로안,승용,남,32세,상해없음,승용,남,49세,중상
2015030600100171,2015년 3월 6일 09시,금요일,대전광역시 중구 태평동,경상사고,0,0,1,0,차대차 - 추돌 - 진행중,안전운전불이행,건조,맑음,단일로 - 기타,승용,남,60세,상해없음,승용,여,35세,경상
2015030600100172,2015년 3월 6일 09시,금요일,대전광역시 동구 가양동,경상사고,0,0,1,0,차량단독 - 기타,기타,건조,맑음,단일로 - 기타,승합,남,56세,상해없음,,,,
2015030600100199,2015년 3월 6일 10시,금요일,대전광역시 서구 관저동,경상사고,0,0,1,0,차대사람 - 횡단중,안전운전불이행,건조,맑음,단일로 - 기타,화물,남,48세,상해없음,보행자,여,72세,경상
2015030600100221,2015년 3월 6일 11시,금요일,대전광역시 동구 홍도동,경상사고,0,0,1,0,차대사람 - 기타,안전운전불이행,건조,맑음,단일로 - 기타,승용,남,61세,상해없음,보행자,남,66세,경상
2015030600100222,2015년 3월 6일 11시,금요일,대전광역시 서구 둔산동,경상사고,0,0,2,0,차대차 - 추돌 - 진행중,안전운전불이행,건조,맑음,교차로 - 교차로안,승용,남,50세,기타불명,승용,여,44세,경상
2015030600100236,2015년 3월 6일 12시,금요일,대전광역시 중구 태평동,경상사고,0,0,2,0,차대차 - 추돌 - 진행중,안전운전불이행,건조,맑음,교차로 - 교차로부근,승용,여,55세,상해없음,승용,남,54세,상해없음
2015030600100294,2015년 3월 6일 14시,금요일,대전광역시 중구 중촌동,중상사고,0,1,0,0,차대차 - 측면직각충돌,안전운전불이행,건조,맑음,교차로 - 교차로부근,승용,여,47세,상해없음,자전거,남,58세,중상
2015030600100340,2015년 3월 6일 15시,금요일,대전광역시 유성구 관평동,경상사고,0,0,1,0,차량단독 - 기타,기타,건조,맑음,단일로 - 기타,승합,남,52세,기타불명,,,,
2015030600100382,2015년 3월 6일 16시,금요일,대전광역시 서구 탄방동,경상사고,0,0,1,0,차대차 - 추돌 - 진행중,안전운전불이행,건조,맑음,단일로 - 기타,승용,여,28세,상해없음,승용,남,32세,경상
2015030600100499,2015년 3월 6일 19시,금요일,대전광역시 동구 홍도동,중상사고,0,1,0,0,차대사람 - 횡단중,보행자보호의무위반,건조,맑음,교차로 - 교차로부근,화물,남,52세,상해없음,보행자,여,52세,중상
2015030600100500,2015년 3월 6일 19시,금요일,대전광역시 동구 가양동,경상사고,0,0,1,0,차대차 - 추돌 - 진행중,안전운전불이행,건조,맑음,단일로 - 기타,승용,남,36세,상해없음,승합,남,55세,상해없음
2015030600100501,2015년 3월 6일 19시,금요일,대전광역시 대덕구 오정동,경상사고,0,0,1,0,차대차 - 측면직각충돌,안전운전불이행,건조,맑음,교차로 - 교차로부근,승용,남,57세,상해없음,승용,남,31세,경상
2015030600100502,2015년 3월 6일 19시,금요일,대전광역시 서구 월평동,경상사고,0,0,1,0,차대사람 - 보도통행중,안전운전불이행,건조,맑음,단일로 - 기타,승용,여,42세,상해없음,보행자,남,43세,경상
2015030600100533,2015년 3월 6일 20시,금요일,대전광역시 서구 도마동,중상사고,0,1,0,0,차대사람 - 차도통행중,안전운전불이행,건조,맑음,교차로 - 교차로안,승용,남,48세,상해없음,보행자,남,48세,중상
2015030600100534,2015년 3월 6일 20시,금요일,대전광역시 서구 월평동,부상신고사고,0,0,0,1,차대사람 - 횡단중,안전운전불이행,건조,맑음,교차로 - 교차로안,승용,남,29세,상해없음,보행자,남,52세,부상신고
2015030600100564,2015년 3월 6일 21시,금요일,대전광역시 서구 가장동,경상사고,0,0,1,0,차대차 - 측면직각충돌,안전운전불이행,건조,맑음,교차로 - 교차로안,승용,남,50세,상해없음,원동기,남,45세,경상
2015030600100565,2015년 3월 6일 21시,금요일,대전광역시 대덕구 오정동,중상사고,0,1,0,0,차대차 - 추돌 - 진행중,안전운전불이행,건조,맑음,교차로 - 교차로부근,승용,남,25세,상해없음,승용,남,53세,중상
2015030600100566,2015년 3월 6일 21시,금요일,대전광역시 서구 월평동,경상사고,0,0,5,0,차대차 - 측면직각충돌,안전운전불이행,건조,맑음,교차로 - 교차로안,승용,남,28세,경상,승용,남,58세,경상
2015030600100623,2015년 3월 6일 23시,금요일,대전광역시 유성구 신성동,중상사고,0,1,0,0,차대차 - 정면충돌,중앙선침범,건조,맑음,교차로 - 교차로부근,승용,남,36세,상해없음,승용,남,51세,중상
2015030700100029,2015년 3월 7일 00시,토요일,대전광역시 서구 관저동,경상사고,0,0,1,0,차대차 - 측면직각충돌,안전운전불이행,건조,맑음,단일로 - 기타,승용,남,67세,상해없음,원동기,남,47세,경상
2015030700100074,2015년 3월 7일 02시,토요일,대전광역시 서구 둔산동,경상사고,0,0,1,0,차대차 - 측면직각충돌,교차로운행방법위반,건조,맑음,교차로 - 교차로안,승용,남,58세,상해없음,승용,남,55세,경상
2015030700100167,2015년 3월 7일 08시,토요일,대전광역시 유성구 지족동,경상사고,0,0,3,0,차대차 - 측면직각충돌,안전운전불이행,건조,맑음,교차로 - 교차로부근,승용,남,32세,경상,건설기계,남,48세,경상
2015030700100216,2015년 3월 7일 10시,토요일,대전광역시 유성구 궁동,경상사고,0,0,3,0,차대차 - 추돌 - 주정차중,안전운전불이행,건조,맑음,교차로 - 교차로부근,승용,기타불명,기타불명,기타불명,승용,여,30세,경상
2015030700100247,2015년 3월 7일 11시,토요일,대전광역시 중구 대흥동,사망사고,1,0,0,0,차대차 - 측면직각충돌,중앙선침범,건조,맑음,교차로 - 교차로부근,승용,남,61세,상해없음,이륜,남,45세,사망
2015030700100248,2015년 3월 7일 11시,토요일,대전광역시 중구 석교동,중상사고,0,1,1,0,차대차 - 측면직각충돌,안전운전불이행,건조,맑음,단일로 - 기타,화물,남,65세,경상,승용,남,40세,중상
2015030700100249,2015년 3월 7일 11시,토요일,대전광역시 동구 성남동,경상사고,0,0,1,0,차대사람 - 횡단중,신호위반,건조,맑음,단일로 - 횡단보도상,승용,남,34세,상해없음,보행자,남,57세,경상
2015030700100278,2015년 3월 7일 12시,토요일,대전광역시 서구 월평동,중상사고,0,1,1,0,차대차 - 추돌 - 주정차중,안전운전불이행,건조,맑음,교차로 - 교차로부근,승용,남,26세,상해없음,승용,여,36세,중상
2015030700100334,2015년 3월 7일 14시,토요일,대전광역시 동구 용운동,경상사고,0,0,1,0,차대사람 - 차도통행중,안전운전불이행,건조,맑음,교차로 - 교차로부근,승용,기타불명,30세,기타불명,보행자,여,38세,경상
2015030700100382,2015년 3월 7일 16시,토요일,대전광역시 중구 태평동,중상사고,0,1,0,0,차대사람 - 횡단중,안전운전불이행,건조,맑음,교차로 - 교차로안,승합,남,53세,상해없음,보행자,남,72세,중상
2015030700100383,2015년 3월 7일 16시,토요일,대전광역시 유성구 지족동,경상사고,0,0,1,0,차대차 - 측면직각충돌,신호위반,건조,맑음,교차로 - 교차로안,승용,여,30세,상해없음,승용,남,54세,경상
2015030700100418,2015년 3월 7일 17시,토요일,대전광역시 동구 원동,경상사고,0,0,4,0,차대차 - 측면직각충돌,교차로운행방법위반,건조,맑음,교차로 - 교차로안,승용,남,66세,상해없음,승용,남,43세,경상
2015030700100455,2015년 3월 7일 18시,토요일,대전광역시 중구 태평동,경상사고,0,0,1,0,차대차 - 측면직각충돌,신호위반,건조,맑음,단일로 - 기타,승용,남,58세,상해없음,자전거,남,60세,경상
2015030700100497,2015년 3월 7일 19시,토요일,대전광역시 대덕구 신탄진동,경상사고,0,0,1,0,차대사람 - 보도통행중,보행자보호의무위반,건조,흐림,교차로 - 교차로안,승용,남,58세,상해없음,보행자,남,46세,경상
2015030700100522,2015년 3월 7일 20시,토요일,대전광역시 대덕구 오정동,중상사고,0,1,3,0,차대차 - 추돌 - 주정차중,안전운전불이행,건조,맑음,단일로 - 기타,승용,남,28세,상해없음,원동기,남,34세,경상
2015030700100523,2015년 3월 7일 20시,토요일,대전광역시 유성구 노은동,경상사고,0,0,1,0,차대사람 - 기타,안전운전불이행,건조,맑음,단일로 - 기타,승용,남,28세,기타불명,보행자,남,62세,경상
2015030800100044,2015년 3월 8일 01시,일요일,대전광역시 유성구 궁동,중상사고,0,1,0,0,차대차 - 측면직각충돌,안전운전불이행,건조,맑음,단일로 - 기타,승용,남,67세,상해없음,이륜,남,50세,중상
2015030800100057,2015년 3월 8일 02시,일요일,대전광역시 동구 가양동,경상사고,0,0,1,0,차대차 - 측면직각충돌,신호위반,건조,맑음,교차로 - 교차로안,승용,기타불명,30세,기타불명,승용,남,71세,경상
2015030800100104,2015년 3월 8일 07시,일요일,대전광역시 서구 용문동,경상사고,0,0,2,0,차대차 - 측면직각충돌,신호위반,건조,맑음,교차로 - 교차로안,화물,남,55세,상해없음,승용,남,43세,경상
2015030800100105,2015년 3월 8일 07시,일요일,대전광역시 서구 가수원동,경상사고,0,0,3,0,차대차 - 측면직각충돌,교차로운행방법위반,건조,맑음,교차로 - 교차로안,승용,남,36세,상해없음,승용,여,41세,경상
2015030800100117,2015년 3월 8일 08시,일요일,대전광역시 유성구 봉명동,중상사고,0,1,0,0,차대차 - 측면직각충돌,신호위반,건조,맑음,교차로 - 교차로안,승용,남,50세,상해없음,승용,남,59세,중상
2015030800100181,2015년 3월 8일 11시,일요일,대전광역시 중구 태평동,경상사고,0,0,2,0,차대차 - 추돌 - 진행중,안전거리미확보,건조,맑음,단일로 - 기타,승용,남,33세,상해없음,승용,남,73세,경상
2015030800100182,2015년 3월 8일 11시,일요일,대전광역시 유성구 갑동,경상사고,0,0,2,0,차대차 - 추돌 - 진행중,안전운전불이행,건조,맑음,단일로 - 기타,승용,남,21세,상해없음,승용,남,25세,경상
2015030800100195,2015년 3월 8일 12시,일요일,대전광역시 중구 태평동,중상사고,0,1,0,0,차대사람 - 차도통행중,안전운전불이행,건조,맑음,교차로 - 교차로안,승용,남,77세,상해없음,보행자,여,71세,중상
2015030800100196,2015년 3월 8일 12시,일요일,대전광역시 유성구 궁동,경상사고,0,0,1,0,차대차 - 기타,안전거리미확보,건조,맑음,기타 - 기타,승용,남,48세,경상,승용,남,47세,상해없음
2015030800100220,2015년 3월 8일 13시,일요일,대전광역시 중구 태평동,중상사고,0,1,0,0,차대차 - 측면직각충돌,안전운전불이행,건조,맑음,단일로 - 기타,승용,남,72세,상해없음,자전거,남,18세,중상
2015030800100221,2015년 3월 8일 13시,일요일,대전광역시 서구 괴정동,중상사고,0,1,0,0,차대사람 - 횡단중,보행자보호의무위반,건조,맑음,교차로 - 교차로부근,승용,남,37세,상해없음,보행자,여,69세,중상
2015030800100249,2015년 3월 8일 14시,일요일,대전광역시 중구 안영동,경상사고,0,0,1,0,차대차 - 추돌 - 주정차중,안전거리미확보,건조,맑음,단일로 - 기타,승용,남,54세,상해없음,승용,남,36세,경상
2015030800100271,2015년 3월 8일 15시,일요일,대전광역시 서구 용문동,중상사고,0,1,2,0,차대차 - 측면직각충돌,신호위반,건조,맑음,교차로 - 교차로안,승용,여,28세,중상,승용,남,63세,경상
2015030800100300,2015년 3월 8일 16시,일요일,대전광역시 서구 월평동,경상사고,0,0,1,0,차대사람 - 보도통행중,보행자보호의무위반,건조,맑음,단일로 - 기타,승용,남,64세,상해없음,보행자,남,8세,경상
2015030800100360,2015년 3월 8일 18시,일요일,대전광역시 동구 용운동,경상사고,0,0,1,0,차대차 - 측면직각충돌,신호위반,건조,맑음,교차로 - 교차로안,승용,남,66세,상해없음,원동기,남,41세,경상
2015030800100361,2015년 3월 8일 18시,일요일,대전광역시 대덕구 장동,경상사고,0,0,1,0,차대차 - 추돌 - 주정차중,안전운전불이행,건조,맑음,단일로 - 기타,승용,남,67세,상해없음,승용,남,45세,경상
2015030800100362,2015년 3월 8일 18시,일요일,대전광역시 서구 갈마동,경상사고,0,0,1,0,차량단독 - 기타,기타,건조,맑음,기타 - 기타,승합,남,45세,상해없음,,,,
2015030800100391,2015년 3월 8일 19시,일요일,대전광역시 서구 갈마동,경상사고,0,0,1,0,차대차 - 측면직각충돌,신호위반,건조,맑음,교차로 - 교차로안,승용,여,40세,상해없음,승용,남,45세,경상
2015030800100443,2015년 3월 8일 21시,일요일,대전광역시 동구 자양동,경상사고,0,0,1,0,차대차 - 측면직각충돌,안전거리미확보,건조,맑음,단일로 - 기타,승용,남,50세,상해없음,승용,남,54세,경상
2015030800100444,2015년 3월 8일 21시,일요일,대전광역시 유성구 도룡동,경상사고,0,0,1,0,차대차 - 측면직각충돌,안전운전불이행,건조,맑음,단일로 - 기타,승용,여,23세,상해없음,승용,남,22세,경상
2015030900100016,2015년 3월 9일 01시,월요일,대전광역시 동구 성남동,경상사고,0,0,3,0,차대차 - 추돌 - 주정차중,안전운전불이행,건조,맑음,단일로 - 기타,승용,남,34세,상해없음,승용,남,25세,경상
2015030900100062,2015년 3월 9일 07시,월요일,대전광역시 중구 태평동,중상사고,0,1,0,0,차대사람 - 횡단중,보행자보호의무위반,건조,맑음,교차로 - 교차로부근,승용,남,74세,상해없음,보행자,여,22세,중상
2015030900100063,2015년 3월 9일 07시,월요일,대전광역시 동구 중동,경상사고,0,0,2,0,차량단독 - 공작물충돌,안전운전불이행,건조,맑음,교차로 - 교차로안,승합,남,52세,상해없음,,,,
2015030900100137,2015년 3월 9일 09시,월요일,대전광역시 중구 용두동,사망사고,1,0,0,0,차대차 - 기타,안전운전불이행,건조,맑음,교차로 - 교차로안,화물,남,28세,상해없음,자전거,남,79세,사망
2015030900100138,2015년 3월 9일 09시,월요일,대전광역시 중구 안영동,중상사고,0,1,0,0,차대차 - 측면직각충돌,안전운전불이행,건조,맑음,단일로 - 기타,승용,남,63세,상해없음,특수,남,42세,중상
2015030900100139,2015년 3월 9일 09시,월요일,대전광역시 중구 선화동,경상사고,0,0,1,0,차대차 - 측면직각충돌,교차로운행방법위반,건조,맑음,교차로 - 교차로안,화물,남,65세,상해없음,승용,남,34세,경상
2015030900100188,2015년 3월 9일 11시,월요일,대전광역시 유성구 방동,경상사고,0,0,1,0,차대차 - 추돌 - 진행중,안전운전불이행,건조,맑음,교차로 - 교차로부근,승용,여,46세,상해없음,승용,남,46세,상해없음
2015030900100240,2015년 3월 9일 13시,월요일,대전광역시 서구 가장동,중상사고,0,1,0,0,차대차 - 측면직각충돌,신호위반,건조,맑음,교차로 - 교차로안,승용,남,52세,상해없음,화물,남,58세,중상
2015030900100310,2015년 3월 9일 15시,월요일,대전광역시 중구 유천동,경상사고,0,0,1,0,차량단독 - 공작물충돌,기타,건조,맑음,단일로 - 기타,승합,남,56세,상해없음,,,,