사고번호,사고일시,요일,시군구,사고내용,사망자수,중상자수,경상자수,부상신고자수,사고유형,법규위반,노면상태,기상상태,도로형태,가해운전자 차종,가해운전자 성별,가해운전자 연령,가해운전자 상해정도,피해운전자 차종,피해운전자 성별,피해운전자 연령,피해운전자 상해정도
2015030900100337,2015년 3월 9일 16시,월요일,대전광역시 유성구 봉명동,중상사고,0,1,0,0,차대차 - 측면직각충돌,신호위반,건조,맑음,교차로 - 교차로안,승용,남,65세,상해없음,화물,남,47세,중상
2015030900100421,2015년 3월 9일 19시,월요일,대전광역시 중구 문화동,경상사고,0,0,1,0,차량단독 - 기타,기타,건조,맑음,단일로 - 기타,승합,남,48세,상해없음,,,,
2015030900100453,2015년 3월 9일 20시,월요일,대전광역시 유성구 지족동,중상사고,0,2,1,0,차대차 - 기타,안전거리미확보,건조,맑음,기타 - 기타,승용,여,24세,중상,승용,여,46세,경상
2015030900100485,2015년 3월 9일 21시,월요일,대전광역시 유성구 장대동,경상사고,0,0,1,0,차대차 - 추돌 - 주정차중,안전운전불이행,건조,맑음,교차로 - 교차로부근,승용,남,59세,상해없음,승용,남,35세,경상
2015031000100016,2015년 3월 10일 00시,화요일,대전광역시 서구 둔산동,경상사고,0,0,7,0,차대차 - 추돌 - 주정차중,안전거리미확보,건조,맑음,단일로 - 기타,승용,남,26세,상해없음,승용,남,57세,경상
2015031000100123,2015년 3월 10일 08시,화요일,대전광역시 유성구 화암동,경상사고,0,0,1,1,차대차 - 추돌 - 진행중,안전거리미확보,건조,맑음,단일로 - 기타,승용,남,65세,상해없음,승합,남,39세,부상신고
2015031000100224,2015년 3월 10일 12시,화요일,대전광역시 동구 삼성동,중상사고,0,1,0,0,차량단독 - 기타,기타,건조,맑음,단일로 - 기타,승용,남,59세,상해없음,,,,
2015031000100247,2015년 3월 10일 13시,화요일,대전광역시 대덕구 법동,경상사고,0,0,1,0,차대차 - 기타,교차로운행방법위반,건조,맑음,단일로 - 기타,승용,남,58세,상해없음,승용,남,55세,상해없음
2015031000100278,2015년 3월 10일 14시,화요일,대전광역시 동구 중동,경상사고,0,0,1,0,차대차 - 측면직각충돌,안전거리미확보,건조,맑음,단일로 - 기타,승용,남,89세,상해없음,승용,여,44세,경상
2015031000100340,2015년 3월 10일 16시,화요일,대전광역시 중구 대사동,중상사고,0,1,0,0,차량단독 - 기타,안전운전불이행,건조,맑음,단일로 - 기타,승합,남,54세,상해없음,,,,
2015031000100372,2015년 3월 10일 17시,화요일,대전광역시 중구 오류동,경상사고,0,0,3,0,차대차 - 측면직각충돌,안전운전불이행,건조,맑음,교차로 - 교차로안,승용,남,25세,경상,승용,남,25세,경상
2015031000100446,2015년 3월 10일 19시,화요일,대전광역시 서구 월평동,중상사고,0,1,0,0,차대차 - 추돌 - 진행중,안전운전불이행,건조,맑음,교차로 - 교차로안,승용,남,51세,상해없음,원동기,남,15세,중상
2015031000100491,2015년 3월 10일 21시,화요일,대전광역시 중구 중촌동,경상사고,0,0,1,0,차대사람 - 횡단중,기타,건조,맑음,단일로 - 횡단보도상,승용,남,41세,상해없음,보행자,남,50세,경상
2015031000100492,2015년 3월 10일 21시,화요일,대전광역시 유성구 도룡동,중상사고,0,1,0,0,차대차 - 추돌 - 주정차중,안전운전불이행,건조,맑음,교차로 - 교차로부근,승용,남,50세,상해없음,승용,남,46세,중상
2015031100100042,2015년 3월 11일 03시,수요일,대전광역시 서구 월평동,경상사고,0,0,1,0,차대차 - 추돌 - 진행중,안전거리미확보,건조,맑음,단일로 - 기타,승용,남,23세,상해없음,승용,남,49세,경상
2015031100100132,2015년 3월 11일 08시,수요일,대전광역시 서구 월평동,경상사고,0,0,2,0,차대차 - 기타,교차로운행방법위반,건조,맑음,교차로 - 교차로안,승용,남,35세,상해없음,승용,남,30세,경상
2015031100100159,2015년 3월 11일 09시,수요일,대전광역시 동구 낭월동,경상사고,0,0,2,0,차대차 - 측면직각충돌,신호위반,건조,맑음,교차로 - 교차로안,승용,여,53세,경상,승용,남,34세,경상
2015031100100160,2015년 3월 11일 09시,수요일,대전광역시 동구 삼성동,중상사고,0,1,0,0,차대사람 - 기타,중앙선침범,건조,맑음,단일로 - 기타,화물,남,55세,상해없음,보행자,여,76세,중상
2015031100100199,2015년 3월 11일 11시,수요일,대전광역시 유성구 교촌동,경상사고,0,0,1,0,차대차 - 측면직각충돌,중앙선침범,건조,맑음,교차로 - 교차로안,이륜,남,59세,경상,승용,남,45세,기타불명
2015031100100216,2015년 3월 11일 12시,수요일,대전광역시 서구 탄방동,경상사고,0,0,3,0,차대차 - 측면직각충돌,중앙선침범,건조,맑음,교차로 - 교차로부근,승용,기타불명,기타불명,기타불명,승용,남,68세,경상
2015031100100217,2015년 3월 11일 12시,수요일,대전광역시 유성구 구암동,중상사고,0,5,2,0,차대차 - 기타,신호위반,건조,맑음,교차로 - 교차로안,화물,남,54세,경상,원동기,남,27세,중상
2015031100100274,2015년 3월 11일 14시,수요일,대전광역시 동구 가오동,경상사고,0,0,1,0,차대차 - 측면직각충돌,안전거리미확보,건조,맑음,교차로 - 교차로안,원동기,남,47세,경상,승용,남,39세,상해없음
2015031100100313,2015년 3월 11일 15시,수요일,대전광역시 서구 괴정동,경상사고,0,0,1,0,차대사람 - 길가장자리구역통행중,안전운전불이행,건조,맑음,교차로 - 교차로부근,승용,남,48세,상해없음,보행자,여,26세,경상
2015031100100314,2015년 3월 11일 15시,수요일,대전광역시 서구 도마동,경상사고,0,0,1,0,차대사람 - 길가장자리구역통행중,안전운전불이행,건조,맑음,단일로 - 기타,승용,남,29세,상해없음,보행자,여,19세,경상
2015031100100315,2015년 3월 11일 15시,수요일,대전광역시 서구 둔산동,중상사고,0,1,2,0,차대차 - 기타,안전거리미확보,건조,맑음,단일로 - 기타,승용,남,71세,상해없음,승합,남,54세,상해없음
2015031100100316,2015년 3월 11일 15시,수요일,대전광역시 유성구 장대동,경상사고,0,0,1,0,차대차 - 기타,안전운전불이행,건조,맑음,교차로 - 교차로부근,승용,남,57세,상해없음,자전거,남,13세,경상
2015031100100341,2015년 3월 11일 16시,수요일,대전광역시 유성구 노은동,경상사고,0,0,3,0,차대차 - 기타,신호위반,건조,맑음,교차로 - 교차로안,화물,남,69세,상해없음,승용,남,55세,경상
2015031100100410,2015년 3월 11일 18시,수요일,대전광역시 중구 대흥동,경상사고,0,0,3,0,차대차 - 측면직각충돌,안전거리미확보,건조,맑음,교차로 - 교차로부근,승용,남,29세,경상,승용,남,50세,경상
2015031100100476,2015년 3월 11일 20시,수요일,대전광역시 유성구 상대동,경상사고,0,0,4,0,차대차 - 추돌 - 주정차중,안전운전불이행,건조,맑음,교차로 - 교차로부근,화물,여,55세,상해없음,승용,여,33세,경상
2015031100100502,2015년 3월 11일 21시,수요일,대전광역시 대덕구 비래동,중상사고,0,1,0,0,차대차 - 기타,안전운전불이행,건조,맑음,단일로 - 기타,화물,남,37세,상해없음,화물,남,57세,상해없음
2015031100100520,2015년 3월 11일 21시,수요일,대전광역시 동구 가오동,경상사고,0,0,1,0,차대차 - 측면직각충돌,안전운전불이행,건조,맑음,교차로 - 교차로부근,화물,남,48세,상해없음,승합,남,59세,경상
2015031100100571,2015년 3월 11일 23시,수요일,대전광역시 유성구 도룡동,중상사고,0,2,0,0,차량단독 - 공작물충돌,안전운전불이행,건조,맑음,교차로 - 교차로부근,승용,남,25세,중상,,,,
2015031100100572,2015년 3월 11일 23시,수요일,대전광역시 유성구 궁동,경상사고,0,0,1,0,차대차 - 정면충돌,중앙선침범,건조,맑음,교차로 - 교차로부근,원동기,남,73세,상해없음,승용,남,31세,경상
2015031200100015,2015년 3월 12일 00시,목요일,대전광역시 서구 탄방동,경상사고,0,0,1,0,차대차 - 추돌 - 진행중,안전운전불이행,건조,맑음,교차로 - 교차로안,승용,남,44세,상해없음,원동기,남,28세,경상
2015031200100032,2015년 3월 12일 01시,목요일,대전광역시 동구 중동,중상사고,0,1,0,0,차대사람 - 횡단중,안전운전불이행,건조,맑음,미분류 - 미분류,승용,남,60세,상해없음,보행자,남,30세,중상
2015031200100067,2015년 3월 12일 05시,목요일,대전광역시 서구 가장동,경상사고,0,0,1,0,차대사람 - 차도통행중,안전운전불이행,건조,맑음,단일로 - 기타,승용,남,63세,상해없음,보행자,여,26세,경상
2015031200100161,2015년 3월 12일 08시,목요일,대전광역시 동구 자양동,경상사고,0,0,1,0,차대차 - 추돌 - 진행중,안전거리미확보,건조,맑음,단일로 - 기타,승합,남,45세,상해없음,승용,남,41세,경상
2015031200100192,2015년 3월 12일 09시,목요일,대전광역시 유성구 덕명동,중상사고,0,1,1,0,차대차 - 측면직각충돌,신호위반,건조,맑음,교차로 - 교차로안,승용,남,32세,상해없음,화물,남,56세,중상
2015031200100221,2015년 3월 12일 10시,목요일,대전광역시 서구 둔산동,경상사고,0,0,1,0,차대차 - 측면직각충돌,안전운전불이행,건조,맑음,단일로 - 기타,승용,남,70세,상해없음,승용,여,63세,경상
2015031200100222,2015년 3월 12일 10시,목요일,대전광역시 유성구 반석동,부상신고사고,0,0,0,1,차대사람 - 기타,안전운전불이행,건조,맑음,기타 - 기타,화물,남,50세,상해없음,보행자,남,76세,부상신고
2015031200100223,2015년 3월 12일 10시,목요일,대전광역시 유성구 신성동,경상사고,0,0,1,0,차대차 - 측면직각충돌,안전운전불이행,건조,맑음,교차로 - 교차로안,승용,남,61세,상해없음,승용,여,26세,경상
2015031200100275,2015년 3월 12일 12시,목요일,대전광역시 중구 선화동,경상사고,0,0,1,0,차대차 - 추돌 - 주정차중,안전운전불이행,건조,맑음,단일로 - 기타,승용,남,15세,기타불명,승용,여,42세,경상
2015031200100302,2015년 3월 12일 13시,목요일,대전광역시 유성구 장대동,경상사고,0,0,3,0,차대차 - 추돌 - 진행중,안전운전불이행,건조,맑음,기타 - 기타,승용,여,38세,상해없음,승용,여,38세,경상
2015031200100331,2015년 3월 12일 14시,목요일,대전광역시 서구 변동,중상사고,0,1,1,0,차대차 - 측면직각충돌,안전운전불이행,건조,맑음,교차로 - 교차로부근,화물,남,72세,상해없음,승용,여,59세,중상
2015031200100332,2015년 3월 12일 14시,목요일,대전광역시 서구 둔산동,경상사고,0,0,1,0,차대차 - 추돌 - 진행중,안전운전불이행,건조,맑음,교차로 - 교차로부근,원동기,남,24세,경상,승용,여,43세,상해없음
2015031200100473,2015년 3월 12일 18시,목요일,대전광역시 서구 도마동,중상사고,0,1,3,0,차대차 - 추돌 - 진행중,안전운전불이행,건조,맑음,단일로 - 기타,승용,여,26세,상해없음,승용,남,57세,중상
2015031200100524,2015년 3월 12일 19시,목요일,대전광역시 유성구 봉명동,경상사고,0,0,1,0,차대차 - 기타,안전거리미확보,건조,맑음,단일로 - 기타,승용,남,20세,상해없음,이륜,남,30세,경상
2015031200100525,2015년 3월 12일 19시,목요일,대전광역시 유성구 장대동,중상사고,0,1,0,0,차대차 - 기타,안전거리미확보,건조,맑음,단일로 - 기타,승용,여,29세,상해없음,원동기,남,41세,중상
2015031200100562,2015년 3월 12일 20시,목요일,대전광역시 대덕구 덕암동,사망사고,1,0,0,0,차대사람 - 횡단중,안전운전불이행,건조,맑음,단일로 - 기타,승용,남,57세,상해없음,보행자,여,73세,사망
2015031200100563,2015년 3월 12일 20시,목요일,대전광역시 대덕구 중리동,경상사고,0,0,1,0,차대차 - 측면직각충돌,안전운전불이행,건조,맑음,단일로 - 기타,승용,남,25세,상해없음,승용,여,59세,경상
2015031200100598,2015년 3월 12일 21시,목요일,대전광역시 서구 둔산동,경상사고,0,0,1,0,차대사람 - 기타,보행자보호의무위반,건조,맑음,단일로 - 횡단보도상,승용,여,30세,상해없음,보행자,남,47세,경상
2015031200100652,2015년 3월 12일 23시,목요일,대전광역시 동구 가오동,경상사고,0,0,1,0,차대사람 - 횡단중,안전운전불이행,건조,맑음,교차로 - 교차로안,승용,남,47세,상해없음,보행자,남,50세,경상
2015031300100018,2015년 3월 13일 00시,금요일,대전광역시 유성구 노은동,경상사고,0,0,1,0,차대차 - 기타,신호위반,건조,맑음,교차로 - 교차로안,승용,남,29세,상해없음,승용,남,32세,경상
2015031300100028,2015년 3월 13일 01시,금요일,대전광역시 중구 유천동,경상사고,0,0,2,0,차대차 - 추돌 - 주정차중,안전운전불이행,건조,맑음,단일로 - 기타,승용,남,44세,상해없음,승용,남,40세,경상
2015031300100071,2015년 3월 13일 05시,금요일,대전광역시 중구 오류동,중상사고,0,1,0,0,차대차 - 측면직각충돌,안전운전불이행,습기,비,단일로 - 횡단보도상,승용,남,63세,상해없음,자전거,남,62세,중상
2015031300100157,2015년 3월 13일 08시,금요일,대전광역시 대덕구 장동,중상사고,0,1,0,0,차대차 - 측면직각충돌,안전거리미확보,건조,맑음,교차로 - 교차로안,승용,남,30세,상해없음,이륜,남,72세,중상
2015031300100187,2015년 3월 13일 09시,금요일,대전광역시 중구 유천동,중상사고,0,1,0,0,차대사람 - 차도통행중,안전운전불이행,습기,비,단일로 - 기타,승합,남,40세,상해없음,보행자,여,89세,중상
2015031300100419,2015년 3월 13일 16시,금요일,대전광역시 유성구 탑립동,경상사고,0,0,1,0,차대차 - 정면충돌,중앙선침범,건조,맑음,교차로 - 교차로부근,승용,여,37세,상해없음,승용,여,38세,경상
2015031300100458,2015년 3월 13일 17시,금요일,대전광역시 동구 홍도동,경상사고,0,0,2,0,차대차 - 측면직각충돌,교차로운행방법위반,건조,맑음,교차로 - 교차로안,승용,남,16세,상해없음,승용,남,54세,경상
2015031300100491,2015년 3월 13일 18시,금요일,대전광역시 중구 석교동,경상사고,0,0,1,0,차대차 - 측면직각충돌,신호위반,건조,맑음,교차로 - 교차로부근,승용,여,31세,상해없음,승용,남,24세,경상
2015031300100492,2015년 3월 13일 18시,금요일,대전광역시 중구 선화동,경상사고,0,0,1,0,차대차 - 추돌 - 진행중,안전운전불이행,건조,맑음,단일로 - 기타,승용,남,38세,상해없음,승용,여,50세,경상
2015031300100544,2015년 3월 13일 19시,금요일,대전광역시 유성구 봉명동,중상사고,0,1,0,0,차대사람 - 횡단중,안전운전불이행,건조,맑음,기타 - 기타,승용,여,22세,상해없음,보행자,남,23세,중상
2015031300100545,2015년 3월 13일 19시,금요일,대전광역시 서구 둔산동,중상사고,0,1,0,0,차대차 - 기타,안전운전불이행,건조,맑음,교차로 - 교차로부근,승용,남,64세,상해없음,자전거,남,33세,중상
2015031300100546,2015년 3월 13일 19시,금요일,대전광역시 서구 갈마동,경상사고,0,0,1,0,차대사람 - 횡단중,보행자보호의무위반,습기,비,단일로 - 기타,승용,남,51세,기타불명,보행자,여,40세,경상
2015031300100587,2015년 3월 13일 20시,금요일,대전광역시 중구 옥계동,중상사고,0,1,0,0,차대사람 - 보도통행중,안전운전불이행,건조,맑음,단일로 - 기타,승용,남,41세,상해없음,보행자,남,6세,중상
2015031300100588,2015년 3월 13일 20시,금요일,대전광역시 유성구 노은동,경상사고,0,0,1,0,차대차 - 측면직각충돌,안전거리미확보,건조,맑음,단일로 - 기타,승용,여,28세,상해없음,승용,여,47세,경상
2015031300100664,2015년 3월 13일 22시,금요일,대전광역시 동구 가양동,경상사고,0,0,1,0,차대차 - 기타,안전운전불이행,건조,맑음,교차로 - 교차로부근,이륜,남,23세,상해없음,승용,남,29세,경상
2015031300100665,2015년 3월 13일 22시,금요일,대전광역시 유성구 구성동,경상사고,0,0,3,0,차대차 - 추돌 - 진행중,안전운전불이행,건조,맑음,교차로 - 교차로부근,승용,남,37세,상해없음,승용,남,29세,경상
2015031300100695,2015년 3월 13일 23시,금요일,대전광역시 서구 갈마동,경상사고,0,0,1,0,차대차 - 측면직각충돌,안전운전불이행,건조,맑음,단일로 - 기타,승용,남,49세,상해없음,승용,여,35세,경상
2015031300100696,2015년 3월 13일 23시,금요일,대전광역시 유성구 도룡동,경상사고,0,0,1,0,차대차 - 추돌 - 진행중,안전운전불이행,건조,맑음,교차로 - 교차로안,승용,남,41세,상해없음,승용,여,39세,경상
2015031400100052,2015년 3월 14일 01시,토요일,대전광역시 유성구 궁동,중상사고,0,2,2,0,차대차 - 측면직각충돌,안전운전불이행,건조,맑음,단일로 - 기타,승용,남,24세,상해없음,승용,남,53세,중상
2015031400100096,2015년 3월 14일 04시,토요일,대전광역시 서구 용문동,경상사고,0,0,2,0,차대차 - 측면직각충돌,신호위반,건조,맑음,교차로 - 교차로안,승용,남,55세,상해없음,화물,남,20세,경상
2015031400100097,2015년 3월 14일 04시,토요일,대전광역시 서구 둔산동,중상사고,0,1,1,0,차대차 - 측면직각충돌,안전운전불이행,건조,기타,교차로 - 교차로안,승용,남,60세,상해없음,승용,남,46세,경상
2015031400100129,2015년 3월 14일 06시,토요일,대전광역시 유성구 탑립동,중상사고,0,1,0,0,차대차 - 측면직각충돌,신호위반,건조,맑음,교차로 - 교차로안,승용,남,60세,상해없음,승용,남,25세,중상
2015031400100167,2015년 3월 14일 08시,토요일,대전광역시 중구 목동,중상사고,0,1,1,0,차대차 - 측면직각충돌,교차로운행방법위반,건조,맑음,교차로 - 교차로안,승용,남,51세,상해없음,승용,여,43세,경상
2015031400100168,2015년 3월 14일 08시,토요일,대전광역시 동구 인동,중상사고,0,1,0,0,차대차 - 기타,안전운전불이행,건조,맑음,단일로 - 기타,승용,여,44세,상해없음,자전거,남,17세,중상
2015031400100305,2015년 3월 14일 12시,토요일,대전광역시 동구 가양동,경상사고,0,0,1,0,차대차 - 추돌 - 진행중,안전운전불이행,건조,맑음,단일로 - 기타,승용,남,60세,상해없음,승용,여,31세,경상
2015031400100344,2015년 3월 14일 13시,토요일,대전광역시 중구 안영동,중상사고,0,4,0,0,차대차 - 추돌 - 진행중,안전운전불이행,건조,맑음,단일로 - 교량,화물,남,49세,상해없음,화물,남,58세,중상
2015031400100384,2015년 3월 14일 14시,토요일,대전광역시 유성구 장대동,중상사고,0,1,0,0,차대사람 - 기타,기타,건조,맑음,교차로 - 교차로부근,승용,남,75세,상해없음,보행자,여,80세,중상
2015031400100417,2015년 3월 14일 15시,토요일,대전광역시 유성구 봉명동,중상사고,0,1,0,0,차대차 - 측면직각충돌,안전운전불이행,건조,맑음,단일로 - 기타,승용,남,19세,상해없음,자전거,남,8세,중상
2015031400100465,2015년 3월 14일 16시,토요일,대전광역시 유성구 장대동,경상사고,0,0,1,0,차대차 - 측면직각충돌,교차로운행방법위반,건조,맑음,교차로 - 교차로안,승용,남,31세,상해없음,승용,남,24세,경상
2015031400100536,2015년 3월 14일 18시,토요일,대전광역시 서구 둔산동,중상사고,0,1,0,0,차대차 - 추돌 - 진행중,교차로운행방법위반,건조,맑음,교차로 - 교차로안,승용,남,21세,상해없음,승용,여,50세,중상
2015031400100573,2015년 3월 14일 19시,토요일,대전광역시 서구 괴정동,경상사고,0,0,1,0,차대차 - 측면직각충돌,안전운전불이행,건조,맑음,단일로 - 기타,승용,남,44세,상해없음,이륜,남,43세,경상
2015031400100661,2015년 3월 14일 22시,토요일,대전광역시 서구 내동,경상사고,0,0,3,0,차대차 - 측면직각충돌,안전운전불이행,건조,맑음,단일로 - 기타,승용,남,35세,상해없음,승용,남,51세,경상
2015031400100662,2015년 3월 14일 22시,토요일,대전광역시 서구 관저동,경상사고,0,0,1,0,차대차 - 정면충돌,신호위반,건조,맑음,교차로 - 교차로안,승용,남,37세,기타불명,승용,남,49세,경상
2015031500100199,2015년 3월 15일 11시,일요일,대전광역시 서구 가수원동,중상사고,0,1,0,0,차대차 - 측면직각충돌,안전거리미확보,건조,맑음,단일로 - 기타,화물,남,66세,상해없음,이륜,남,67세,중상
2015031500100200,2015년 3월 15일 11시,일요일,대전광역시 유성구 장대동,경상사고,0,0,1,0,차대사람 - 보도통행중,기타,건조,맑음,단일로 - 기타,승용,남,45세,상해없음,보행자,남,53세,경상
2015031500100325,2015년 3월 15일 15시,일요일,대전광역시 동구 용전동,경상사고,0,0,1,0,차대사람 - 기타,안전운전불이행,건조,맑음,단일로 - 기타,승용,남,55세,상해없음,보행자,남,46세,경상
2015031500100392,2015년 3월 15일 17시,일요일,대전광역시 동구 대동,경상사고,0,0,1,0,차대차 - 추돌 - 진행중,안전운전불이행,건조,맑음,교차로 - 교차로부근,승용,남,58세,상해없음,원동기,남,44세,경상
2015031500100428,2015년 3월 15일 18시,일요일,대전광역시 대덕구 송촌동,경상사고,0,0,1,0,차대사람 - 기타,안전운전불이행,건조,맑음,기타 - 기타,승용,남,35세,상해없음,보행자,남,31세,경상
2015031500100500,2015년 3월 15일 20시,일요일,대전광역시 중구 태평동,중상사고,0,1,0,0,차대차 - 기타,안전운전불이행,건조,맑음,단일로 - 기타,기타불명,기타불명,기타불명,기타불명,자전거,남,38세,중상
2015031500100501,2015년 3월 15일 20시,일요일,대전광역시 유성구 봉명동,중상사고,0,2,1,0,차대차 - 정면충돌,중앙선침범,건조,맑음,교차로 - 교차로부근,승용,남,23세,상해없음,이륜,남,60세,중상
2015031600100030,2015년 3월 16일 01시,월요일,대전광역시 대덕구 오정동,경상사고,0,0,1,0,차대사람 - 기타,안전운전불이행,건조,맑음,교차로 - 교차로안,승용,여,22세,상해없음,보행자,남,41세,경상
2015031600100112,2015년 3월 16일 08시,월요일,대전광역시 유성구 성북동,중상사고,0,1,1,0,차대차 - 측면직각충돌,신호위반,건조,맑음,교차로 - 교차로안,화물,남,53세,기타불명,화물,남,50세,중상
2015031600100139,2015년 3월 16일 09시,월요일,대전광역시 중구 선화동,경상사고,0,0,1,0,차대사람 - 보도통행중,안전운전불이행,건조,맑음,단일로 - 기타,승용,여,53세,상해없음,보행자,여,19세,경상
2015031600100140,2015년 3월 16일 09시,월요일,대전광역시 대덕구 와동,경상사고,0,0,2,0,차대차 - 기타,안전운전불이행,건조,맑음,단일로 - 기타,화물,남,52세,상해없음,이륜,남,19세,경상
2015031600100328,2015년 3월 16일 15시,월요일,대전광역시 중구 유천동,중상사고,0,1,0,0,차대차 - 측면직각충돌,교차로운행방법위반,건조,맑음,교차로 - 교차로안,승용,남,20세,상해없음,자전거,남,65세,중상
2015031600100329,2015년 3월 16일 15시,월요일,대전광역시 서구 탄방동,경상사고,0,0,1,0,차대사람 - 기타,안전운전불이행,건조,맑음,단일로 - 기타,승용,남,26세,상해없음,보행자,남,48세,경상
2015031600100362,2015년 3월 16일 16시,월요일,대전광역시 중구 문창동,경상사고,0,0,2,0,차대차 - 추돌 - 진행중,안전운전불이행,건조,맑음,단일로 - 기타,승용,남,62세,상해없음,승용,여,30세,경상
2015031600100408,2015년 3월 16일 17시,월요일,대전광역시 동구 중동,경상사고,0,0,2,0,차대차 - 측면직각충돌,직진우회전진행방해,건조,맑음,교차로 - 교차로부근,승용,여,55세,상해없음,승용,남,41세,경상
2015031600100409,2015년 3월 16일 17시,월요일,대전광역시 서구 도마동,중상사고,0,1,0,0,차대사람 - 보도통행중,기타,건조,맑음,단일로 - 기타,승용,여,39세,상해없음,보행자,여,40세,중상
2015031600100410,2015년 3월 16일 17시,월요일,대전광역시 유성구 상대동,경상사고,0,0,2,0,차대차 - 기타,신호위반,건조,맑음,교차로 - 교차로안,승용,남,79세,상해없음,승용,여,46세,경상
2015031600100411,2015년 3월 16일 17시,월요일,대전광역시 유성구 봉명동,중상사고,0,1,0,0,차대사람 - 기타,안전운전불이행,건조,맑음,단일로 - 기타,승용,남,39세,상해없음,보행자,여,3세,중상
2015031600100412,2015년 3월 16일 17시,월요일,대전광역시 유성구 노은동,경상사고,0,0,1,0,차대차 - 측면직각충돌,중앙선침범,건조,맑음,단일로 - 기타,승용,여,55세,상해없음,승용,여,50세,경상
2015031600100515,2015년 3월 16일 20시,월요일,대전광역시 동구 가오동,경상사고,0,0,1,0,차대사람 - 기타,안전운전불이행,건조,맑음,기타 - 기타,승용,남,42세,상해없음,보행자,여,41세,경상
2015031600100552,2015년 3월 16일 21시,월요일,대전광역시 동구 성남동,경상사고,0,0,1,0,차대사람 - 기타,안전운전불이행,건조,맑음,단일로 - 기타,승용,남,54세,상해없음,보행자,남,52세,경상
2015031600100553,2015년 3월 16일 21시,월요일,대전광역시 서구 내동,중상사고,0,1,0,0,차대사람 - 보도통행중,안전운전불이행,건조,맑음,단일로 - 기타,승용,여,37세,상해없음,보행자,여,46세,중상
2015031700100011,2015년 3월 17일 00시,화요일,대전광역시 유성구 궁동,경상사고,0,0,1,0,차대차 - 추돌 - 주정차중,안전운전불이행,건조,맑음,교차로 - 교차로부근,승용,남,29세,상해없음,승용,남,61세,경상
2015031700100021,2015년 3월 17일 01시,화요일,대전광역시 중구 태평동,경상사고,0,0,1,0,차대차 - 측면직각충돌,안전운전불이행,건조,맑음,교차로 - 교차로안,승용,남,61세,상해없음,이륜,여,53세,경상
2015031700100022,2015년 3월 17일 01시,화요일,대전광역시 서구 갈마동,경상사고,0,0,1,0,차대사람 - 차도통행중,안전운전불이행,건조,맑음,단일로 - 횡단보도부근,승용,여,39세,상해없음,보행자,여,54세,경상
2015031700100033,2015년 3월 17일 02시,화요일,대전광역시 서구 갈마동,경상사고,0,0,1,0,차대차 - 추돌 - 주정차중,안전운전불이행,건조,맑음,교차로 - 교차로부근,승용,남,30세,상해없음,승용,남,59세,경상
2015031700100034,2015년 3월 17일 02시,화요일,대전광역시 서구 갈마동,경상사고,0,0,1,0,차대차 - 측면직각충돌,안전운전불이행,건조,맑음,교차로 - 교차로안,승용,남,48세,상해없음,원동기,남,32세,경상
2015031700100077,2015년 3월 17일 06시,화요일,대전광역시 서구 둔산동,경상사고,0,0,2,0,차대차 - 측면직각충돌,신호위반,건조,맑음,교차로 - 교차로안,승용,남,49세,상해없음,승용,남,50세,경상
2015031700100104,2015년 3월 17일 07시,화요일,대전광역시 서구 월평동,중상사고,0,2,1,0,차대차 - 측면직각충돌,교차로운행방법위반,건조,맑음,교차로 - 교차로안,화물,남,55세,상해없음,승용,여,34세,중상
2015031700100145,2015년 3월 17일 08시,화요일,대전광역시 중구 석교동,경상사고,0,0,1,0,차대사람 - 차도통행중,안전운전불이행,건조,맑음,단일로 - 기타,화물,남,44세,상해없음,보행자,남,49세,경상
2015031700100146,2015년 3월 17일 08시,화요일,대전광역시 서구 가장동,중상사고,0,1,0,0,차대차 - 측면직각충돌,안전운전불이행,건조,맑음,단일로 - 기타,승용,여,21세,상해없음,자전거,남,71세,중상
2015031700100180,2015년 3월 17일 09시,화요일,대전광역시 동구 정동,중상사고,0,1,0,0,차대사람 - 보도통행중,기타,건조,맑음,단일로 - 기타,원동기,남,73세,상해없음,보행자,여,71세,중상
2015031700100233,2015년 3월 17일 11시,화요일,대전광역시 유성구 봉산동,경상사고,0,0,1,0,차대차 - 정면충돌,중앙선침범,건조,맑음,단일로 - 기타,화물,남,64세,상해없음,이륜,남,49세,경상
2015031700100290,2015년 3월 17일 13시,화요일,대전광역시 대덕구 법동,중상사고,0,1,0,0,차대차 - 추돌 - 진행중,안전운전불이행,건조,맑음,단일로 - 기타,기타불명,기타불명,기타불명,기타불명,자전거,남,62세,중상
2015031700100291,2015년 3월 17일 13시,화요일,대전광역시 유성구 용계동,경상사고,0,0,2,0,차대차 - 추돌 - 주정차중,안전운전불이행,건조,맑음,교차로 - 교차로부근,승용,여,54세,상해없음,승용,남,58세,경상
2015031700100324,2015년 3월 17일 14시,화요일,대전광역시 서구 정림동,중상사고,0,1,0,0,차대사람 - 길가장자리구역통행중,안전운전불이행,건조,맑음,단일로 - 기타,화물,여,39세,상해없음,보행자,여,90세 이상,중상