사고번호,사고일시,요일,시군구,사고내용,사망자수,중상자수,경상자수,부상신고자수,사고유형,법규위반,노면상태,기상상태,도로형태,가해운전자 차종,가해운전자 성별,가해운전자 연령,가해운전자 상해정도,피해운전자 차종,피해운전자 성별,피해운전자 연령,피해운전자 상해정도
2015032500100280,2015년 3월 25일 12시,수요일,대전광역시 동구 삼성동,경상사고,0,0,3,0,차대차 - 측면직각충돌,안전거리미확보,건조,맑음,단일로 - 기타,승용,여,33세,상해없음,승용,여,37세,경상
2015032500100314,2015년 3월 25일 13시,수요일,대전광역시 중구 대흥동,경상사고,0,0,1,0,차대사람 - 횡단중,안전운전불이행,건조,맑음,단일로 - 기타,이륜,남,36세,상해없음,보행자,여,56세,경상
2015032500100345,2015년 3월 25일 14시,수요일,대전광역시 동구 대동,경상사고,0,0,2,0,차대차 - 추돌 - 진행중,안전운전불이행,건조,맑음,단일로 - 기타,승용,남,58세,상해없음,승합,여,56세,경상
2015032500100346,2015년 3월 25일 14시,수요일,대전광역시 서구 관저동,경상사고,0,0,1,0,차대사람 - 횡단중,안전운전불이행,건조,맑음,단일로 - 기타,승합,남,43세,상해없음,보행자,남,6세,경상
2015032500100411,2015년 3월 25일 16시,수요일,대전광역시 유성구 봉명동,경상사고,0,0,1,0,차대차 - 추돌 - 진행중,안전운전불이행,건조,맑음,단일로 - 기타,승용,남,52세,상해없음,승합,남,46세,상해없음
2015032500100412,2015년 3월 25일 16시,수요일,대전광역시 유성구 복용동,경상사고,0,0,1,0,차대차 - 기타,안전운전불이행,건조,맑음,단일로 - 기타,화물,여,68세,상해없음,승용,남,37세,경상
2015032500100446,2015년 3월 25일 17시,수요일,대전광역시 동구 자양동,경상사고,0,0,1,0,차대차 - 추돌 - 진행중,안전운전불이행,건조,맑음,교차로 - 교차로안,승용,남,26세,상해없음,자전거,남,21세,경상
2015032500100543,2015년 3월 25일 19시,수요일,대전광역시 서구 괴정동,중상사고,0,1,5,0,차대차 - 추돌 - 진행중,안전운전불이행,건조,맑음,단일로 - 터널,승용,남,59세,경상,승용,여,47세,중상
2015032500100602,2015년 3월 25일 21시,수요일,대전광역시 중구 중촌동,경상사고,0,0,1,0,차대차 - 추돌 - 진행중,안전운전불이행,건조,맑음,교차로 - 교차로안,승용,남,55세,상해없음,승용,여,27세,경상
2015032500100603,2015년 3월 25일 21시,수요일,대전광역시 서구 도마동,경상사고,0,0,2,0,차대차 - 추돌 - 진행중,안전운전불이행,건조,맑음,단일로 - 기타,이륜,남,24세,상해없음,승용,남,59세,상해없음
2015032500100604,2015년 3월 25일 21시,수요일,대전광역시 서구 갈마동,경상사고,0,0,1,0,차대차 - 측면직각충돌,안전운전불이행,건조,맑음,단일로 - 기타,승용,여,23세,상해없음,이륜,기타불명,기타불명,기타불명
2015032500100660,2015년 3월 25일 23시,수요일,대전광역시 유성구 지족동,중상사고,0,1,1,0,차대차 - 추돌 - 주정차중,안전운전불이행,건조,맑음,교차로 - 교차로부근,승용,남,41세,상해없음,승용,남,62세,경상
2015032500100661,2015년 3월 25일 23시,수요일,대전광역시 유성구 송강동,경상사고,0,0,1,0,차대차 - 추돌 - 진행중,안전운전불이행,건조,맑음,교차로 - 교차로부근,승용,남,40세,상해없음,승용,여,50세,경상
2015032500100662,2015년 3월 25일 23시,수요일,대전광역시 유성구 반석동,경상사고,0,0,1,0,차대차 - 추돌 - 진행중,안전운전불이행,건조,맑음,교차로 - 교차로안,화물,남,66세,상해없음,승용,남,34세,경상
2015032600100018,2015년 3월 26일 00시,목요일,대전광역시 중구 태평동,중상사고,0,1,0,0,차대사람 - 기타,안전운전불이행,건조,맑음,단일로 - 기타,승용,남,51세,상해없음,보행자,남,42세,중상
2015032600100019,2015년 3월 26일 00시,목요일,대전광역시 동구 가양동,중상사고,0,1,0,0,차대차 - 측면직각충돌,안전운전불이행,건조,맑음,교차로 - 교차로부근,승용,남,66세,상해없음,이륜,남,25세,중상
2015032600100020,2015년 3월 26일 00시,목요일,대전광역시 서구 변동,경상사고,0,0,2,0,차대차 - 추돌 - 진행중,안전운전불이행,건조,맑음,교차로 - 교차로부근,승용,남,31세,상해없음,화물,남,23세,경상
2015032600100118,2015년 3월 26일 07시,목요일,대전광역시 중구 유천동,중상사고,0,1,0,0,차량단독 - 공작물충돌,안전운전불이행,건조,맑음,교차로 - 교차로안,승용,남,31세,상해없음,,,,
2015032600100165,2015년 3월 26일 08시,목요일,대전광역시 서구 괴정동,경상사고,0,0,1,0,차대차 - 측면직각충돌,안전운전불이행,건조,맑음,단일로 - 기타,승용,남,29세,상해없음,자전거,남,60세,경상
2015032600100166,2015년 3월 26일 08시,목요일,대전광역시 서구 월평동,중상사고,0,1,0,0,차대차 - 기타,안전운전불이행,건조,맑음,교차로 - 교차로안,승용,여,41세,상해없음,자전거,남,21세,중상
2015032600100167,2015년 3월 26일 08시,목요일,대전광역시 서구 둔산동,경상사고,0,0,1,0,차대차 - 측면직각충돌,안전운전불이행,건조,맑음,단일로 - 기타,승용,여,47세,상해없음,승합,남,48세,경상
2015032600100235,2015년 3월 26일 10시,목요일,대전광역시 대덕구 중리동,중상사고,0,1,1,0,차대차 - 기타,교차로운행방법위반,건조,맑음,교차로 - 교차로부근,승용,여,55세,상해없음,승용,여,43세,중상
2015032600100237,2015년 3월 26일 10시,목요일,대전광역시 서구 탄방동,경상사고,0,0,1,0,차대차 - 추돌 - 주정차중,안전운전불이행,건조,맑음,단일로 - 기타,승용,남,50세,상해없음,승용,여,55세,경상
2015032600100261,2015년 3월 26일 11시,목요일,대전광역시 동구 홍도동,경상사고,0,0,1,0,차량단독 - 공작물충돌,안전운전불이행,건조,맑음,단일로 - 기타,승용,남,45세,상해없음,,,,
2015032600100263,2015년 3월 26일 11시,목요일,대전광역시 서구 갈마동,경상사고,0,0,1,0,차량단독 - 기타,기타,건조,맑음,단일로 - 기타,승합,남,55세,기타불명,,,,
2015032600100291,2015년 3월 26일 12시,목요일,대전광역시 유성구 봉명동,경상사고,0,0,7,0,차대차 - 기타,안전거리미확보,건조,맑음,단일로 - 기타,승용,남,72세,상해없음,승합,남,48세,경상
2015032600100399,2015년 3월 26일 15시,목요일,대전광역시 서구 둔산동,경상사고,0,0,2,0,차대차 - 기타,안전거리미확보,건조,맑음,단일로 - 기타,승용,남,29세,경상,승용,남,33세,상해없음
2015032600100465,2015년 3월 26일 17시,목요일,대전광역시 중구 대흥동,경상사고,0,0,1,0,차대차 - 측면직각충돌,직진우회전진행방해,건조,맑음,교차로 - 교차로안,승용,여,52세,상해없음,승용,남,46세,경상
2015032600100466,2015년 3월 26일 17시,목요일,대전광역시 동구 용전동,경상사고,0,0,1,0,차대차 - 측면직각충돌,직진우회전진행방해,건조,맑음,교차로 - 교차로안,승용,남,39세,상해없음,승용,남,23세,경상
2015032600100502,2015년 3월 26일 18시,목요일,대전광역시 유성구 복용동,경상사고,0,0,1,0,차대차 - 추돌 - 진행중,안전거리미확보,건조,기타,교차로 - 교차로안,승용,남,41세,기타불명,승용,남,73세,상해없음
2015032600100554,2015년 3월 26일 19시,목요일,대전광역시 서구 도마동,경상사고,0,0,1,0,차대사람 - 차도통행중,안전운전불이행,건조,맑음,교차로 - 교차로부근,이륜,남,21세,상해없음,보행자,남,9세,경상
2015032600100595,2015년 3월 26일 20시,목요일,대전광역시 동구 용운동,경상사고,0,0,1,0,차대차 - 추돌 - 진행중,안전거리미확보,건조,맑음,단일로 - 기타,승용,남,60세,상해없음,승용,여,34세,경상
2015032600100596,2015년 3월 26일 20시,목요일,대전광역시 유성구 봉명동,경상사고,0,0,1,0,차대사람 - 횡단중,안전운전불이행,건조,맑음,교차로 - 교차로안,승용,남,58세,상해없음,보행자,남,65세,경상
2015032600100622,2015년 3월 26일 21시,목요일,대전광역시 서구 용문동,경상사고,0,0,1,0,차대차 - 추돌 - 진행중,안전운전불이행,건조,맑음,단일로 - 기타,승용,남,54세,상해없음,승용,여,42세,경상
2015032600100623,2015년 3월 26일 21시,목요일,대전광역시 서구 둔산동,중상사고,0,1,1,0,차대차 - 정면충돌,중앙선침범,건조,맑음,단일로 - 기타,승용,남,30세,상해없음,이륜,남,45세,중상
2015032600100654,2015년 3월 26일 22시,목요일,대전광역시 중구 오류동,경상사고,0,0,2,0,차대차 - 측면직각충돌,안전운전불이행,건조,맑음,교차로 - 교차로부근,승용,여,32세,상해없음,승용,여,52세,경상
2015032600100655,2015년 3월 26일 22시,목요일,대전광역시 서구 만년동,중상사고,0,2,0,0,차대차 - 측면직각충돌,안전운전불이행,건조,맑음,단일로 - 기타,자전거,남,13세,중상,자전거,남,28세,중상
2015032600100682,2015년 3월 26일 23시,목요일,대전광역시 동구 천동,경상사고,0,0,1,0,차대차 - 추돌 - 진행중,안전운전불이행,건조,맑음,단일로 - 기타,승용,남,22세,상해없음,승용,남,53세,경상
2015032600100683,2015년 3월 26일 23시,목요일,대전광역시 유성구 궁동,경상사고,0,0,1,0,차대차 - 추돌 - 진행중,안전운전불이행,건조,맑음,단일로 - 기타,승용,남,55세,상해없음,자전거,남,23세,경상
2015032700100032,2015년 3월 27일 01시,금요일,대전광역시 유성구 관평동,중상사고,0,1,2,0,차대차 - 측면직각충돌,신호위반,건조,맑음,교차로 - 교차로안,승용,여,42세,중상,승용,남,54세,경상
2015032700100068,2015년 3월 27일 06시,금요일,대전광역시 대덕구 중리동,중상사고,0,2,0,0,차대차 - 추돌 - 진행중,차로위반,건조,맑음,단일로 - 기타,화물,남,54세,상해없음,승용,남,53세,중상
2015032700100104,2015년 3월 27일 07시,금요일,대전광역시 서구 만년동,중상사고,0,1,1,0,차대차 - 측면직각충돌,안전운전불이행,건조,맑음,교차로 - 교차로안,승용,남,66세,상해없음,승용,여,57세,경상
2015032700100105,2015년 3월 27일 07시,금요일,대전광역시 서구 둔산동,경상사고,0,0,1,0,차대차 - 추돌 - 주정차중,안전운전불이행,건조,맑음,단일로 - 기타,승용,남,31세,상해없음,승합,남,67세,경상
2015032700100145,2015년 3월 27일 08시,금요일,대전광역시 중구 용두동,경상사고,0,0,1,0,차대사람 - 횡단중,신호위반,건조,맑음,교차로 - 교차로안,승용,여,35세,상해없음,보행자,여,30세,경상
2015032700100146,2015년 3월 27일 08시,금요일,대전광역시 서구 둔산동,경상사고,0,0,1,0,차대차 - 추돌 - 진행중,안전운전불이행,건조,맑음,교차로 - 교차로안,승용,남,32세,상해없음,승용,남,59세,경상
2015032700100169,2015년 3월 27일 09시,금요일,대전광역시 유성구 신성동,중상사고,0,1,0,0,차대차 - 측면직각충돌,안전운전불이행,건조,맑음,교차로 - 교차로안,승용,남,53세,상해없음,승용,여,33세,중상
2015032700100191,2015년 3월 27일 10시,금요일,대전광역시 서구 둔산동,경상사고,0,0,1,0,차대차 - 측면직각충돌,안전운전불이행,건조,맑음,교차로 - 교차로부근,승용,여,37세,상해없음,자전거,남,80세,경상
2015032700100192,2015년 3월 27일 10시,금요일,대전광역시 서구 둔산동,경상사고,0,0,1,0,차대차 - 추돌 - 진행중,안전운전불이행,건조,맑음,교차로 - 교차로부근,승용,남,78세,상해없음,승용,남,27세,경상
2015032700100266,2015년 3월 27일 13시,금요일,대전광역시 서구 둔산동,경상사고,0,0,1,0,차대차 - 추돌 - 주정차중,안전운전불이행,건조,맑음,기타 - 기타,승용,여,37세,상해없음,승용,여,46세,경상
2015032700100267,2015년 3월 27일 13시,금요일,대전광역시 서구 월평동,중상사고,0,1,1,0,차대차 - 기타,안전거리미확보,건조,맑음,기타 - 기타,이륜,남,23세,기타불명,승용,남,29세,경상
2015032700100308,2015년 3월 27일 14시,금요일,대전광역시 중구 산성동,중상사고,0,1,0,0,차대차 - 측면직각충돌,안전운전불이행,건조,맑음,단일로 - 기타,승용,남,49세,상해없음,자전거,남,13세,중상
2015032700100309,2015년 3월 27일 14시,금요일,대전광역시 서구 갈마동,경상사고,0,0,1,0,차대차 - 기타,안전운전불이행,건조,맑음,교차로 - 교차로안,승용,여,59세,상해없음,승합,남,42세,상해없음
2015032700100310,2015년 3월 27일 14시,금요일,대전광역시 유성구 어은동,경상사고,0,0,1,0,차대사람 - 횡단중,중앙선침범,건조,맑음,단일로 - 기타,승용,남,57세,상해없음,보행자,여,42세,경상
2015032700100338,2015년 3월 27일 15시,금요일,대전광역시 동구 용운동,경상사고,0,0,2,0,차대차 - 추돌 - 주정차중,안전운전불이행,건조,맑음,단일로 - 기타,승용,남,67세,상해없음,승용,남,43세,경상
2015032700100339,2015년 3월 27일 15시,금요일,대전광역시 서구 탄방동,중상사고,0,2,0,0,차대차 - 추돌 - 진행중,안전거리미확보,건조,맑음,기타 - 기타,특수,남,54세,상해없음,승용,여,45세,중상
2015032700100385,2015년 3월 27일 16시,금요일,대전광역시 중구 산성동,중상사고,0,1,0,0,차대차 - 측면직각충돌,교차로운행방법위반,건조,맑음,교차로 - 교차로안,원동기,남,45세,중상,승용,여,47세,상해없음
2015032700100386,2015년 3월 27일 16시,금요일,대전광역시 동구 용전동,부상신고사고,0,0,0,1,차대사람 - 길가장자리구역통행중,안전운전불이행,건조,맑음,단일로 - 기타,승용,기타불명,30세,기타불명,보행자,남,70세,부상신고
2015032700100474,2015년 3월 27일 18시,금요일,대전광역시 중구 문창동,중상사고,0,1,0,0,차대사람 - 기타,안전운전불이행,건조,맑음,단일로 - 교량,승용,남,54세,상해없음,보행자,여,66세,중상
2015032700100475,2015년 3월 27일 18시,금요일,대전광역시 대덕구 오정동,중상사고,0,1,0,0,차대차 - 기타,안전운전불이행,건조,맑음,교차로 - 교차로안,자전거,남,59세,중상,승용,남,52세,상해없음
2015032700100532,2015년 3월 27일 19시,금요일,대전광역시 서구 괴정동,중상사고,0,1,0,0,차대차 - 측면직각충돌,안전운전불이행,건조,맑음,단일로 - 횡단보도상,승용,남,46세,상해없음,자전거,남,14세,중상
2015032700100533,2015년 3월 27일 19시,금요일,대전광역시 서구 괴정동,경상사고,0,0,3,0,차대차 - 추돌 - 주정차중,안전운전불이행,건조,맑음,교차로 - 교차로부근,화물,남,68세,상해없음,승용,여,32세,경상
2015032700100601,2015년 3월 27일 21시,금요일,대전광역시 동구 가양동,중상사고,0,1,0,0,차대차 - 측면직각충돌,직진우회전진행방해,건조,맑음,교차로 - 교차로안,승용,여,57세,상해없음,이륜,남,40세,중상
2015032700100602,2015년 3월 27일 21시,금요일,대전광역시 동구 용전동,경상사고,0,0,1,0,차대차 - 측면직각충돌,안전운전불이행,건조,맑음,단일로 - 기타,승용,남,58세,상해없음,이륜,남,18세,경상
2015032700100638,2015년 3월 27일 22시,금요일,대전광역시 유성구 궁동,중상사고,0,1,0,0,차대사람 - 기타,안전운전불이행,건조,맑음,단일로 - 횡단보도상,원동기,남,49세,상해없음,보행자,남,24세,중상
2015032700100680,2015년 3월 27일 23시,금요일,대전광역시 서구 탄방동,중상사고,0,1,0,0,차대차 - 기타,교차로운행방법위반,건조,맑음,교차로 - 교차로안,승용,남,30세,상해없음,자전거,여,43세,중상
2015032800100024,2015년 3월 28일 00시,토요일,대전광역시 동구 용운동,경상사고,0,0,1,0,차대사람 - 길가장자리구역통행중,안전운전불이행,건조,맑음,단일로 - 기타,승용,남,24세,기타불명,보행자,남,18세,경상
2015032800100025,2015년 3월 28일 00시,토요일,대전광역시 서구 용문동,경상사고,0,0,3,0,차대차 - 추돌 - 주정차중,안전거리미확보,건조,맑음,교차로 - 교차로부근,승용,남,40세,상해없음,승용,여,48세,경상
2015032800100026,2015년 3월 28일 00시,토요일,대전광역시 서구 둔산동,경상사고,0,0,4,0,차대차 - 정면충돌,중앙선침범,건조,맑음,교차로 - 교차로부근,승용,남,35세,상해없음,승용,남,29세,경상
2015032800100077,2015년 3월 28일 03시,토요일,대전광역시 서구 둔산동,경상사고,0,0,2,0,차대차 - 기타,안전운전불이행,건조,맑음,단일로 - 기타,승용,남,26세,상해없음,승용,남,35세,경상
2015032800100108,2015년 3월 28일 05시,토요일,대전광역시 서구 월평동,중상사고,0,1,1,0,차대사람 - 횡단중,안전운전불이행,건조,맑음,단일로 - 기타,승용,남,21세,상해없음,보행자,남,34세,중상
2015032800100144,2015년 3월 28일 07시,토요일,대전광역시 서구 가수원동,중상사고,0,2,0,0,차대차 - 추돌 - 진행중,교차로운행방법위반,건조,맑음,교차로 - 교차로안,화물,남,67세,상해없음,화물,남,32세,중상
2015032800100163,2015년 3월 28일 08시,토요일,대전광역시 동구 중동,중상사고,0,1,0,0,차량단독 - 기타,기타,건조,맑음,단일로 - 기타,승합,남,44세,상해없음,,,,
2015032800100184,2015년 3월 28일 09시,토요일,대전광역시 서구 관저동,경상사고,0,0,1,0,차대차 - 추돌 - 진행중,안전운전불이행,건조,맑음,단일로 - 기타,승용,여,44세,상해없음,승용,여,60세,경상
2015032800100185,2015년 3월 28일 09시,토요일,대전광역시 서구 둔산동,경상사고,0,0,1,0,차대사람 - 횡단중,보행자보호의무위반,건조,맑음,교차로 - 교차로안,화물,남,40세,상해없음,보행자,남,53세,경상
2015032800100305,2015년 3월 28일 12시,토요일,대전광역시 동구 인동,중상사고,0,1,0,0,차대사람 - 차도통행중,중앙선침범,건조,맑음,단일로 - 기타,승용,여,55세,상해없음,보행자,여,64세,중상
2015032800100306,2015년 3월 28일 12시,토요일,대전광역시 대덕구 중리동,경상사고,0,0,1,0,차대차 - 측면직각충돌,안전운전불이행,건조,맑음,교차로 - 교차로안,이륜,남,21세,상해없음,승용,여,50세,경상
2015032800100307,2015년 3월 28일 12시,토요일,대전광역시 서구 둔산동,경상사고,0,0,4,0,차대차 - 측면직각충돌,신호위반,건조,맑음,교차로 - 교차로안,승용,남,60세,상해없음,승용,남,47세,경상
2015032800100422,2015년 3월 28일 15시,토요일,대전광역시 대덕구 오정동,중상사고,0,1,1,0,차대차 - 기타,안전운전불이행,건조,맑음,단일로 - 기타,승용,여,43세,상해없음,승용,남,33세,경상
2015032800100423,2015년 3월 28일 15시,토요일,대전광역시 서구 둔산동,경상사고,0,0,1,0,차대차 - 기타,안전운전불이행,건조,맑음,교차로 - 교차로안,승용,남,18세,상해없음,승용,남,33세,상해없음
2015032800100508,2015년 3월 28일 17시,토요일,대전광역시 동구 가양동,경상사고,0,0,1,0,차대사람 - 차도통행중,안전운전불이행,건조,맑음,단일로 - 기타,승용,남,67세,상해없음,보행자,남,30세,경상
2015032800100584,2015년 3월 28일 19시,토요일,대전광역시 동구 삼성동,중상사고,0,1,0,0,차대사람 - 횡단중,안전운전불이행,건조,맑음,교차로 - 교차로안,원동기,남,46세,상해없음,보행자,여,85세,중상
2015032800100585,2015년 3월 28일 19시,토요일,대전광역시 서구 월평동,경상사고,0,0,1,0,차대차 - 추돌 - 진행중,안전운전불이행,건조,맑음,교차로 - 교차로안,화물,남,59세,상해없음,승용,여,45세,경상
2015032900100019,2015년 3월 29일 00시,일요일,대전광역시 서구 월평동,경상사고,0,0,2,0,차대차 - 추돌 - 주정차중,안전운전불이행,건조,맑음,교차로 - 교차로부근,승용,남,32세,상해없음,승용,남,44세,경상
2015032900100060,2015년 3월 29일 02시,일요일,대전광역시 유성구 궁동,중상사고,0,2,0,0,차대차 - 추돌 - 주정차중,안전운전불이행,건조,흐림,교차로 - 교차로안,승용,남,24세,상해없음,특수,남,35세,중상
2015032900100104,2015년 3월 29일 07시,일요일,대전광역시 중구 오류동,중상사고,0,1,0,0,차대차 - 측면직각충돌,안전운전불이행,건조,맑음,교차로 - 교차로안,승용,남,44세,상해없음,자전거,남,87세,중상
2015032900100220,2015년 3월 29일 13시,일요일,대전광역시 대덕구 중리동,사망사고,1,0,3,0,차대차 - 측면직각충돌,과속,건조,맑음,단일로 - 기타,승용,남,55세,상해없음,이륜,남,73세,사망
2015032900100412,2015년 3월 29일 19시,일요일,대전광역시 서구 용문동,경상사고,0,0,2,0,차대차 - 추돌 - 진행중,안전운전불이행,건조,맑음,단일로 - 기타,승용,남,48세,상해없음,승용,남,24세,경상
2015032900100413,2015년 3월 29일 19시,일요일,대전광역시 유성구 봉명동,경상사고,0,0,1,0,차대차 - 추돌 - 진행중,안전운전불이행,건조,맑음,단일로 - 기타,승용,기타불명,기타불명,기타불명,승합,남,50세,경상
2015032900100447,2015년 3월 29일 20시,일요일,대전광역시 유성구 구성동,중상사고,0,1,2,0,차대차 - 추돌 - 주정차중,안전운전불이행,건조,맑음,단일로 - 기타,승용,남,52세,상해없음,승용,남,24세,경상
2015032900100462,2015년 3월 29일 21시,일요일,대전광역시 서구 둔산동,경상사고,0,0,1,0,차대사람 - 차도통행중,안전운전불이행,건조,맑음,단일로 - 기타,승용,남,31세,상해없음,보행자,남,31세,경상
2015033000100029,2015년 3월 30일 04시,월요일,대전광역시 서구 만년동,사망사고,1,0,0,0,차량단독 - 전도전복,안전운전불이행,건조,맑음,교차로 - 교차로부근,승용,남,26세,사망,,,,
2015033000100056,2015년 3월 30일 06시,월요일,대전광역시 동구 중동,경상사고,0,0,1,0,차대차 - 추돌 - 주정차중,안전운전불이행,건조,맑음,교차로 - 교차로부근,승합,남,67세,상해없음,화물,남,65세,경상
2015033000100082,2015년 3월 30일 07시,월요일,대전광역시 중구 부사동,경상사고,0,0,1,0,차대사람 - 차도통행중,안전운전불이행,건조,맑음,교차로 - 교차로안,승용,기타불명,기타불명,기타불명,보행자,남,15세,경상
2015033000100083,2015년 3월 30일 07시,월요일,대전광역시 대덕구 법동,경상사고,0,0,1,0,차대차 - 측면직각충돌,직진우회전진행방해,건조,맑음,교차로 - 교차로안,승용,남,55세,상해없음,승용,여,50세,경상
2015033000100120,2015년 3월 30일 08시,월요일,대전광역시 중구 용두동,경상사고,0,0,2,0,차대차 - 측면직각충돌,안전운전불이행,건조,맑음,교차로 - 교차로안,승용,남,72세,경상,승용,여,37세,경상
2015033000100184,2015년 3월 30일 10시,월요일,대전광역시 동구 대동,경상사고,0,0,1,0,차대차 - 측면직각충돌,직진우회전진행방해,건조,맑음,교차로 - 교차로안,승용,여,51세,상해없음,원동기,남,58세,경상
2015033000100185,2015년 3월 30일 10시,월요일,대전광역시 유성구 노은동,경상사고,0,0,1,0,차대차 - 측면직각충돌,안전운전불이행,건조,맑음,단일로 - 기타,승용,남,67세,상해없음,승용,여,44세,경상
2015033000100186,2015년 3월 30일 10시,월요일,대전광역시 서구 월평동,중상사고,0,1,0,0,차대차 - 측면직각충돌,안전운전불이행,건조,맑음,교차로 - 교차로안,승용,남,71세,상해없음,승용,남,26세,중상
2015033000100187,2015년 3월 30일 10시,월요일,대전광역시 서구 만년동,경상사고,0,0,2,0,차대차 - 추돌 - 진행중,안전거리미확보,건조,맑음,교차로 - 교차로부근,승용,여,48세,상해없음,화물,남,28세,경상
2015033000100213,2015년 3월 30일 11시,월요일,대전광역시 서구 둔산동,중상사고,0,1,0,0,차대차 - 측면직각충돌,안전운전불이행,건조,맑음,단일로 - 횡단보도상,승용,남,36세,상해없음,자전거,남,54세,중상
2015033000100283,2015년 3월 30일 13시,월요일,대전광역시 대덕구 송촌동,경상사고,0,0,1,0,차대사람 - 기타,안전운전불이행,건조,맑음,단일로 - 기타,승용,여,46세,상해없음,보행자,여,35세,경상
2015033000100366,2015년 3월 30일 15시,월요일,대전광역시 중구 산성동,경상사고,0,0,1,0,차량단독 - 기타,기타,건조,맑음,단일로 - 기타,승합,남,44세,상해없음,,,,
2015033000100367,2015년 3월 30일 15시,월요일,대전광역시 유성구 안산동,부상신고사고,0,0,0,1,차량단독 - 기타,안전운전불이행,건조,맑음,단일로 - 기타,이륜,남,67세,상해없음,,,,
2015033000100407,2015년 3월 30일 16시,월요일,대전광역시 서구 월평동,경상사고,0,0,1,0,차대차 - 추돌 - 진행중,안전운전불이행,건조,맑음,기타 - 기타,승용,남,55세,상해없음,승용,여,50세,경상
2015033000100448,2015년 3월 30일 17시,월요일,대전광역시 유성구 원신흥동,경상사고,0,0,1,0,차대차 - 추돌 - 주정차중,안전운전불이행,건조,맑음,교차로 - 교차로부근,승용,여,45세,상해없음,승용,여,42세,경상
2015033000100449,2015년 3월 30일 17시,월요일,대전광역시 유성구 신성동,경상사고,0,0,1,0,차대사람 - 차도통행중,안전운전불이행,건조,맑음,단일로 - 기타,기타불명,기타불명,기타불명,기타불명,보행자,남,10세,경상
2015033000100522,2015년 3월 30일 19시,월요일,대전광역시 동구 홍도동,경상사고,0,0,1,0,차대차 - 추돌 - 주정차중,안전운전불이행,건조,맑음,기타 - 기타,승용,남,46세,상해없음,승용,여,27세,경상
2015033000100523,2015년 3월 30일 19시,월요일,대전광역시 동구 성남동,중상사고,0,1,0,0,차대사람 - 횡단중,보행자보호의무위반,건조,맑음,교차로 - 교차로부근,승용,여,54세,상해없음,보행자,남,57세,중상
2015033000100524,2015년 3월 30일 19시,월요일,대전광역시 유성구 봉명동,경상사고,0,0,1,0,차대차 - 측면직각충돌,신호위반,건조,맑음,교차로 - 교차로안,화물,남,41세,상해없음,승용,남,62세,경상
2015033000100589,2015년 3월 30일 21시,월요일,대전광역시 중구 옥계동,중상사고,0,1,0,0,차대차 - 측면직각충돌,안전거리미확보,건조,맑음,단일로 - 기타,승용,여,42세,상해없음,승용,남,44세,중상
2015033000100590,2015년 3월 30일 21시,월요일,대전광역시 동구 대동,경상사고,0,0,2,0,차대차 - 기타,안전운전불이행,건조,맑음,교차로 - 교차로부근,승용,여,41세,상해없음,승용,여,23세,경상
2015033000100591,2015년 3월 30일 21시,월요일,대전광역시 서구 둔산동,중상사고,0,1,0,0,차대차 - 추돌 - 진행중,안전운전불이행,건조,흐림,교차로 - 교차로부근,승용,남,32세,상해없음,원동기,남,33세,중상
2015033000100619,2015년 3월 30일 23시,월요일,대전광역시 대덕구 읍내동,경상사고,0,0,2,0,차대차 - 측면직각충돌,안전운전불이행,건조,맑음,단일로 - 기타,승합,기타불명,기타불명,기타불명,승용,여,38세,경상
2015033100100041,2015년 3월 31일 02시,화요일,대전광역시 서구 괴정동,경상사고,0,0,2,0,차대차 - 추돌 - 주정차중,안전운전불이행,건조,맑음,단일로 - 기타,이륜,남,21세,상해없음,승용,남,44세,경상
2015033100100056,2015년 3월 31일 04시,화요일,대전광역시 동구 정동,경상사고,0,0,1,0,차대사람 - 횡단중,안전운전불이행,건조,맑음,단일로 - 횡단보도부근,승용,여,67세,상해없음,보행자,남,54세,경상
2015033100100149,2015년 3월 31일 09시,화요일,대전광역시 유성구 궁동,경상사고,0,0,1,0,차대차 - 측면직각충돌,안전운전불이행,습기,비,교차로 - 교차로부근,승용,남,51세,상해없음,승용,남,28세,경상
2015033100100218,2015년 3월 31일 12시,화요일,대전광역시 중구 선화동,중상사고,0,1,0,0,차대차 - 측면직각충돌,교차로운행방법위반,건조,맑음,교차로 - 교차로안,승용,남,19세,상해없음,승용,남,49세,중상
2015033100100261,2015년 3월 31일 13시,화요일,대전광역시 서구 괴정동,경상사고,0,0,5,0,차대차 - 정면충돌,신호위반,습기,비,교차로 - 교차로안,승용,여,43세,경상,승용,남,62세,경상
2015033100100301,2015년 3월 31일 14시,화요일,대전광역시 서구 갈마동,경상사고,0,0,1,0,차대차 - 측면직각충돌,안전거리미확보,습기,비,단일로 - 기타,화물,남,53세,상해없음,승용,여,33세,경상
2015033100100428,2015년 3월 31일 18시,화요일,대전광역시 중구 대흥동,중상사고,0,1,0,0,차대사람 - 기타,안전운전불이행,습기,비,기타 - 기타,승용,남,67세,상해없음,보행자,남,70세,중상