사고번호,사고일시,요일,시군구,사고내용,사망자수,중상자수,경상자수,부상신고자수,사고유형,법규위반,노면상태,기상상태,도로형태,가해운전자 차종,가해운전자 성별,가해운전자 연령,가해운전자 상해정도,피해운전자 차종,피해운전자 성별,피해운전자 연령,피해운전자 상해정도
2015040600100534,2015년 4월 6일 19시,월요일,대전광역시 중구 대사동,중상사고,0,1,0,0,차량단독 - 기타,기타,건조,맑음,단일로 - 기타,승합,남,48세,상해없음,,,,
2015040600100570,2015년 4월 6일 20시,월요일,대전광역시 서구 도마동,경상사고,0,0,1,0,차대사람 - 횡단중,안전운전불이행,건조,맑음,단일로 - 기타,이륜,남,42세,상해없음,보행자,남,12세,경상
2015040700100069,2015년 4월 7일 05시,화요일,대전광역시 동구 삼성동,경상사고,0,0,1,0,차대차 - 측면직각충돌,중앙선침범,건조,맑음,교차로 - 교차로부근,자전거,남,64세,상해없음,이륜,남,36세,경상
2015040700100100,2015년 4월 7일 07시,화요일,대전광역시 서구 둔산동,중상사고,0,1,0,0,차대차 - 기타,신호위반,건조,맑음,교차로 - 교차로안,승용,여,46세,상해없음,원동기,남,60세,중상
2015040700100147,2015년 4월 7일 08시,화요일,대전광역시 대덕구 오정동,경상사고,0,0,1,0,차대차 - 측면직각충돌,중앙선침범,건조,맑음,교차로 - 교차로부근,승합,남,59세,상해없음,승용,남,43세,경상
2015040700100148,2015년 4월 7일 08시,화요일,대전광역시 서구 도마동,경상사고,0,0,1,0,차대사람 - 길가장자리구역통행중,안전운전불이행,건조,맑음,단일로 - 기타,승용,기타불명,기타불명,기타불명,보행자,남,13세,경상
2015040700100407,2015년 4월 7일 17시,화요일,대전광역시 중구 대사동,경상사고,0,0,5,0,차대차 - 추돌 - 진행중,안전운전불이행,건조,맑음,단일로 - 기타,승용,기타불명,기타불명,기타불명,승용,여,49세,경상
2015040700100476,2015년 4월 7일 19시,화요일,대전광역시 서구 둔산동,경상사고,0,0,1,0,차대차 - 추돌 - 진행중,안전거리미확보,건조,맑음,단일로 - 교량,승용,남,67세,상해없음,승용,남,50세,경상
2015040700100511,2015년 4월 7일 20시,화요일,대전광역시 중구 용두동,중상사고,0,2,0,0,차대차 - 추돌 - 주정차중,안전운전불이행,건조,흐림,단일로 - 횡단보도부근,승용,남,45세,상해없음,승용,남,46세,중상
2015040700100512,2015년 4월 7일 20시,화요일,대전광역시 중구 문창동,경상사고,0,0,1,0,차대사람 - 횡단중,보행자보호의무위반,습기,비,교차로 - 교차로부근,승용,남,42세,상해없음,보행자,남,54세,경상
2015040700100544,2015년 4월 7일 21시,화요일,대전광역시 유성구 죽동,경상사고,0,0,1,0,차대차 - 기타,안전거리미확보,건조,맑음,단일로 - 기타,기타불명,기타불명,45세,기타불명,이륜,남,25세,경상
2015040700100589,2015년 4월 7일 23시,화요일,대전광역시 동구 가오동,경상사고,0,0,1,0,차대차 - 측면직각충돌,안전거리미확보,건조,맑음,단일로 - 기타,승용,남,51세,상해없음,원동기,남,17세,경상
2015040700100590,2015년 4월 7일 23시,화요일,대전광역시 유성구 하기동,중상사고,0,1,0,0,차대사람 - 길가장자리구역통행중,안전운전불이행,습기,흐림,단일로 - 기타,승용,남,33세,상해없음,보행자,남,52세,중상
2015040800100073,2015년 4월 8일 06시,수요일,대전광역시 서구 둔산동,중상사고,0,1,0,0,차대사람 - 횡단중,신호위반,건조,맑음,교차로 - 교차로안,화물,남,66세,기타불명,보행자,여,62세,중상
2015040800100091,2015년 4월 8일 07시,수요일,대전광역시 유성구 구암동,경상사고,0,0,1,0,차대차 - 측면직각충돌,안전운전불이행,건조,맑음,교차로 - 교차로부근,승용,남,59세,상해없음,승용,남,43세,경상
2015040800100135,2015년 4월 8일 08시,수요일,대전광역시 동구 대별동,중상사고,0,1,0,0,차대차 - 측면직각충돌,안전운전불이행,건조,맑음,단일로 - 기타,승용,남,27세,상해없음,승용,여,50세,중상
2015040800100185,2015년 4월 8일 10시,수요일,대전광역시 유성구 구성동,경상사고,0,0,1,0,차대차 - 측면직각충돌,교차로운행방법위반,건조,맑음,교차로 - 교차로안,승용,남,26세,경상,건설기계,남,39세,상해없음
2015040800100216,2015년 4월 8일 11시,수요일,대전광역시 중구 태평동,경상사고,0,0,1,0,차대차 - 측면직각충돌,신호위반,건조,맑음,교차로 - 교차로안,화물,남,46세,상해없음,승용,남,65세,경상
2015040800100217,2015년 4월 8일 11시,수요일,대전광역시 서구 갈마동,중상사고,0,1,0,0,차대차 - 추돌 - 주정차중,안전운전불이행,건조,맑음,교차로 - 교차로부근,건설기계,남,63세,상해없음,승용,남,62세,중상
2015040800100272,2015년 4월 8일 13시,수요일,대전광역시 중구 산성동,경상사고,0,0,1,0,차대차 - 추돌 - 진행중,안전운전불이행,건조,맑음,단일로 - 기타,자전거,남,64세,경상,승용,남,45세,상해없음
2015040800100273,2015년 4월 8일 13시,수요일,대전광역시 대덕구 송촌동,경상사고,0,0,1,0,차대차 - 측면직각충돌,교차로운행방법위반,건조,맑음,교차로 - 교차로안,승용,여,42세,상해없음,승용,여,49세,경상
2015040800100274,2015년 4월 8일 13시,수요일,대전광역시 대덕구 오정동,경상사고,0,0,1,0,차량단독 - 기타,기타,건조,맑음,교차로 - 교차로부근,승합,남,56세,상해없음,,,,
2015040800100343,2015년 4월 8일 15시,수요일,대전광역시 서구 갈마동,중상사고,0,1,0,0,차대차 - 추돌 - 주정차중,안전운전불이행,건조,맑음,교차로 - 교차로부근,승용,남,27세,상해없음,승용,여,37세,중상
2015040800100373,2015년 4월 8일 16시,수요일,대전광역시 동구 자양동,경상사고,0,0,1,0,차대사람 - 횡단중,안전운전불이행,건조,흐림,기타 - 기타,승용,남,59세,상해없음,보행자,여,42세,경상
2015040800100374,2015년 4월 8일 16시,수요일,대전광역시 서구 월평동,중상사고,0,1,0,0,차대사람 - 기타,안전운전불이행,건조,맑음,교차로 - 교차로안,승합,남,50세,상해없음,보행자,남,9세,중상
2015040800100401,2015년 4월 8일 17시,수요일,대전광역시 서구 도마동,경상사고,0,0,1,0,차대차 - 추돌 - 진행중,안전운전불이행,건조,맑음,단일로 - 기타,승용,남,52세,상해없음,자전거,남,73세,경상
2015040800100426,2015년 4월 8일 18시,수요일,대전광역시 서구 괴정동,경상사고,0,0,1,0,차대사람 - 보도통행중,안전운전불이행,건조,맑음,단일로 - 기타,승용,기타불명,기타불명,기타불명,보행자,여,11세,경상
2015040800100427,2015년 4월 8일 18시,수요일,대전광역시 유성구 원촌동,중상사고,0,1,0,0,차대차 - 추돌 - 진행중,안전운전불이행,건조,맑음,교차로 - 교차로안,건설기계,남,40세,상해없음,승용,남,30세,중상
2015040800100463,2015년 4월 8일 19시,수요일,대전광역시 유성구 교촌동,경상사고,0,0,2,0,차대차 - 추돌 - 주정차중,안전운전불이행,건조,맑음,단일로 - 기타,승용,남,42세,상해없음,승용,여,43세,경상
2015040800100464,2015년 4월 8일 19시,수요일,대전광역시 유성구 원내동,경상사고,0,0,1,0,차대사람 - 차도통행중,안전운전불이행,건조,맑음,교차로 - 교차로안,승용,남,38세,상해없음,보행자,남,56세,경상
2015040800100496,2015년 4월 8일 20시,수요일,대전광역시 대덕구 미호동,경상사고,0,0,1,0,차대차 - 추돌 - 진행중,안전운전불이행,건조,맑음,단일로 - 기타,승용,남,72세,상해없음,자전거,남,56세,경상
2015040900100017,2015년 4월 9일 00시,목요일,대전광역시 서구 갈마동,경상사고,0,0,1,0,차대차 - 추돌 - 진행중,안전운전불이행,건조,맑음,교차로 - 교차로안,승용,남,28세,상해없음,승용,남,47세,경상
2015040900100044,2015년 4월 9일 03시,목요일,대전광역시 서구 둔산동,중상사고,0,1,0,0,차대차 - 측면직각충돌,신호위반,건조,맑음,교차로 - 교차로안,승용,남,28세,상해없음,승용,여,30세,중상
2015040900100154,2015년 4월 9일 08시,목요일,대전광역시 유성구 관평동,경상사고,0,0,1,0,차대차 - 측면직각충돌,교차로운행방법위반,건조,맑음,교차로 - 교차로안,승용,여,38세,상해없음,승용,남,29세,경상
2015040900100174,2015년 4월 9일 09시,목요일,대전광역시 동구 용전동,중상사고,0,1,0,0,차대사람 - 횡단중,중앙선침범,건조,맑음,단일로 - 기타,승용,남,66세,상해없음,보행자,여,33세,중상
2015040900100200,2015년 4월 9일 10시,목요일,대전광역시 서구 월평동,경상사고,0,0,2,0,차대차 - 측면직각충돌,신호위반,건조,맑음,교차로 - 교차로안,승용,남,52세,상해없음,승용,여,53세,경상
2015040900100201,2015년 4월 9일 10시,목요일,대전광역시 서구 탄방동,경상사고,0,0,1,0,차대차 - 측면직각충돌,안전거리미확보,건조,맑음,교차로 - 교차로부근,승용,여,41세,상해없음,승용,여,54세,경상
2015040900100381,2015년 4월 9일 16시,목요일,대전광역시 서구 괴정동,중상사고,0,1,0,0,차대차 - 측면직각충돌,신호위반,건조,맑음,교차로 - 교차로안,승용,남,43세,상해없음,이륜,남,54세,중상
2015040900100404,2015년 4월 9일 17시,목요일,대전광역시 서구 만년동,중상사고,0,1,0,0,차대사람 - 기타,안전운전불이행,건조,맑음,단일로 - 기타,승용,여,46세,상해없음,보행자,여,65세,중상
2015040900100405,2015년 4월 9일 17시,목요일,대전광역시 서구 갈마동,경상사고,0,0,1,0,차대차 - 추돌 - 진행중,안전거리미확보,건조,맑음,교차로 - 교차로안,승합,남,43세,상해없음,승용,여,26세,경상
2015040900100438,2015년 4월 9일 18시,목요일,대전광역시 서구 괴정동,경상사고,0,0,1,0,차대차 - 측면직각충돌,안전운전불이행,건조,맑음,교차로 - 교차로안,승용,남,33세,상해없음,자전거,여,39세,경상
2015040900100532,2015년 4월 9일 21시,목요일,대전광역시 동구 가양동,중상사고,0,1,2,0,차대차 - 추돌 - 진행중,안전운전불이행,건조,흐림,교차로 - 교차로부근,승용,여,33세,상해없음,승용,여,50세,중상
2015040900100533,2015년 4월 9일 21시,목요일,대전광역시 서구 둔산동,중상사고,0,1,0,0,차대차 - 기타,안전운전불이행,건조,맑음,교차로 - 교차로안,승용,남,55세,상해없음,자전거,남,14세,중상
2015040900100552,2015년 4월 9일 22시,목요일,대전광역시 동구 자양동,경상사고,0,0,1,0,차대차 - 기타,안전운전불이행,건조,흐림,교차로 - 교차로안,승용,남,19세,상해없음,이륜,남,21세,경상
2015041000100195,2015년 4월 10일 10시,금요일,대전광역시 동구 가오동,경상사고,0,0,2,0,차대차 - 측면직각충돌,안전운전불이행,건조,맑음,단일로 - 기타,승용,여,51세,상해없음,승합,남,24세,경상
2015041000100200,2015년 4월 10일 10시,금요일,대전광역시 서구 둔산동,경상사고,0,0,2,0,차대차 - 기타,신호위반,건조,맑음,교차로 - 교차로안,승용,남,46세,경상,승용,남,65세,경상
2015041000100253,2015년 4월 10일 12시,금요일,대전광역시 중구 대사동,중상사고,0,1,0,0,차대사람 - 기타,안전운전불이행,건조,맑음,단일로 - 기타,승용,여,58세,상해없음,보행자,여,71세,중상
2015041000100254,2015년 4월 10일 12시,금요일,대전광역시 유성구 장대동,중상사고,0,1,0,0,차대차 - 측면직각충돌,안전운전불이행,건조,맑음,교차로 - 교차로부근,승용,여,45세,상해없음,이륜,남,70세,중상
2015041000100321,2015년 4월 10일 14시,금요일,대전광역시 서구 둔산동,중상사고,0,1,0,0,차대사람 - 기타,기타,건조,맑음,단일로 - 횡단보도부근,승용,여,42세,상해없음,보행자,여,64세,중상
2015041000100406,2015년 4월 10일 16시,금요일,대전광역시 서구 용문동,경상사고,0,0,1,0,차대차 - 측면직각충돌,안전운전불이행,건조,맑음,교차로 - 교차로안,승용,남,48세,상해없음,승용,남,34세,경상
2015041000100407,2015년 4월 10일 16시,금요일,대전광역시 서구 둔산동,중상사고,0,1,0,0,차대차 - 추돌 - 진행중,교차로운행방법위반,건조,맑음,교차로 - 교차로안,승용,남,71세,상해없음,승용,여,38세,중상
2015041000100444,2015년 4월 10일 17시,금요일,대전광역시 유성구 반석동,경상사고,0,0,1,0,차대차 - 추돌 - 진행중,안전거리미확보,건조,맑음,단일로 - 기타,승용,남,79세,상해없음,승용,남,22세,경상
2015041000100445,2015년 4월 10일 17시,금요일,대전광역시 유성구 궁동,경상사고,0,0,1,0,차대사람 - 횡단중,신호위반,건조,맑음,단일로 - 횡단보도상,이륜,남,30세,상해없음,보행자,여,23세,경상
2015041000100488,2015년 4월 10일 18시,금요일,대전광역시 중구 문화동,중상사고,0,1,0,0,차대차 - 추돌 - 진행중,차로위반,건조,맑음,단일로 - 기타,원동기,남,19세,중상,기타불명,기타불명,기타불명,기타불명
2015041000100489,2015년 4월 10일 18시,금요일,대전광역시 대덕구 신탄진동,경상사고,0,0,3,0,차대차 - 기타,안전거리미확보,건조,흐림,교차로 - 교차로부근,승합,남,42세,상해없음,승용,남,41세,경상
2015041000100490,2015년 4월 10일 18시,금요일,대전광역시 유성구 노은동,경상사고,0,0,2,0,차대차 - 추돌 - 진행중,안전거리미확보,건조,맑음,미분류 - 미분류,화물,남,44세,상해없음,승용,남,45세,경상
2015041000100537,2015년 4월 10일 19시,금요일,대전광역시 동구 정동,중상사고,0,1,0,0,차대사람 - 기타,안전운전불이행,건조,맑음,단일로 - 기타,화물,남,65세,상해없음,보행자,남,42세,중상
2015041000100583,2015년 4월 10일 20시,금요일,대전광역시 동구 소제동,경상사고,0,0,1,0,차대차 - 추돌 - 진행중,안전운전불이행,건조,맑음,단일로 - 기타,승용,남,44세,상해없음,승용,남,65세,경상
2015041000100626,2015년 4월 10일 21시,금요일,대전광역시 중구 석교동,경상사고,0,0,3,0,차대차 - 측면직각충돌,교차로운행방법위반,건조,맑음,교차로 - 교차로안,승용,남,28세,상해없음,승용,여,34세,경상
2015041000100627,2015년 4월 10일 21시,금요일,대전광역시 서구 괴정동,경상사고,0,0,3,0,차대차 - 추돌 - 진행중,안전운전불이행,건조,맑음,교차로 - 교차로부근,원동기,여,20세,상해없음,승용,여,46세,경상
2015041000100628,2015년 4월 10일 21시,금요일,대전광역시 유성구 궁동,중상사고,0,1,0,0,차대차 - 측면직각충돌,안전운전불이행,건조,맑음,단일로 - 횡단보도상,이륜,남,46세,상해없음,자전거,남,59세,중상
2015041000100657,2015년 4월 10일 22시,금요일,대전광역시 서구 탄방동,경상사고,0,0,3,0,차대차 - 추돌 - 진행중,안전운전불이행,건조,맑음,단일로 - 기타,승용,남,36세,기타불명,승용,여,39세,경상
2015041000100676,2015년 4월 10일 23시,금요일,대전광역시 서구 복수동,중상사고,0,1,0,0,차대사람 - 횡단중,안전운전불이행,건조,맑음,교차로 - 교차로부근,화물,남,37세,상해없음,보행자,여,17세,중상
2015041100100034,2015년 4월 11일 00시,토요일,대전광역시 대덕구 오정동,경상사고,0,0,1,0,차대차 - 기타,안전운전불이행,건조,맑음,교차로 - 교차로부근,승용,남,70세,상해없음,승합,남,37세,경상
2015041100100139,2015년 4월 11일 06시,토요일,대전광역시 유성구 원신흥동,경상사고,0,0,1,0,차대차 - 측면직각충돌,교차로운행방법위반,건조,맑음,교차로 - 교차로안,승용,남,57세,경상,승합,남,41세,상해없음
2015041100100199,2015년 4월 11일 09시,토요일,대전광역시 유성구 송강동,경상사고,0,0,1,0,차대차 - 추돌 - 진행중,안전운전불이행,건조,맑음,교차로 - 교차로안,기타불명,기타불명,기타불명,기타불명,승용,여,39세,경상
2015041100100231,2015년 4월 11일 10시,토요일,대전광역시 중구 부사동,중상사고,0,1,3,0,차대차 - 측면직각충돌,안전운전불이행,건조,맑음,교차로 - 교차로부근,승용,남,66세,경상,승용,남,34세,중상
2015041100100255,2015년 4월 11일 11시,토요일,대전광역시 동구 비룡동,경상사고,0,0,3,0,차대차 - 기타,안전거리미확보,건조,맑음,단일로 - 기타,승용,남,44세,상해없음,승용,남,31세,경상
2015041100100310,2015년 4월 11일 12시,토요일,대전광역시 중구 문화동,경상사고,0,0,2,0,차량단독 - 공작물충돌,안전운전불이행,건조,맑음,교차로 - 교차로부근,승합,남,47세,상해없음,,,,
2015041100100341,2015년 4월 11일 13시,토요일,대전광역시 동구 추동,경상사고,0,0,2,0,차대차 - 추돌 - 진행중,안전거리미확보,건조,맑음,단일로 - 기타,승용,여,74세,경상,승용,여,38세,경상
2015041100100379,2015년 4월 11일 14시,토요일,대전광역시 동구 효동,중상사고,0,1,0,0,차대사람 - 횡단중,보행자보호의무위반,건조,맑음,교차로 - 교차로부근,승용,여,36세,상해없음,보행자,여,21세,중상
2015041100100419,2015년 4월 11일 15시,토요일,대전광역시 동구 가오동,경상사고,0,0,1,0,차대차 - 기타,안전운전불이행,건조,맑음,단일로 - 기타,승용,남,31세,상해없음,승용,여,36세,경상
2015041100100420,2015년 4월 11일 15시,토요일,대전광역시 서구 변동,경상사고,0,0,1,1,차대차 - 추돌 - 진행중,안전거리미확보,건조,맑음,교차로 - 교차로부근,승합,남,38세,상해없음,승용,남,66세,경상
2015041100100463,2015년 4월 11일 16시,토요일,대전광역시 대덕구 대화동,중상사고,0,1,0,0,차대차 - 추돌 - 진행중,안전운전불이행,건조,맑음,단일로 - 기타,건설기계,남,44세,상해없음,자전거,남,62세,중상
2015041100100714,2015년 4월 11일 23시,토요일,대전광역시 유성구 상대동,중상사고,0,1,0,0,차대차 - 기타,신호위반,건조,맑음,교차로 - 교차로안,승용,남,35세,상해없음,승용,남,40세,중상
2015041200100089,2015년 4월 12일 05시,일요일,대전광역시 대덕구 신대동,중상사고,0,2,0,0,차대차 - 기타,안전운전불이행,건조,맑음,교차로 - 교차로부근,승용,남,45세,상해없음,승용,남,62세,중상
2015041200100098,2015년 4월 12일 06시,일요일,대전광역시 중구 안영동,중상사고,0,1,0,0,차량단독 - 기타,안전운전불이행,건조,맑음,미분류 - 미분류,승용,남,50세,상해없음,,,,
2015041200100099,2015년 4월 12일 06시,일요일,대전광역시 동구 홍도동,경상사고,0,0,1,0,차대차 - 기타,중앙선침범,건조,맑음,교차로 - 교차로안,승용,남,40세,기타불명,승합,여,50세,경상
2015041200100113,2015년 4월 12일 07시,일요일,대전광역시 대덕구 송촌동,경상사고,0,0,2,0,차대차 - 기타,안전거리미확보,건조,맑음,단일로 - 기타,승용,여,50세,상해없음,승용,남,73세,경상
2015041200100127,2015년 4월 12일 08시,일요일,대전광역시 대덕구 오정동,경상사고,0,0,1,0,차대차 - 측면직각충돌,교차로운행방법위반,건조,맑음,교차로 - 교차로안,화물,남,24세,기타불명,화물,남,45세,경상
2015041200100317,2015년 4월 12일 15시,일요일,대전광역시 동구 용운동,경상사고,0,0,1,0,차대차 - 기타,교차로운행방법위반,건조,맑음,교차로 - 교차로안,승용,남,64세,상해없음,원동기,남,23세,경상
2015041200100352,2015년 4월 12일 16시,일요일,대전광역시 유성구 장대동,경상사고,0,0,2,0,차대차 - 추돌 - 진행중,안전운전불이행,건조,맑음,교차로 - 교차로부근,승용,남,52세,상해없음,승용,남,55세,경상
2015041200100439,2015년 4월 12일 19시,일요일,대전광역시 동구 가오동,경상사고,0,0,1,0,차대차 - 기타,안전운전불이행,건조,맑음,교차로 - 교차로부근,승용,남,64세,상해없음,승용,남,24세,경상
2015041200100440,2015년 4월 12일 19시,일요일,대전광역시 유성구 구성동,경상사고,0,0,1,0,차대차 - 추돌 - 진행중,안전운전불이행,건조,맑음,교차로 - 교차로안,승용,남,58세,상해없음,승용,여,25세,경상
2015041200100508,2015년 4월 12일 21시,일요일,대전광역시 중구 선화동,중상사고,0,1,0,0,차대차 - 측면직각충돌,안전운전불이행,건조,맑음,교차로 - 교차로부근,기타불명,기타불명,기타불명,기타불명,원동기,남,23세,중상
2015041200100524,2015년 4월 12일 22시,일요일,대전광역시 서구 둔산동,경상사고,0,0,3,0,차대차 - 측면직각충돌,신호위반,건조,맑음,교차로 - 교차로안,승용,남,24세,상해없음,승용,남,53세,경상
2015041200100543,2015년 4월 12일 23시,일요일,대전광역시 동구 신흥동,중상사고,0,1,0,0,차대차 - 측면직각충돌,신호위반,건조,맑음,교차로 - 교차로안,승용,남,62세,상해없음,원동기,남,25세,중상
2015041200100544,2015년 4월 12일 23시,일요일,대전광역시 대덕구 중리동,경상사고,0,0,1,0,차대사람 - 기타,안전운전불이행,건조,맑음,교차로 - 교차로부근,승용,남,21세,기타불명,보행자,남,31세,경상
2015041200100545,2015년 4월 12일 23시,일요일,대전광역시 서구 갈마동,경상사고,0,0,4,0,차대차 - 측면직각충돌,안전거리미확보,건조,맑음,단일로 - 기타,승용,남,27세,상해없음,승용,남,55세,경상
2015041200100546,2015년 4월 12일 23시,일요일,대전광역시 유성구 도룡동,경상사고,0,0,1,0,차대차 - 추돌 - 진행중,안전운전불이행,건조,맑음,교차로 - 교차로부근,승용,남,27세,상해없음,특수,남,38세,경상
2015041200100547,2015년 4월 12일 23시,일요일,대전광역시 서구 둔산동,경상사고,0,0,1,0,차대사람 - 길가장자리구역통행중,안전운전불이행,건조,맑음,단일로 - 기타,승용,여,23세,기타불명,보행자,남,22세,경상
2015041300100050,2015년 4월 13일 05시,월요일,대전광역시 서구 둔산동,경상사고,0,0,1,0,차대사람 - 길가장자리구역통행중,안전운전불이행,건조,맑음,단일로 - 기타,기타불명,기타불명,기타불명,기타불명,보행자,남,27세,경상
2015041300100057,2015년 4월 13일 06시,월요일,대전광역시 유성구 장대동,중상사고,0,1,1,0,차대차 - 측면직각충돌,신호위반,건조,맑음,교차로 - 교차로부근,승용,남,59세,상해없음,승합,여,45세,경상
2015041300100078,2015년 4월 13일 07시,월요일,대전광역시 중구 대사동,경상사고,0,0,1,0,차대사람 - 길가장자리구역통행중,안전운전불이행,건조,맑음,단일로 - 기타,승용,여,63세,상해없음,보행자,여,17세,경상
2015041300100079,2015년 4월 13일 07시,월요일,대전광역시 동구 용전동,경상사고,0,0,1,0,차대차 - 기타,안전거리미확보,건조,맑음,교차로 - 교차로부근,승용,남,53세,상해없음,승용,여,37세,경상
2015041300100142,2015년 4월 13일 09시,월요일,대전광역시 중구 선화동,경상사고,0,0,1,0,차대사람 - 기타,보행자보호의무위반,건조,맑음,교차로 - 교차로안,승용,여,42세,상해없음,보행자,남,78세,경상
2015041300100197,2015년 4월 13일 11시,월요일,대전광역시 서구 탄방동,중상사고,0,1,0,0,차대차 - 측면직각충돌,신호위반,건조,맑음,교차로 - 교차로안,승용,남,72세,상해없음,이륜,남,44세,중상
2015041300100223,2015년 4월 13일 12시,월요일,대전광역시 대덕구 삼정동,중상사고,0,1,0,0,차대차 - 기타,차로위반,건조,맑음,단일로 - 기타,화물,남,65세,상해없음,이륜,남,80세,중상
2015041300100250,2015년 4월 13일 13시,월요일,대전광역시 동구 가양동,경상사고,0,0,1,0,차대차 - 측면직각충돌,안전운전불이행,건조,맑음,단일로 - 기타,이륜,남,23세,상해없음,이륜,남,32세,경상
2015041300100273,2015년 4월 13일 14시,월요일,대전광역시 대덕구 신대동,경상사고,0,0,3,0,차대차 - 기타,차로위반,습기,비,단일로 - 기타,승합,남,55세,상해없음,화물,남,34세,경상
2015041300100274,2015년 4월 13일 14시,월요일,대전광역시 서구 갈마동,중상사고,0,1,0,0,차대차 - 기타,안전거리미확보,습기,비,단일로 - 기타,승용,여,50세,상해없음,원동기,남,46세,중상
2015041300100302,2015년 4월 13일 15시,월요일,대전광역시 대덕구 신대동,경상사고,0,0,1,0,차대차 - 기타,차로위반,건조,맑음,단일로 - 교량,화물,남,61세,상해없음,승용,여,57세,경상
2015041300100303,2015년 4월 13일 15시,월요일,대전광역시 서구 둔산동,경상사고,0,0,1,0,차대차 - 추돌 - 주정차중,안전운전불이행,습기,비,교차로 - 교차로부근,승용,남,54세,상해없음,승용,남,37세,경상
2015041300100386,2015년 4월 13일 17시,월요일,대전광역시 서구 도안동,중상사고,0,1,0,0,차대차 - 정면충돌,신호위반,습기,비,교차로 - 교차로안,승용,남,28세,상해없음,승용,여,42세,중상
2015041300100387,2015년 4월 13일 17시,월요일,대전광역시 대덕구 문평동,중상사고,0,1,0,0,차대차 - 기타,신호위반,습기,비,교차로 - 교차로안,승용,남,47세,상해없음,승용,남,51세,중상
2015041300100388,2015년 4월 13일 17시,월요일,대전광역시 서구 탄방동,경상사고,0,0,2,0,차대차 - 추돌 - 주정차중,안전운전불이행,습기,비,교차로 - 교차로부근,승용,여,47세,상해없음,승용,여,60세,경상
2015041300100427,2015년 4월 13일 18시,월요일,대전광역시 유성구 봉명동,경상사고,0,0,1,0,차대차 - 측면직각충돌,신호위반,건조,맑음,교차로 - 교차로안,승용,남,34세,상해없음,승용,남,26세,경상
2015041300100480,2015년 4월 13일 19시,월요일,대전광역시 서구 가장동,경상사고,0,0,1,0,차대차 - 측면직각충돌,중앙선침범,건조,맑음,단일로 - 기타,승용,남,52세,상해없음,승용,여,27세,경상
2015041300100481,2015년 4월 13일 19시,월요일,대전광역시 유성구 봉명동,경상사고,0,0,1,0,차대차 - 측면직각충돌,교차로운행방법위반,습기,비,교차로 - 교차로안,승용,남,51세,상해없음,원동기,남,24세,경상
2015041300100515,2015년 4월 13일 20시,월요일,대전광역시 동구 자양동,경상사고,0,0,1,0,차대차 - 기타,안전운전불이행,건조,흐림,단일로 - 기타,승용,남,50세,상해없음,승용,여,28세,경상
2015041300100516,2015년 4월 13일 20시,월요일,대전광역시 유성구 지족동,중상사고,0,1,0,0,차대사람 - 횡단중,신호위반,습기,비,교차로 - 교차로부근,이륜,남,48세,상해없음,보행자,여,23세,중상
2015041300100562,2015년 4월 13일 21시,월요일,대전광역시 중구 유천동,경상사고,0,0,1,0,차대차 - 측면직각충돌,교차로운행방법위반,습기,비,교차로 - 교차로안,승용,남,68세,상해없음,승용,남,34세,경상
2015041300100642,2015년 4월 13일 23시,월요일,대전광역시 서구 용문동,중상사고,0,1,1,0,차대차 - 추돌 - 진행중,안전운전불이행,습기,비,단일로 - 기타,승용,남,26세,상해없음,승용,남,28세,경상
2015041400100033,2015년 4월 14일 00시,화요일,대전광역시 중구 은행동,경상사고,0,0,1,0,차대차 - 측면직각충돌,신호위반,습기,비,교차로 - 교차로안,승용,여,45세,상해없음,승용,여,55세,경상
2015041400100054,2015년 4월 14일 01시,화요일,대전광역시 유성구 관평동,중상사고,0,1,0,0,차대차 - 측면직각충돌,신호위반,습기,비,교차로 - 교차로안,승용,남,31세,상해없음,승용,남,53세,중상
2015041400100070,2015년 4월 14일 02시,화요일,대전광역시 중구 문화동,중상사고,0,1,0,0,차대사람 - 횡단중,보행자보호의무위반,습기,비,단일로 - 기타,승용,남,42세,상해없음,보행자,남,54세,중상
2015041400100080,2015년 4월 14일 03시,화요일,대전광역시 서구 도마동,중상사고,0,1,0,0,차대사람 - 보도통행중,보행자보호의무위반,건조,맑음,단일로 - 기타,승용,남,61세,상해없음,보행자,여,33세,중상
2015041400100089,2015년 4월 14일 04시,화요일,대전광역시 대덕구 오정동,경상사고,0,0,1,0,차대차 - 기타,안전운전불이행,건조,맑음,교차로 - 교차로부근,승용,남,58세,상해없음,승합,남,34세,경상
2015041400100183,2015년 4월 14일 08시,화요일,대전광역시 유성구 봉명동,중상사고,0,1,1,0,차대차 - 정면충돌,중앙선침범,건조,맑음,교차로 - 교차로부근,승용,남,32세,상해없음,화물,남,56세,중상
2015041400100184,2015년 4월 14일 08시,화요일,대전광역시 유성구 교촌동,경상사고,0,0,1,0,차대차 - 측면직각충돌,신호위반,건조,맑음,교차로 - 교차로안,승용,여,51세,상해없음,승용,여,32세,경상
2015041400100218,2015년 4월 14일 09시,화요일,대전광역시 서구 괴정동,경상사고,0,0,2,0,차대차 - 측면직각충돌,교차로운행방법위반,건조,맑음,교차로 - 교차로안,승용,남,44세,상해없음,승용,남,66세,경상