사고번호,사고일시,요일,시군구,사고내용,사망자수,중상자수,경상자수,부상신고자수,사고유형,법규위반,노면상태,기상상태,도로형태,가해운전자 차종,가해운전자 성별,가해운전자 연령,가해운전자 상해정도,피해운전자 차종,피해운전자 성별,피해운전자 연령,피해운전자 상해정도
2015050200100510,2015년 5월 2일 18시,토요일,대전광역시 유성구 봉명동,경상사고,0,0,1,0,차대차 - 측면직각충돌,교차로운행방법위반,건조,맑음,교차로 - 교차로안,승용,남,49세,상해없음,이륜,남,37세,경상
2015050200100558,2015년 5월 2일 19시,토요일,대전광역시 동구 낭월동,경상사고,0,0,1,0,차대사람 - 기타,안전운전불이행,기타,맑음,단일로 - 기타,자전거,남,15세,상해없음,보행자,여,71세,경상
2015050200100559,2015년 5월 2일 19시,토요일,대전광역시 유성구 봉명동,경상사고,0,0,1,0,차대사람 - 횡단중,보행자보호의무위반,건조,맑음,교차로 - 교차로부근,승용,여,38세,상해없음,보행자,남,6세,경상
2015050200100596,2015년 5월 2일 20시,토요일,대전광역시 동구 가오동,경상사고,0,0,5,0,차대차 - 추돌 - 주정차중,안전운전불이행,건조,맑음,교차로 - 교차로부근,승용,여,52세,상해없음,승용,남,32세,경상
2015050200100625,2015년 5월 2일 21시,토요일,대전광역시 동구 신흥동,중상사고,0,1,0,0,차대차 - 기타,신호위반,건조,맑음,교차로 - 교차로안,승용,남,45세,상해없음,이륜,남,16세,중상
2015050200100626,2015년 5월 2일 21시,토요일,대전광역시 동구 판암동,중상사고,0,1,0,0,차량단독 - 기타,기타,건조,맑음,단일로 - 기타,승용,남,57세,상해없음,,,,
2015050200100627,2015년 5월 2일 21시,토요일,대전광역시 서구 용문동,중상사고,0,1,0,0,차대사람 - 보도통행중,안전운전불이행,건조,맑음,단일로 - 기타,자전거,여,21세,상해없음,보행자,여,55세,중상
2015050200100628,2015년 5월 2일 21시,토요일,대전광역시 유성구 반석동,중상사고,0,1,0,0,차대사람 - 횡단중,신호위반,건조,맑음,교차로 - 교차로안,승용,남,53세,기타불명,보행자,남,47세,중상
2015050200100714,2015년 5월 2일 23시,토요일,대전광역시 유성구 관평동,중상사고,0,1,0,0,차대사람 - 기타,안전운전불이행,건조,맑음,기타 - 기타,승용,남,56세,상해없음,보행자,남,20세,중상
2015050300100053,2015년 5월 3일 01시,일요일,대전광역시 중구 오류동,경상사고,0,0,1,0,차대차 - 측면직각충돌,신호위반,습기,비,교차로 - 교차로안,이륜,남,18세,기타불명,승용,남,34세,경상
2015050300100079,2015년 5월 3일 02시,일요일,대전광역시 동구 홍도동,경상사고,0,0,1,0,차대사람 - 길가장자리구역통행중,안전운전불이행,습기,비,교차로 - 교차로안,승용,남,31세,기타불명,보행자,남,23세,경상
2015050300100100,2015년 5월 3일 03시,일요일,대전광역시 대덕구 중리동,경상사고,0,0,2,0,차대차 - 추돌 - 진행중,안전운전불이행,건조,흐림,교차로 - 교차로안,화물,남,59세,상해없음,승용,남,34세,경상
2015050300100116,2015년 5월 3일 04시,일요일,대전광역시 서구 도마동,경상사고,0,0,2,0,차대차 - 측면직각충돌,안전운전불이행,습기,비,단일로 - 교량,승용,남,22세,상해없음,승용,남,32세,경상
2015050300100117,2015년 5월 3일 04시,일요일,대전광역시 유성구 봉명동,경상사고,0,0,2,0,차대차 - 추돌 - 진행중,안전운전불이행,습기,비,단일로 - 기타,승용,남,42세,상해없음,승용,남,53세,경상
2015050300100132,2015년 5월 3일 05시,일요일,대전광역시 대덕구 중리동,경상사고,0,0,1,0,차대사람 - 횡단중,신호위반,건조,맑음,교차로 - 교차로부근,기타불명,기타불명,기타불명,기타불명,보행자,남,43세,경상
2015050300100283,2015년 5월 3일 14시,일요일,대전광역시 동구 용전동,경상사고,0,0,1,0,차대사람 - 기타,안전운전불이행,건조,맑음,단일로 - 기타,승용,남,49세,상해없음,보행자,여,52세,경상
2015050300100307,2015년 5월 3일 15시,일요일,대전광역시 중구 사정동,경상사고,0,0,1,0,차대차 - 추돌 - 진행중,안전운전불이행,건조,흐림,교차로 - 교차로부근,승용,남,63세,상해없음,승용,남,60세,경상
2015050300100308,2015년 5월 3일 15시,일요일,대전광역시 중구 오류동,중상사고,0,1,0,0,차대사람 - 횡단중,보행자보호의무위반,건조,맑음,교차로 - 교차로부근,승용,여,63세,상해없음,보행자,여,78세,중상
2015050300100384,2015년 5월 3일 17시,일요일,대전광역시 대덕구 와동,중상사고,0,1,0,0,차대차 - 기타,차로위반,건조,맑음,단일로 - 기타,승용,남,24세,상해없음,이륜,남,44세,중상
2015050300100533,2015년 5월 3일 22시,일요일,대전광역시 서구 탄방동,경상사고,0,0,1,0,차대사람 - 보도통행중,신호위반,건조,기타,교차로 - 교차로부근,승용,여,49세,상해없음,보행자,여,28세,경상
2015050400100010,2015년 5월 4일 00시,월요일,대전광역시 중구 용두동,경상사고,0,0,1,0,차대차 - 측면직각충돌,신호위반,건조,맑음,교차로 - 교차로안,승용,남,21세,상해없음,승용,남,28세,경상
2015050400100076,2015년 5월 4일 07시,월요일,대전광역시 중구 문화동,경상사고,0,0,1,0,차대차 - 측면직각충돌,차로위반,건조,맑음,단일로 - 기타,승용,남,68세,상해없음,승용,여,34세,경상
2015050400100139,2015년 5월 4일 09시,월요일,대전광역시 유성구 반석동,경상사고,0,0,1,0,차대사람 - 횡단중,보행자보호의무위반,건조,맑음,교차로 - 교차로부근,승용,남,33세,상해없음,보행자,여,25세,경상
2015050400100174,2015년 5월 4일 10시,월요일,대전광역시 서구 갈마동,중상사고,0,1,0,0,차대사람 - 횡단중,보행자보호의무위반,건조,맑음,교차로 - 교차로안,승용,여,58세,상해없음,보행자,여,15세,중상
2015050400100232,2015년 5월 4일 11시,월요일,대전광역시 중구 선화동,경상사고,0,0,1,0,차대차 - 측면직각충돌,안전거리미확보,건조,맑음,단일로 - 기타,승용,여,60세,상해없음,승용,남,43세,경상
2015050400100275,2015년 5월 4일 12시,월요일,대전광역시 유성구 하기동,중상사고,0,1,0,0,차대차 - 기타,교차로운행방법위반,건조,맑음,교차로 - 교차로안,승용,여,25세,상해없음,승용,여,44세,중상
2015050400100320,2015년 5월 4일 13시,월요일,대전광역시 중구 부사동,경상사고,0,0,2,0,차대차 - 측면직각충돌,신호위반,건조,맑음,교차로 - 교차로안,승용,여,48세,상해없음,이륜,남,67세,경상
2015050400100365,2015년 5월 4일 14시,월요일,대전광역시 동구 용전동,경상사고,0,0,1,0,차대차 - 측면직각충돌,기타,건조,맑음,단일로 - 기타,승용,남,50세,상해없음,승용,남,54세,경상
2015050400100366,2015년 5월 4일 14시,월요일,대전광역시 동구 중동,경상사고,0,0,1,0,차대차 - 측면직각충돌,신호위반,건조,맑음,교차로 - 교차로안,승합,남,49세,상해없음,승합,남,48세,경상
2015050400100409,2015년 5월 4일 15시,월요일,대전광역시 중구 중촌동,중상사고,0,1,0,0,차대사람 - 횡단중,보행자보호의무위반,건조,맑음,교차로 - 교차로부근,승용,여,53세,상해없음,보행자,여,49세,중상
2015050400100495,2015년 5월 4일 17시,월요일,대전광역시 서구 괴정동,경상사고,0,0,1,0,차량단독 - 기타,안전운전불이행,건조,맑음,단일로 - 기타,승합,남,62세,상해없음,,,,
2015050400100544,2015년 5월 4일 18시,월요일,대전광역시 동구 성남동,중상사고,0,1,0,0,차대차 - 추돌 - 진행중,안전운전불이행,건조,맑음,단일로 - 기타,승용,남,35세,상해없음,승용,여,54세,중상
2015050400100545,2015년 5월 4일 18시,월요일,대전광역시 서구 복수동,중상사고,0,1,0,0,차대사람 - 횡단중,보행자보호의무위반,건조,맑음,교차로 - 교차로안,이륜,남,33세,상해없음,보행자,여,15세,중상
2015050400100588,2015년 5월 4일 19시,월요일,대전광역시 중구 선화동,경상사고,0,0,2,0,차대차 - 추돌 - 진행중,안전운전불이행,건조,맑음,교차로 - 교차로부근,승합,남,23세,상해없음,승용,남,27세,경상
2015050400100589,2015년 5월 4일 19시,월요일,대전광역시 대덕구 석봉동,경상사고,0,0,1,0,차대차 - 추돌 - 진행중,안전운전불이행,건조,맑음,단일로 - 기타,승용,남,39세,상해없음,승용,여,57세,경상
2015050400100590,2015년 5월 4일 19시,월요일,대전광역시 서구 갈마동,중상사고,0,1,0,0,차대차 - 측면직각충돌,안전운전불이행,건조,맑음,단일로 - 기타,승용,남,61세,상해없음,이륜,남,41세,중상
2015050400100620,2015년 5월 4일 20시,월요일,대전광역시 중구 대흥동,부상신고사고,0,0,0,1,차대차 - 추돌 - 진행중,안전운전불이행,기타,맑음,교차로 - 교차로안,승용,남,62세,상해없음,승용,남,38세,상해없음
2015050400100621,2015년 5월 4일 20시,월요일,대전광역시 유성구 대정동,중상사고,0,1,0,0,차대차 - 추돌 - 진행중,신호위반,건조,맑음,교차로 - 교차로안,화물,남,48세,상해없음,승용,여,44세,중상
2015050400100708,2015년 5월 4일 23시,월요일,대전광역시 유성구 상대동,중상사고,0,1,0,0,차대사람 - 기타,기타,건조,맑음,단일로 - 기타,승용,남,64세,상해없음,보행자,남,67세,중상
2015050500100023,2015년 5월 5일 00시,화요일,대전광역시 서구 월평동,경상사고,0,0,1,0,차대사람 - 횡단중,보행자보호의무위반,건조,맑음,교차로 - 교차로부근,기타불명,기타불명,기타불명,기타불명,보행자,남,23세,경상
2015050500100239,2015년 5월 5일 12시,화요일,대전광역시 유성구 도룡동,경상사고,0,0,4,0,차대차 - 기타,중앙선침범,건조,맑음,단일로 - 기타,승용,남,33세,상해없음,승용,남,37세,경상
2015050500100273,2015년 5월 5일 13시,화요일,대전광역시 중구 석교동,경상사고,0,0,1,0,차대차 - 측면직각충돌,안전거리미확보,건조,맑음,교차로 - 교차로부근,화물,남,43세,상해없음,원동기,남,35세,경상
2015050500100274,2015년 5월 5일 13시,화요일,대전광역시 유성구 가정동,경상사고,0,0,1,0,차대차 - 기타,안전거리미확보,건조,맑음,단일로 - 기타,승용,남,56세,상해없음,승용,남,34세,경상
2015050500100275,2015년 5월 5일 13시,화요일,대전광역시 유성구 구성동,경상사고,0,0,2,0,차대차 - 추돌 - 주정차중,안전운전불이행,건조,맑음,단일로 - 기타,승용,남,50세,상해없음,승용,여,28세,경상
2015050500100307,2015년 5월 5일 14시,화요일,대전광역시 중구 문창동,경상사고,0,0,2,0,차대차 - 추돌 - 주정차중,안전운전불이행,건조,맑음,교차로 - 교차로안,승용,여,44세,상해없음,승용,남,32세,상해없음
2015050500100347,2015년 5월 5일 15시,화요일,대전광역시 동구 용전동,경상사고,0,0,2,0,차대차 - 측면직각충돌,안전운전불이행,건조,맑음,단일로 - 기타,승용,남,65세,상해없음,승용,여,33세,경상
2015050500100383,2015년 5월 5일 16시,화요일,대전광역시 중구 대사동,경상사고,0,0,1,0,차대차 - 측면직각충돌,교차로운행방법위반,건조,맑음,교차로 - 교차로안,승합,남,39세,상해없음,화물,남,30세,경상
2015050500100455,2015년 5월 5일 18시,화요일,대전광역시 서구 탄방동,경상사고,0,0,3,0,차대차 - 측면직각충돌,중앙선침범,건조,맑음,단일로 - 기타,승용,남,31세,상해없음,승용,남,38세,경상
2015050500100472,2015년 5월 5일 19시,화요일,대전광역시 대덕구 송촌동,경상사고,0,0,1,0,차대차 - 추돌 - 진행중,안전운전불이행,건조,맑음,단일로 - 기타,승용,남,54세,상해없음,승용,남,60세,경상
2015050500100485,2015년 5월 5일 19시,화요일,대전광역시 유성구 원신흥동,사망사고,1,0,0,0,차대차 - 측면직각충돌,안전운전불이행,건조,맑음,단일로 - 기타,승용,남,40세,상해없음,자전거,남,16세,사망
2015050500100569,2015년 5월 5일 22시,화요일,대전광역시 동구 가양동,부상신고사고,0,0,0,1,차대사람 - 기타,안전운전불이행,건조,맑음,교차로 - 교차로부근,승용,남,35세,상해없음,보행자,남,24세,부상신고
2015050500100585,2015년 5월 5일 23시,화요일,대전광역시 유성구 하기동,경상사고,0,0,1,0,차대차 - 측면직각충돌,신호위반,건조,맑음,교차로 - 교차로부근,승용,남,37세,상해없음,자전거,남,24세,경상
2015050600100028,2015년 5월 6일 02시,수요일,대전광역시 서구 탄방동,경상사고,0,0,1,0,차대차 - 추돌 - 진행중,안전운전불이행,건조,맑음,단일로 - 기타,승용,여,24세,상해없음,승용,여,60세,경상
2015050600100049,2015년 5월 6일 05시,수요일,대전광역시 서구 월평동,경상사고,0,0,1,0,차대차 - 측면직각충돌,신호위반,건조,맑음,교차로 - 교차로안,승용,남,32세,상해없음,승용,남,62세,경상
2015050600100063,2015년 5월 6일 06시,수요일,대전광역시 유성구 노은동,경상사고,0,0,1,0,차대차 - 측면직각충돌,안전거리미확보,건조,맑음,단일로 - 터널,화물,남,35세,상해없음,승용,남,47세,경상
2015050600100089,2015년 5월 6일 07시,수요일,대전광역시 동구 가양동,경상사고,0,0,2,0,차대차 - 측면직각충돌,안전운전불이행,건조,맑음,단일로 - 기타,승용,남,68세,상해없음,승용,여,51세,경상
2015050600100197,2015년 5월 6일 10시,수요일,대전광역시 서구 가장동,경상사고,0,0,2,0,차대차 - 추돌 - 주정차중,안전운전불이행,건조,맑음,교차로 - 교차로부근,승용,남,46세,상해없음,승용,남,43세,경상
2015050600100198,2015년 5월 6일 10시,수요일,대전광역시 대덕구 중리동,중상사고,0,2,3,0,차대차 - 추돌 - 진행중,안전거리미확보,건조,맑음,교차로 - 교차로부근,화물,남,47세,상해없음,승용,남,71세,경상
2015050600100227,2015년 5월 6일 11시,수요일,대전광역시 서구 둔산동,경상사고,0,0,1,0,차대차 - 추돌 - 진행중,안전운전불이행,건조,맑음,단일로 - 기타,승용,남,57세,상해없음,이륜,여,55세,경상
2015050600100228,2015년 5월 6일 11시,수요일,대전광역시 서구 만년동,중상사고,0,1,0,0,차대차 - 추돌 - 진행중,안전운전불이행,건조,맑음,교차로 - 교차로안,승용,남,75세,상해없음,승용,남,65세,중상
2015050600100255,2015년 5월 6일 12시,수요일,대전광역시 중구 대흥동,중상사고,0,1,0,0,차대사람 - 횡단중,신호위반,건조,맑음,단일로 - 횡단보도상,승용,남,65세,상해없음,보행자,여,68세,중상
2015050600100256,2015년 5월 6일 12시,수요일,대전광역시 서구 월평동,중상사고,0,1,0,0,차대사람 - 횡단중,안전운전불이행,건조,맑음,단일로 - 기타,승용,남,34세,상해없음,보행자,남,41세,중상
2015050600100363,2015년 5월 6일 15시,수요일,대전광역시 서구 둔산동,중상사고,0,1,2,0,차대차 - 측면직각충돌,신호위반,건조,맑음,교차로 - 교차로안,승용,남,53세,상해없음,승용,남,58세,경상
2015050600100364,2015년 5월 6일 15시,수요일,대전광역시 서구 월평동,경상사고,0,0,1,0,차대차 - 측면직각충돌,안전운전불이행,건조,맑음,단일로 - 횡단보도상,승용,여,36세,상해없음,자전거,남,54세,경상
2015050600100395,2015년 5월 6일 16시,수요일,대전광역시 서구 둔산동,중상사고,0,1,0,0,차대사람 - 차도통행중,교차로운행방법위반,건조,맑음,기타 - 기타,화물,남,40세,상해없음,보행자,여,58세,중상
2015050600100434,2015년 5월 6일 17시,수요일,대전광역시 동구 자양동,경상사고,0,0,1,0,차대차 - 측면직각충돌,교차로운행방법위반,건조,맑음,교차로 - 교차로안,승용,여,28세,상해없음,승용,남,27세,경상
2015050600100470,2015년 5월 6일 18시,수요일,대전광역시 유성구 관평동,경상사고,0,0,1,0,차대차 - 추돌 - 진행중,안전운전불이행,건조,맑음,교차로 - 교차로안,기타불명,기타불명,기타불명,기타불명,자전거,여,60세,경상
2015050600100508,2015년 5월 6일 19시,수요일,대전광역시 서구 둔산동,경상사고,0,0,1,0,차대차 - 측면직각충돌,안전운전불이행,건조,맑음,교차로 - 교차로부근,승용,여,33세,상해없음,자전거,여,31세,경상
2015050600100509,2015년 5월 6일 19시,수요일,대전광역시 유성구 궁동,중상사고,0,1,0,0,차대차 - 추돌 - 진행중,안전운전불이행,건조,맑음,단일로 - 기타,원동기,남,46세,상해없음,자전거,남,25세,중상
2015050600100543,2015년 5월 6일 20시,수요일,대전광역시 동구 판암동,중상사고,0,1,0,0,차대차 - 측면직각충돌,신호위반,건조,맑음,교차로 - 교차로안,승용,남,64세,상해없음,승용,남,61세,중상
2015050600100544,2015년 5월 6일 20시,수요일,대전광역시 대덕구 오정동,경상사고,0,0,1,0,차대사람 - 기타,안전운전불이행,건조,맑음,교차로 - 교차로안,기타불명,기타불명,기타불명,기타불명,보행자,남,31세,경상
2015050600100545,2015년 5월 6일 20시,수요일,대전광역시 유성구 봉명동,경상사고,0,0,2,0,차대차 - 기타,안전거리미확보,건조,맑음,단일로 - 기타,이륜,남,29세,상해없음,승용,여,36세,경상
2015050600100632,2015년 5월 6일 23시,수요일,대전광역시 중구 대흥동,경상사고,0,0,2,0,차대차 - 측면직각충돌,안전운전불이행,건조,맑음,교차로 - 교차로안,승용,남,32세,상해없음,승용,남,25세,경상
2015050600100633,2015년 5월 6일 23시,수요일,대전광역시 동구 신흥동,경상사고,0,0,1,0,차대차 - 측면직각충돌,교차로운행방법위반,건조,맑음,교차로 - 교차로부근,화물,남,55세,상해없음,승용,남,63세,경상
2015050600100634,2015년 5월 6일 23시,수요일,대전광역시 서구 관저동,경상사고,0,0,5,0,차대차 - 추돌 - 주정차중,안전거리미확보,건조,맑음,교차로 - 교차로안,승용,남,37세,상해없음,승용,여,30세,경상
2015050700100019,2015년 5월 7일 00시,목요일,대전광역시 동구 용운동,중상사고,0,1,0,0,차대차 - 측면직각충돌,안전운전불이행,건조,맑음,교차로 - 교차로부근,승용,기타불명,30세,기타불명,원동기,남,23세,중상
2015050700100036,2015년 5월 7일 01시,목요일,대전광역시 유성구 봉명동,경상사고,0,0,1,0,차대차 - 추돌 - 진행중,안전운전불이행,건조,맑음,단일로 - 기타,승용,여,23세,상해없음,승용,남,51세,경상
2015050700100082,2015년 5월 7일 06시,목요일,대전광역시 서구 갈마동,중상사고,0,1,0,0,차대차 - 측면직각충돌,안전운전불이행,건조,맑음,교차로 - 교차로안,승용,남,56세,상해없음,화물,남,35세,중상
2015050700100111,2015년 5월 7일 07시,목요일,대전광역시 중구 대사동,경상사고,0,0,1,0,차대차 - 측면직각충돌,안전운전불이행,건조,맑음,교차로 - 교차로안,승용,남,59세,상해없음,자전거,남,17세,경상
2015050700100112,2015년 5월 7일 07시,목요일,대전광역시 동구 용운동,경상사고,0,0,1,0,차대차 - 측면직각충돌,신호위반,건조,맑음,단일로 - 횡단보도상,승용,남,58세,상해없음,자전거,남,15세,경상
2015050700100113,2015년 5월 7일 07시,목요일,대전광역시 대덕구 석봉동,경상사고,0,0,2,0,차대차 - 추돌 - 진행중,안전운전불이행,건조,맑음,단일로 - 기타,승합,남,58세,상해없음,승합,남,52세,상해없음
2015050700100153,2015년 5월 7일 08시,목요일,대전광역시 중구 대사동,경상사고,0,0,1,0,차대차 - 측면직각충돌,신호위반,건조,맑음,교차로 - 교차로부근,승용,남,26세,상해없음,승용,여,43세,경상
2015050700100206,2015년 5월 7일 10시,목요일,대전광역시 대덕구 읍내동,부상신고사고,0,0,0,1,차대차 - 기타,중앙선침범,건조,맑음,단일로 - 기타,자전거,남,59세,부상신고,화물,남,32세,상해없음
2015050700100232,2015년 5월 7일 11시,목요일,대전광역시 중구 오류동,경상사고,0,0,4,1,차대차 - 추돌 - 주정차중,안전거리미확보,건조,맑음,단일로 - 기타,승용,남,56세,상해없음,승합,남,56세,경상
2015050700100233,2015년 5월 7일 11시,목요일,대전광역시 동구 가양동,경상사고,0,0,1,0,차대차 - 측면직각충돌,안전운전불이행,건조,맑음,단일로 - 횡단보도상,승용,남,38세,상해없음,자전거,남,21세,경상
2015050700100234,2015년 5월 7일 11시,목요일,대전광역시 동구 성남동,사망사고,1,0,0,0,차대사람 - 횡단중,보행자보호의무위반,건조,맑음,단일로 - 횡단보도상,승용,남,61세,상해없음,보행자,남,84세,사망
2015050700100261,2015년 5월 7일 12시,목요일,대전광역시 대덕구 법동,경상사고,0,0,1,0,차대차 - 측면직각충돌,안전운전불이행,건조,맑음,단일로 - 기타,화물,남,51세,상해없음,승용,여,36세,경상
2015050700100298,2015년 5월 7일 13시,목요일,대전광역시 서구 내동,경상사고,0,0,2,0,차대차 - 측면직각충돌,교차로운행방법위반,건조,맑음,교차로 - 교차로안,승용,여,54세,상해없음,승용,남,45세,경상
2015050700100496,2015년 5월 7일 18시,목요일,대전광역시 서구 만년동,중상사고,0,1,0,0,차대사람 - 횡단중,안전운전불이행,건조,맑음,교차로 - 교차로안,승용,여,44세,상해없음,보행자,남,20세,중상
2015050700100497,2015년 5월 7일 18시,목요일,대전광역시 유성구 탑립동,경상사고,0,0,1,0,차대차 - 정면충돌,중앙선침범,건조,맑음,단일로 - 기타,화물,남,49세,상해없음,승용,남,33세,경상
2015050700100533,2015년 5월 7일 19시,목요일,대전광역시 유성구 도룡동,중상사고,0,1,0,0,차대차 - 측면직각충돌,신호위반,건조,맑음,교차로 - 교차로부근,승용,남,50세,상해없음,승용,여,51세,중상
2015050700100534,2015년 5월 7일 19시,목요일,대전광역시 유성구 신성동,경상사고,0,0,1,0,차대차 - 기타,안전운전불이행,건조,맑음,단일로 - 기타,승용,여,57세,상해없음,자전거,남,11세,경상
2015050700100558,2015년 5월 7일 20시,목요일,대전광역시 서구 도마동,중상사고,0,1,0,0,차대차 - 측면직각충돌,안전운전불이행,건조,맑음,교차로 - 교차로안,승용,여,35세,상해없음,승용,남,48세,중상
2015050700100592,2015년 5월 7일 21시,목요일,대전광역시 중구 용두동,중상사고,0,1,0,0,차대차 - 측면직각충돌,신호위반,건조,맑음,단일로 - 횡단보도상,승용,여,38세,상해없음,자전거,남,41세,중상
2015050700100593,2015년 5월 7일 21시,목요일,대전광역시 유성구 어은동,경상사고,0,0,1,0,차대차 - 추돌 - 주정차중,안전운전불이행,건조,맑음,교차로 - 교차로부근,승용,남,32세,상해없음,승용,남,26세,경상
2015050700100624,2015년 5월 7일 22시,목요일,대전광역시 유성구 원촌동,경상사고,0,0,2,1,차대차 - 추돌 - 주정차중,안전운전불이행,건조,맑음,교차로 - 교차로부근,승용,남,50세,상해없음,승용,남,42세,부상신고
2015050700100647,2015년 5월 7일 23시,목요일,대전광역시 동구 가오동,경상사고,0,0,1,0,차대사람 - 차도통행중,안전운전불이행,건조,맑음,교차로 - 교차로안,승용,여,45세,상해없음,보행자,남,19세,경상
2015050800100018,2015년 5월 8일 00시,금요일,대전광역시 서구 도마동,중상사고,0,1,0,0,차대차 - 측면직각충돌,안전운전불이행,건조,맑음,단일로 - 기타,화물,남,33세,상해없음,이륜,남,18세,중상
2015050800100088,2015년 5월 8일 06시,금요일,대전광역시 서구 둔산동,경상사고,0,0,1,0,차대차 - 측면직각충돌,안전운전불이행,건조,맑음,교차로 - 교차로부근,승용,남,45세,상해없음,자전거,남,40세,경상
2015050800100110,2015년 5월 8일 07시,금요일,대전광역시 서구 둔산동,중상사고,0,1,0,0,차대차 - 기타,안전운전불이행,건조,맑음,교차로 - 교차로안,건설기계,남,48세,상해없음,승용,남,40세,중상
2015050800100198,2015년 5월 8일 09시,금요일,대전광역시 유성구 용계동,중상사고,0,2,1,1,차대차 - 측면직각충돌,교차로운행방법위반,건조,맑음,교차로 - 교차로안,승용,여,43세,경상,승용,남,23세,중상
2015050800100276,2015년 5월 8일 12시,금요일,대전광역시 유성구 봉명동,경상사고,0,0,1,0,차대사람 - 길가장자리구역통행중,안전운전불이행,건조,맑음,교차로 - 교차로안,승용,여,54세,상해없음,보행자,여,29세,경상
2015050800100369,2015년 5월 8일 15시,금요일,대전광역시 중구 중촌동,경상사고,0,0,2,0,차대차 - 측면직각충돌,안전운전불이행,기타,맑음,단일로 - 기타,화물,남,52세,경상,화물,남,57세,경상
2015050800100423,2015년 5월 8일 16시,금요일,대전광역시 동구 가오동,경상사고,0,0,1,0,차대사람 - 횡단중,교차로운행방법위반,건조,맑음,교차로 - 교차로안,승용,남,32세,기타불명,보행자,여,7세,경상
2015050800100503,2015년 5월 8일 18시,금요일,대전광역시 중구 선화동,중상사고,0,1,0,0,차량단독 - 공작물충돌,안전운전불이행,건조,맑음,단일로 - 기타,승합,남,49세,상해없음,,,,
2015050800100504,2015년 5월 8일 18시,금요일,대전광역시 대덕구 비래동,경상사고,0,0,1,0,차대차 - 측면직각충돌,신호위반,건조,맑음,교차로 - 교차로안,승용,여,51세,상해없음,승용,남,31세,경상
2015050800100553,2015년 5월 8일 19시,금요일,대전광역시 중구 목동,경상사고,0,0,1,0,차대차 - 측면직각충돌,안전운전불이행,건조,흐림,교차로 - 교차로안,승용,여,38세,상해없음,자전거,남,12세,경상
2015050800100554,2015년 5월 8일 19시,금요일,대전광역시 동구 소제동,경상사고,0,0,1,0,차대차 - 추돌 - 진행중,안전거리미확보,건조,맑음,단일로 - 기타,승용,남,46세,상해없음,승용,남,60세,상해없음
2015050800100555,2015년 5월 8일 19시,금요일,대전광역시 대덕구 중리동,경상사고,0,0,1,0,차대차 - 측면직각충돌,중앙선침범,건조,맑음,교차로 - 교차로부근,승용,남,33세,상해없음,승합,남,54세,경상
2015050800100556,2015년 5월 8일 19시,금요일,대전광역시 서구 탄방동,경상사고,0,0,1,0,차대사람 - 차도통행중,안전운전불이행,건조,맑음,단일로 - 기타,승용,남,56세,상해없음,보행자,여,60세,경상
2015050800100599,2015년 5월 8일 20시,금요일,대전광역시 중구 태평동,경상사고,0,0,2,0,차대차 - 측면직각충돌,안전운전불이행,건조,맑음,교차로 - 교차로안,승용,남,44세,상해없음,승용,남,32세,경상
2015050800100635,2015년 5월 8일 21시,금요일,대전광역시 동구 가양동,경상사고,0,0,1,0,차대차 - 추돌 - 주정차중,안전거리미확보,건조,맑음,교차로 - 교차로안,승용,여,45세,상해없음,승용,남,50세,경상
2015050800100659,2015년 5월 8일 22시,금요일,대전광역시 유성구 봉명동,경상사고,0,0,1,0,차대사람 - 길가장자리구역통행중,안전운전불이행,건조,맑음,교차로 - 교차로안,승용,남,53세,상해없음,보행자,남,48세,경상
2015050800100660,2015년 5월 8일 22시,금요일,대전광역시 유성구 장대동,경상사고,0,0,1,0,차대차 - 추돌 - 진행중,안전운전불이행,건조,맑음,단일로 - 기타,승용,남,49세,상해없음,원동기,남,54세,경상
2015050800100688,2015년 5월 8일 23시,금요일,대전광역시 중구 안영동,중상사고,0,1,0,0,차대사람 - 횡단중,안전운전불이행,건조,맑음,단일로 - 기타,승용,여,40세,상해없음,보행자,남,70세,중상
2015050900100026,2015년 5월 9일 00시,토요일,대전광역시 동구 용전동,경상사고,0,0,2,0,차대사람 - 횡단중,신호위반,건조,맑음,단일로 - 횡단보도상,승용,남,64세,상해없음,보행자,남,24세,경상
2015050900100027,2015년 5월 9일 00시,토요일,대전광역시 유성구 덕명동,중상사고,0,1,3,0,차대차 - 추돌 - 주정차중,안전거리미확보,건조,맑음,단일로 - 기타,승용,여,52세,상해없음,승용,남,19세,경상
2015050900100053,2015년 5월 9일 02시,토요일,대전광역시 중구 사정동,중상사고,0,1,1,0,차대차 - 측면직각충돌,안전운전불이행,건조,흐림,단일로 - 기타,승용,남,19세,상해없음,승용,남,38세,상해없음
2015050900100144,2015년 5월 9일 08시,토요일,대전광역시 서구 도안동,경상사고,0,0,2,0,차대차 - 추돌 - 주정차중,안전운전불이행,건조,맑음,교차로 - 교차로부근,승용,여,65세,상해없음,승용,남,62세,경상
2015050900100176,2015년 5월 9일 09시,토요일,대전광역시 중구 오류동,경상사고,0,0,2,0,차대차 - 측면직각충돌,신호위반,건조,맑음,교차로 - 교차로안,승용,남,33세,상해없음,승용,남,45세,경상
2015050900100205,2015년 5월 9일 10시,토요일,대전광역시 중구 유천동,경상사고,0,0,3,0,차대차 - 측면직각충돌,안전운전불이행,건조,맑음,교차로 - 교차로안,승용,여,59세,경상,승용,여,44세,상해없음