사고번호,사고일시,요일,시군구,사고내용,사망자수,중상자수,경상자수,부상신고자수,사고유형,법규위반,노면상태,기상상태,도로형태,가해운전자 차종,가해운전자 성별,가해운전자 연령,가해운전자 상해정도,피해운전자 차종,피해운전자 성별,피해운전자 연령,피해운전자 상해정도
2015051500100061,2015년 5월 15일 02시,금요일,대전광역시 서구 월평동,중상사고,0,1,0,0,차대차 - 추돌 - 진행중,중앙선침범,건조,맑음,단일로 - 기타,승용,남,36세,상해없음,승용,남,49세,중상
2015051500100125,2015년 5월 15일 07시,금요일,대전광역시 서구 정림동,중상사고,0,2,25,6,차대차 - 추돌 - 진행중,안전거리미확보,건조,맑음,단일로 - 기타,승합,남,46세,상해없음,승합,남,60세,경상
2015051500100222,2015년 5월 15일 10시,금요일,대전광역시 동구 비룡동,경상사고,0,0,2,0,차대차 - 측면직각충돌,안전운전불이행,건조,맑음,단일로 - 기타,승용,남,56세,상해없음,승용,남,71세,경상
2015051500100233,2015년 5월 15일 10시,금요일,대전광역시 중구 용두동,경상사고,0,0,1,0,차대차 - 측면직각충돌,안전운전불이행,건조,맑음,교차로 - 교차로부근,승용,남,55세,상해없음,자전거,남,72세,경상
2015051500100234,2015년 5월 15일 10시,금요일,대전광역시 서구 변동,중상사고,0,1,0,0,차대차 - 측면직각충돌,안전운전불이행,건조,맑음,단일로 - 기타,이륜,남,68세,상해없음,이륜,남,33세,중상
2015051500100235,2015년 5월 15일 10시,금요일,대전광역시 대덕구 오정동,경상사고,0,0,1,0,차대차 - 측면직각충돌,안전운전불이행,건조,맑음,교차로 - 교차로안,화물,남,67세,상해없음,자전거,남,64세,경상
2015051500100271,2015년 5월 15일 11시,금요일,대전광역시 서구 가수원동,중상사고,0,1,1,0,차대차 - 추돌 - 진행중,신호위반,건조,맑음,교차로 - 교차로안,승용,여,29세,중상,승용,남,51세,경상
2015051500100272,2015년 5월 15일 11시,금요일,대전광역시 대덕구 평촌동,경상사고,0,0,1,0,차대차 - 측면직각충돌,차로위반,건조,맑음,단일로 - 기타,화물,남,49세,상해없음,승용,남,36세,경상
2015051500100273,2015년 5월 15일 11시,금요일,대전광역시 유성구 화암동,중상사고,0,1,0,0,차대차 - 추돌 - 진행중,안전거리미확보,건조,맑음,교차로 - 교차로부근,화물,남,51세,상해없음,승용,여,28세,중상
2015051500100367,2015년 5월 15일 14시,금요일,대전광역시 대덕구 오정동,경상사고,0,0,1,0,차량단독 - 기타,기타,건조,맑음,단일로 - 기타,승합,남,52세,상해없음,,,,
2015051500100443,2015년 5월 15일 16시,금요일,대전광역시 대덕구 중리동,경상사고,0,0,1,0,차대사람 - 길가장자리구역통행중,안전운전불이행,건조,맑음,단일로 - 기타,화물,남,37세,상해없음,보행자,여,75세,경상
2015051500100491,2015년 5월 15일 17시,금요일,대전광역시 서구 도마동,중상사고,0,1,0,0,차대사람 - 횡단중,안전운전불이행,건조,맑음,교차로 - 교차로안,승용,남,24세,상해없음,보행자,여,59세,중상
2015051500100540,2015년 5월 15일 18시,금요일,대전광역시 대덕구 오정동,경상사고,0,0,2,0,차대차 - 측면직각충돌,직진우회전진행방해,건조,맑음,교차로 - 교차로안,승용,남,23세,상해없음,화물,남,61세,경상
2015051500100622,2015년 5월 15일 20시,금요일,대전광역시 중구 태평동,중상사고,0,1,0,0,차대사람 - 길가장자리구역통행중,안전운전불이행,건조,맑음,단일로 - 기타,승용,여,46세,상해없음,보행자,여,80세,중상
2015051500100674,2015년 5월 15일 21시,금요일,대전광역시 서구 갈마동,경상사고,0,0,4,0,차대차 - 측면직각충돌,안전거리미확보,건조,맑음,단일로 - 기타,승용,남,44세,경상,승용,남,65세,경상
2015051500100675,2015년 5월 15일 21시,금요일,대전광역시 유성구 신성동,중상사고,0,1,0,0,차대차 - 측면직각충돌,안전운전불이행,건조,맑음,교차로 - 교차로안,화물,남,45세,상해없음,원동기,남,32세,중상
2015051500100726,2015년 5월 15일 22시,금요일,대전광역시 동구 용전동,경상사고,0,0,3,0,차대차 - 측면직각충돌,안전운전불이행,건조,맑음,교차로 - 교차로안,승용,남,53세,상해없음,승용,남,40세,경상
2015051500100763,2015년 5월 15일 23시,금요일,대전광역시 동구 성남동,경상사고,0,0,1,0,차대사람 - 횡단중,안전운전불이행,건조,맑음,교차로 - 교차로안,승용,남,52세,상해없음,보행자,남,47세,경상
2015051500100764,2015년 5월 15일 23시,금요일,대전광역시 서구 갈마동,경상사고,0,0,1,0,차대차 - 측면직각충돌,신호위반,건조,맑음,교차로 - 교차로안,승용,여,38세,상해없음,승용,남,31세,경상
2015051600100075,2015년 5월 16일 02시,토요일,대전광역시 대덕구 오정동,경상사고,0,0,2,0,차대차 - 추돌 - 진행중,안전운전불이행,건조,맑음,단일로 - 기타,승용,남,24세,상해없음,승용,남,47세,경상
2015051600100076,2015년 5월 16일 02시,토요일,대전광역시 서구 탄방동,중상사고,0,1,0,0,차대사람 - 횡단중,안전운전불이행,건조,맑음,교차로 - 교차로부근,승용,남,46세,상해없음,보행자,남,25세,중상
2015051600100077,2015년 5월 16일 02시,토요일,대전광역시 서구 둔산동,경상사고,0,0,2,0,차대차 - 측면직각충돌,안전운전불이행,건조,맑음,교차로 - 교차로안,승용,남,45세,상해없음,승용,남,33세,경상
2015051600100078,2015년 5월 16일 02시,토요일,대전광역시 서구 갈마동,경상사고,0,0,1,0,차대차 - 추돌 - 진행중,안전거리미확보,건조,맑음,단일로 - 기타,승용,남,24세,상해없음,승용,남,68세,경상
2015051600100160,2015년 5월 16일 07시,토요일,대전광역시 서구 관저동,경상사고,0,0,1,0,차대차 - 측면직각충돌,안전운전불이행,건조,맑음,교차로 - 교차로안,승용,여,57세,상해없음,자전거,남,38세,경상
2015051600100161,2015년 5월 16일 07시,토요일,대전광역시 유성구 문지동,경상사고,0,0,3,0,차대차 - 측면직각충돌,교차로운행방법위반,건조,맑음,교차로 - 교차로안,화물,남,44세,상해없음,승용,남,76세,경상
2015051600100215,2015년 5월 16일 09시,토요일,대전광역시 동구 홍도동,중상사고,0,1,1,0,차대차 - 측면직각충돌,신호위반,건조,맑음,교차로 - 교차로부근,승용,여,48세,경상,승용,남,31세,중상
2015051600100252,2015년 5월 16일 10시,토요일,대전광역시 동구 용전동,경상사고,0,0,2,0,차대차 - 측면직각충돌,안전거리미확보,건조,맑음,교차로 - 교차로부근,승용,여,54세,경상,승용,여,42세,경상
2015051600100374,2015년 5월 16일 13시,토요일,대전광역시 중구 석교동,중상사고,0,1,0,0,차대차 - 측면직각충돌,안전거리미확보,건조,맑음,교차로 - 교차로부근,승용,남,32세,상해없음,원동기,남,21세,중상
2015051600100375,2015년 5월 16일 13시,토요일,대전광역시 서구 도마동,경상사고,0,0,3,0,차대차 - 추돌 - 주정차중,안전운전불이행,건조,맑음,단일로 - 기타,승합,남,53세,상해없음,승용,남,47세,경상
2015051600100420,2015년 5월 16일 14시,토요일,대전광역시 동구 용전동,중상사고,0,1,0,0,차대사람 - 횡단중,보행자보호의무위반,건조,맑음,교차로 - 교차로부근,승용,여,61세,상해없음,보행자,남,8세,중상
2015051600100460,2015년 5월 16일 15시,토요일,대전광역시 중구 문창동,경상사고,0,0,2,0,차대차 - 기타,중앙선침범,건조,맑음,단일로 - 기타,승용,남,68세,상해없음,승용,남,43세,경상
2015051600100461,2015년 5월 16일 15시,토요일,대전광역시 대덕구 법동,중상사고,0,1,0,0,차대사람 - 횡단중,보행자보호의무위반,건조,맑음,교차로 - 교차로안,승용,여,36세,상해없음,보행자,남,9세,중상
2015051600100462,2015년 5월 16일 15시,토요일,대전광역시 서구 탄방동,경상사고,0,0,1,0,차대차 - 추돌 - 진행중,안전운전불이행,건조,맑음,단일로 - 기타,승용,남,50세,상해없음,승용,여,47세,경상
2015051600100703,2015년 5월 16일 20시,토요일,대전광역시 동구 대동,경상사고,0,0,1,0,차대사람 - 보도통행중,기타,건조,맑음,단일로 - 기타,원동기,남,59세,상해없음,보행자,남,48세,경상
2015051600100734,2015년 5월 16일 21시,토요일,대전광역시 동구 가오동,중상사고,0,1,3,0,차대차 - 측면직각충돌,안전운전불이행,건조,맑음,단일로 - 기타,승용,남,23세,상해없음,승용,남,27세,경상
2015051600100751,2015년 5월 16일 22시,토요일,대전광역시 대덕구 오정동,경상사고,0,0,1,0,차대차 - 측면직각충돌,신호위반,건조,맑음,교차로 - 교차로안,승용,여,24세,상해없음,승용,남,50세,경상
2015051600100752,2015년 5월 16일 22시,토요일,대전광역시 유성구 계산동,사망사고,1,0,0,0,차대사람 - 횡단중,과속,건조,흐림,단일로 - 기타,승용,남,50세,상해없음,보행자,남,42세,사망
2015051600100776,2015년 5월 16일 23시,토요일,대전광역시 동구 용전동,경상사고,0,0,1,0,차대차 - 측면직각충돌,안전운전불이행,건조,맑음,단일로 - 기타,원동기,남,36세,상해없음,자전거,남,51세,경상
2015051600100777,2015년 5월 16일 23시,토요일,대전광역시 동구 가양동,경상사고,0,0,1,0,차대사람 - 차도통행중,안전운전불이행,건조,맑음,단일로 - 기타,승용,남,32세,상해없음,보행자,여,14세,경상
2015051700100024,2015년 5월 17일 00시,일요일,대전광역시 서구 도마동,경상사고,0,0,4,0,차대차 - 추돌 - 진행중,안전운전불이행,건조,맑음,단일로 - 기타,승용,남,23세,상해없음,승용,남,34세,경상
2015051700100025,2015년 5월 17일 00시,일요일,대전광역시 유성구 덕명동,중상사고,0,1,1,0,차대차 - 기타,신호위반,건조,맑음,교차로 - 교차로안,화물,남,38세,상해없음,승용,남,34세,중상
2015051700100026,2015년 5월 17일 00시,일요일,대전광역시 유성구 봉명동,경상사고,0,0,1,0,차대차 - 기타,신호위반,건조,맑음,교차로 - 교차로안,승용,남,30세,상해없음,승용,남,45세,경상
2015051700100061,2015년 5월 17일 02시,일요일,대전광역시 동구 삼성동,중상사고,0,1,3,0,차대차 - 측면직각충돌,안전운전불이행,건조,맑음,교차로 - 교차로안,승용,남,33세,중상,승용,남,44세,경상
2015051700100071,2015년 5월 17일 03시,일요일,대전광역시 유성구 하기동,경상사고,0,0,2,0,차대차 - 추돌 - 주정차중,안전운전불이행,건조,맑음,단일로 - 기타,승용,남,36세,상해없음,승용,남,28세,경상
2015051700100084,2015년 5월 17일 04시,일요일,대전광역시 서구 둔산동,경상사고,0,0,1,0,차대사람 - 길가장자리구역통행중,안전운전불이행,건조,맑음,단일로 - 기타,승용,남,23세,상해없음,보행자,여,24세,경상
2015051700100148,2015년 5월 17일 08시,일요일,대전광역시 중구 오류동,중상사고,0,1,2,2,차대차 - 추돌 - 주정차중,안전운전불이행,건조,맑음,교차로 - 교차로부근,화물,남,53세,상해없음,승용,남,36세,중상
2015051700100149,2015년 5월 17일 08시,일요일,대전광역시 유성구 봉명동,경상사고,0,0,2,0,차대차 - 추돌 - 진행중,안전운전불이행,건조,맑음,단일로 - 기타,승용,남,21세,상해없음,승용,남,51세,경상
2015051700100235,2015년 5월 17일 11시,일요일,대전광역시 대덕구 중리동,경상사고,0,0,1,0,차대차 - 추돌 - 진행중,교차로운행방법위반,건조,맑음,교차로 - 교차로안,승용,남,55세,상해없음,자전거,남,16세,경상
2015051700100298,2015년 5월 17일 13시,일요일,대전광역시 중구 산성동,중상사고,0,1,0,0,차대차 - 측면직각충돌,안전운전불이행,건조,맑음,교차로 - 교차로안,승용,남,54세,상해없음,원동기,여,48세,중상
2015051700100401,2015년 5월 17일 16시,일요일,대전광역시 중구 산성동,중상사고,0,1,0,0,차량단독 - 공작물충돌,기타,건조,맑음,단일로 - 기타,승합,남,44세,상해없음,,,,
2015051700100493,2015년 5월 17일 18시,일요일,대전광역시 중구 오류동,중상사고,0,1,0,0,차대차 - 측면직각충돌,기타,건조,맑음,단일로 - 기타,승용,남,40세,상해없음,원동기,남,51세,중상
2015051700100494,2015년 5월 17일 18시,일요일,대전광역시 동구 가양동,경상사고,0,0,1,0,차대차 - 추돌 - 주정차중,안전운전불이행,건조,맑음,교차로 - 교차로부근,승용,여,54세,상해없음,원동기,남,37세,경상
2015051700100596,2015년 5월 17일 22시,일요일,대전광역시 중구 선화동,경상사고,0,0,2,0,차대차 - 추돌 - 진행중,안전거리미확보,건조,흐림,단일로 - 기타,승합,남,42세,경상,승용,남,26세,경상
2015051700100610,2015년 5월 17일 23시,일요일,대전광역시 중구 태평동,중상사고,0,2,0,0,차대사람 - 차도통행중,보행자보호의무위반,건조,흐림,단일로 - 횡단보도상,승용,남,42세,상해없음,보행자,남,25세,중상
2015051800100014,2015년 5월 18일 00시,월요일,대전광역시 유성구 궁동,중상사고,0,2,4,0,차대차 - 측면직각충돌,신호위반,건조,맑음,교차로 - 교차로안,화물,남,26세,상해없음,승용,남,66세,중상
2015051800100141,2015년 5월 18일 08시,월요일,대전광역시 유성구 탑립동,경상사고,0,0,1,0,차대차 - 기타,신호위반,건조,맑음,교차로 - 교차로안,승용,남,26세,상해없음,승용,남,24세,경상
2015051800100175,2015년 5월 18일 09시,월요일,대전광역시 대덕구 오정동,경상사고,0,0,2,0,차대차 - 기타,안전운전불이행,건조,맑음,단일로 - 교량,승용,남,51세,상해없음,승용,여,46세,경상
2015051800100176,2015년 5월 18일 09시,월요일,대전광역시 서구 만년동,경상사고,0,0,1,0,차대차 - 기타,신호위반,건조,맑음,교차로 - 교차로안,승합,남,31세,상해없음,자전거,여,56세,경상
2015051800100235,2015년 5월 18일 11시,월요일,대전광역시 서구 괴정동,중상사고,0,1,0,0,차대차 - 측면직각충돌,안전운전불이행,건조,맑음,단일로 - 기타,승용,남,41세,상해없음,자전거,여,44세,중상
2015051800100339,2015년 5월 18일 14시,월요일,대전광역시 대덕구 중리동,경상사고,0,0,1,0,차대차 - 추돌 - 진행중,안전운전불이행,건조,맑음,단일로 - 횡단보도부근,승용,여,47세,상해없음,승용,여,34세,상해없음
2015051800100431,2015년 5월 18일 16시,월요일,대전광역시 유성구 상대동,중상사고,0,1,0,0,차대차 - 기타,중앙선침범,건조,맑음,교차로 - 교차로부근,승용,여,43세,상해없음,이륜,남,40세,중상
2015051800100432,2015년 5월 18일 16시,월요일,대전광역시 서구 둔산동,중상사고,0,1,0,0,차대차 - 측면직각충돌,안전운전불이행,건조,맑음,단일로 - 횡단보도상,승용,남,55세,상해없음,자전거,남,14세,중상
2015051800100472,2015년 5월 18일 17시,월요일,대전광역시 동구 천동,중상사고,0,1,0,0,차대사람 - 횡단중,신호위반,건조,맑음,단일로 - 횡단보도상,이륜,남,32세,상해없음,보행자,여,74세,중상
2015051800100513,2015년 5월 18일 18시,월요일,대전광역시 서구 가장동,경상사고,0,0,1,0,차대차 - 측면직각충돌,안전거리미확보,건조,맑음,단일로 - 기타,승용,남,30세,상해없음,승용,남,35세,경상
2015051800100546,2015년 5월 18일 19시,월요일,대전광역시 서구 관저동,경상사고,0,0,1,0,차대차 - 측면직각충돌,불법유턴,건조,맑음,교차로 - 교차로부근,승용,남,31세,경상,화물,남,41세,상해없음
2015051800100547,2015년 5월 18일 19시,월요일,대전광역시 서구 만년동,경상사고,0,0,1,0,차대차 - 정면충돌,신호위반,건조,맑음,교차로 - 교차로안,승용,여,25세,상해없음,승용,여,50세,경상
2015051800100593,2015년 5월 18일 20시,월요일,대전광역시 유성구 궁동,경상사고,0,0,1,0,차대사람 - 기타,신호위반,건조,맑음,단일로 - 기타,승용,남,55세,상해없음,보행자,여,19세,경상
2015051800100620,2015년 5월 18일 21시,월요일,대전광역시 서구 정림동,중상사고,0,1,3,0,차대차 - 정면충돌,안전운전불이행,건조,맑음,교차로 - 교차로안,승용,남,26세,상해없음,승용,남,56세,중상
2015051800100671,2015년 5월 18일 23시,월요일,대전광역시 서구 복수동,경상사고,0,0,3,0,차대차 - 측면직각충돌,교차로운행방법위반,건조,맑음,교차로 - 교차로안,승용,남,30세,상해없음,승용,남,24세,경상
2015051900100021,2015년 5월 19일 00시,화요일,대전광역시 동구 홍도동,경상사고,0,0,1,0,차량단독 - 기타,안전운전불이행,건조,맑음,단일로 - 기타,승용,남,53세,상해없음,,,,
2015051900100037,2015년 5월 19일 01시,화요일,대전광역시 유성구 문지동,경상사고,0,0,1,0,차대차 - 정면충돌,중앙선침범,건조,맑음,단일로 - 기타,승용,남,24세,상해없음,승용,여,44세,경상
2015051900100051,2015년 5월 19일 02시,화요일,대전광역시 중구 대흥동,중상사고,0,2,0,0,차대차 - 측면직각충돌,신호위반,건조,맑음,교차로 - 교차로안,승용,남,24세,상해없음,승용,남,49세,중상
2015051900100059,2015년 5월 19일 03시,화요일,대전광역시 대덕구 중리동,경상사고,0,0,1,0,차량단독 - 공작물충돌,안전운전불이행,건조,맑음,단일로 - 기타,승용,남,33세,경상,,,,
2015051900100089,2015년 5월 19일 06시,화요일,대전광역시 대덕구 읍내동,경상사고,0,0,1,0,차대차 - 기타,안전운전불이행,건조,맑음,단일로 - 기타,화물,남,53세,상해없음,화물,남,40세,상해없음
2015051900100163,2015년 5월 19일 08시,화요일,대전광역시 유성구 상대동,중상사고,0,1,1,0,차대사람 - 횡단중,보행자보호의무위반,건조,맑음,단일로 - 횡단보도상,승용,남,23세,상해없음,보행자,남,10세,경상
2015051900100204,2015년 5월 19일 09시,화요일,대전광역시 서구 도안동,경상사고,0,0,2,0,차대차 - 추돌 - 진행중,안전운전불이행,건조,맑음,교차로 - 교차로안,승용,남,74세,경상,승합,남,64세,경상
2015051900100205,2015년 5월 19일 09시,화요일,대전광역시 대덕구 오정동,경상사고,0,0,1,0,차대차 - 기타,교차로운행방법위반,건조,맑음,교차로 - 교차로안,승용,남,31세,상해없음,승용,여,51세,경상
2015051900100206,2015년 5월 19일 09시,화요일,대전광역시 서구 탄방동,경상사고,0,0,1,0,차대차 - 측면직각충돌,안전운전불이행,건조,맑음,교차로 - 교차로부근,승용,여,64세,상해없음,자전거,남,81세,경상
2015051900100230,2015년 5월 19일 10시,화요일,대전광역시 유성구 송강동,중상사고,0,1,0,0,차대차 - 측면직각충돌,안전운전불이행,건조,맑음,교차로 - 교차로부근,이륜,남,78세,중상,승용,남,59세,상해없음
2015051900100231,2015년 5월 19일 10시,화요일,대전광역시 유성구 봉명동,경상사고,0,0,1,0,차대차 - 기타,안전운전불이행,건조,맑음,단일로 - 기타,승용,남,64세,상해없음,화물,남,49세,경상
2015051900100257,2015년 5월 19일 11시,화요일,대전광역시 동구 용운동,부상신고사고,0,0,0,1,차대차 - 측면직각충돌,안전운전불이행,건조,맑음,교차로 - 교차로안,이륜,남,21세,상해없음,이륜,남,39세,부상신고
2015051900100318,2015년 5월 19일 13시,화요일,대전광역시 서구 흑석동,경상사고,0,0,2,0,차대차 - 추돌 - 진행중,안전운전불이행,건조,맑음,교차로 - 교차로부근,승용,남,54세,경상,승용,여,56세,경상
2015051900100391,2015년 5월 19일 15시,화요일,대전광역시 대덕구 덕암동,경상사고,0,0,1,0,차대차 - 기타,신호위반,건조,맑음,교차로 - 교차로안,승용,남,46세,상해없음,승용,여,53세,경상
2015051900100433,2015년 5월 19일 16시,화요일,대전광역시 서구 관저동,경상사고,0,0,1,0,차대차 - 측면직각충돌,신호위반,건조,맑음,교차로 - 교차로안,승용,남,86세,상해없음,자전거,여,64세,경상
2015051900100568,2015년 5월 19일 20시,화요일,대전광역시 서구 갈마동,중상사고,0,1,0,0,차대차 - 정면충돌,신호위반,건조,맑음,교차로 - 교차로안,승용,여,55세,상해없음,승용,남,33세,중상
2015051900100569,2015년 5월 19일 20시,화요일,대전광역시 서구 월평동,경상사고,0,0,1,0,차대사람 - 횡단중,보행자보호의무위반,습기,비,단일로 - 횡단보도상,승용,여,48세,상해없음,보행자,남,43세,경상
2015051900100601,2015년 5월 19일 21시,화요일,대전광역시 동구 대동,경상사고,0,0,1,0,차대사람 - 기타,안전운전불이행,건조,흐림,단일로 - 기타,승용,남,35세,상해없음,보행자,남,63세,경상
2015051900100602,2015년 5월 19일 21시,화요일,대전광역시 유성구 원내동,중상사고,0,1,0,0,차대차 - 기타,신호위반,건조,흐림,교차로 - 교차로안,화물,남,48세,상해없음,자전거,여,7세,중상
2015051900100628,2015년 5월 19일 22시,화요일,대전광역시 동구 가양동,경상사고,0,0,1,0,차대사람 - 횡단중,안전운전불이행,습기,비,교차로 - 교차로부근,승용,남,24세,상해없음,보행자,남,43세,경상
2015051900100629,2015년 5월 19일 22시,화요일,대전광역시 서구 갈마동,경상사고,0,0,2,0,차대차 - 추돌 - 진행중,안전운전불이행,습기,비,교차로 - 교차로안,승용,여,51세,상해없음,승용,여,44세,경상
2015052000100054,2015년 5월 20일 04시,수요일,대전광역시 서구 월평동,경상사고,0,0,1,0,차대차 - 추돌 - 진행중,안전운전불이행,건조,맑음,단일로 - 기타,승용,남,30세,상해없음,승용,남,61세,경상
2015052000100115,2015년 5월 20일 07시,수요일,대전광역시 중구 사정동,경상사고,0,0,2,0,차대차 - 추돌 - 주정차중,안전운전불이행,건조,맑음,교차로 - 교차로부근,승용,여,54세,상해없음,승용,남,36세,경상
2015052000100167,2015년 5월 20일 08시,수요일,대전광역시 중구 중촌동,경상사고,0,0,2,0,차대차 - 측면직각충돌,안전운전불이행,건조,맑음,교차로 - 교차로안,승용,여,51세,상해없음,승용,남,62세,경상
2015052000100168,2015년 5월 20일 08시,수요일,대전광역시 유성구 구암동,경상사고,0,0,5,0,차대차 - 추돌 - 진행중,중앙선침범,건조,맑음,단일로 - 기타,승용,여,54세,상해없음,승용,남,35세,경상
2015052000100169,2015년 5월 20일 08시,수요일,대전광역시 유성구 반석동,경상사고,0,0,1,0,차대차 - 측면직각충돌,안전운전불이행,건조,맑음,교차로 - 교차로안,승용,남,38세,상해없음,승용,여,33세,경상
2015052000100170,2015년 5월 20일 08시,수요일,대전광역시 유성구 장대동,경상사고,0,0,5,0,차대차 - 기타,신호위반,건조,맑음,교차로 - 교차로안,승용,여,34세,경상,화물,남,61세,경상
2015052000100191,2015년 5월 20일 09시,수요일,대전광역시 중구 문화동,경상사고,0,0,1,0,차대차 - 측면직각충돌,안전운전불이행,건조,맑음,교차로 - 교차로부근,승용,남,66세,상해없음,자전거,남,83세,경상
2015052000100308,2015년 5월 20일 13시,수요일,대전광역시 중구 사정동,중상사고,0,2,0,0,차대차 - 측면직각충돌,불법유턴,건조,맑음,단일로 - 기타,이륜,남,16세,중상,승용,남,55세,상해없음
2015052000100309,2015년 5월 20일 13시,수요일,대전광역시 중구 대흥동,경상사고,0,0,1,0,차대차 - 측면직각충돌,안전거리미확보,건조,맑음,교차로 - 교차로부근,승용,남,36세,상해없음,승용,여,38세,경상
2015052000100342,2015년 5월 20일 14시,수요일,대전광역시 중구 대사동,중상사고,0,1,1,0,차대차 - 측면직각충돌,안전거리미확보,건조,맑음,단일로 - 기타,이륜,남,75세,중상,승용,여,48세,경상
2015052000100343,2015년 5월 20일 14시,수요일,대전광역시 서구 가장동,중상사고,0,1,2,0,차대차 - 기타,중앙선침범,건조,맑음,단일로 - 기타,승용,남,72세,상해없음,승합,여,25세,경상
2015052000100344,2015년 5월 20일 14시,수요일,대전광역시 유성구 탑립동,경상사고,0,0,8,0,차대차 - 기타,신호위반,건조,맑음,교차로 - 교차로안,승용,여,56세,경상,승용,남,48세,경상
2015052000100392,2015년 5월 20일 15시,수요일,대전광역시 중구 유천동,중상사고,0,1,0,0,차대사람 - 길가장자리구역통행중,안전운전불이행,건조,맑음,단일로 - 기타,이륜,남,33세,상해없음,보행자,남,61세,중상
2015052000100393,2015년 5월 20일 15시,수요일,대전광역시 대덕구 송촌동,중상사고,0,1,0,0,차대사람 - 횡단중,안전운전불이행,건조,맑음,기타 - 기타,승용,남,50세,상해없음,보행자,여,44세,중상
2015052000100433,2015년 5월 20일 16시,수요일,대전광역시 대덕구 중리동,경상사고,0,0,1,0,차대차 - 기타,안전운전불이행,건조,맑음,교차로 - 교차로부근,승용,남,63세,상해없음,자전거,남,16세,경상
2015052000100434,2015년 5월 20일 16시,수요일,대전광역시 서구 월평동,중상사고,0,1,0,0,차대차 - 기타,안전운전불이행,건조,맑음,단일로 - 횡단보도상,승용,여,52세,상해없음,자전거,남,68세,중상
2015052000100534,2015년 5월 20일 18시,수요일,대전광역시 동구 용전동,경상사고,0,0,1,0,차대차 - 정면충돌,신호위반,건조,맑음,단일로 - 기타,승용,남,65세,기타불명,승용,남,37세,경상
2015052000100535,2015년 5월 20일 18시,수요일,대전광역시 동구 용운동,경상사고,0,0,1,0,차대차 - 추돌 - 진행중,안전거리미확보,건조,맑음,교차로 - 교차로안,승합,남,55세,상해없음,승용,남,23세,경상
2015052000100575,2015년 5월 20일 19시,수요일,대전광역시 동구 가양동,중상사고,0,1,0,0,차대사람 - 길가장자리구역통행중,안전운전불이행,건조,맑음,단일로 - 기타,승용,기타불명,30세,기타불명,보행자,여,74세,중상
2015052000100576,2015년 5월 20일 19시,수요일,대전광역시 대덕구 오정동,경상사고,0,0,1,0,차대차 - 기타,안전운전불이행,건조,맑음,교차로 - 교차로부근,이륜,남,27세,상해없음,승용,남,28세,경상
2015052000100606,2015년 5월 20일 20시,수요일,대전광역시 동구 비룡동,경상사고,0,0,3,0,차대차 - 추돌 - 주정차중,안전운전불이행,건조,맑음,단일로 - 기타,화물,남,33세,기타불명,화물,남,59세,경상
2015052000100607,2015년 5월 20일 20시,수요일,대전광역시 대덕구 문평동,경상사고,0,0,4,0,차대차 - 기타,교차로운행방법위반,건조,맑음,교차로 - 교차로안,승용,남,21세,상해없음,승용,남,43세,경상
2015052000100644,2015년 5월 20일 21시,수요일,대전광역시 동구 성남동,경상사고,0,0,2,0,차대사람 - 횡단중,안전운전불이행,건조,맑음,단일로 - 횡단보도상,승용,남,59세,상해없음,보행자,여,15세,경상
2015052000100645,2015년 5월 20일 21시,수요일,대전광역시 유성구 봉명동,경상사고,0,0,4,0,차대차 - 측면직각충돌,안전운전불이행,건조,맑음,단일로 - 기타,승용,남,69세,상해없음,승합,남,50세,상해없음
2015052000100670,2015년 5월 20일 22시,수요일,대전광역시 서구 관저동,경상사고,0,0,1,0,차대차 - 정면충돌,안전운전불이행,건조,맑음,교차로 - 교차로안,승용,남,51세,상해없음,이륜,남,29세,경상
2015052000100671,2015년 5월 20일 22시,수요일,대전광역시 대덕구 중리동,경상사고,0,0,2,0,차대차 - 기타,중앙선침범,건조,맑음,단일로 - 기타,승용,여,34세,상해없음,승용,남,40세,경상
2015052000100672,2015년 5월 20일 22시,수요일,대전광역시 서구 탄방동,경상사고,0,0,2,0,차대차 - 기타,안전운전불이행,건조,맑음,교차로 - 교차로부근,승용,여,21세,경상,승용,여,53세,상해없음
2015052100100075,2015년 5월 21일 05시,목요일,대전광역시 유성구 복용동,중상사고,0,1,0,0,차대차 - 측면직각충돌,중앙선침범,건조,맑음,단일로 - 기타,화물,남,56세,상해없음,승용,남,51세,중상
2015052100100113,2015년 5월 21일 07시,목요일,대전광역시 서구 월평동,경상사고,0,0,1,0,차대사람 - 길가장자리구역통행중,교차로운행방법위반,건조,맑음,단일로 - 기타,승용,여,53세,상해없음,보행자,여,22세,경상
2015052100100169,2015년 5월 21일 08시,목요일,대전광역시 동구 가양동,경상사고,0,0,1,0,차대차 - 추돌 - 진행중,안전운전불이행,건조,맑음,단일로 - 기타,승용,남,50세,상해없음,승용,남,76세,상해없음
2015052100100170,2015년 5월 21일 08시,목요일,대전광역시 동구 용전동,경상사고,0,0,1,0,차량단독 - 기타,안전운전불이행,건조,맑음,기타 - 기타,승합,남,40세,상해없음,,,,