사고번호,사고일시,요일,시군구,사고내용,사망자수,중상자수,경상자수,부상신고자수,사고유형,법규위반,노면상태,기상상태,도로형태,가해운전자 차종,가해운전자 성별,가해운전자 연령,가해운전자 상해정도,피해운전자 차종,피해운전자 성별,피해운전자 연령,피해운전자 상해정도
2015052100100171,2015년 5월 21일 08시,목요일,대전광역시 유성구 도룡동,경상사고,0,0,1,0,차대차 - 추돌 - 진행중,안전운전불이행,건조,맑음,단일로 - 기타,승용,남,62세,상해없음,승용,남,51세,상해없음
2015052100100201,2015년 5월 21일 09시,목요일,대전광역시 동구 용전동,경상사고,0,0,1,0,차대차 - 추돌 - 주정차중,안전운전불이행,건조,맑음,단일로 - 기타,화물,남,23세,상해없음,승용,남,28세,경상
2015052100100202,2015년 5월 21일 09시,목요일,대전광역시 유성구 원내동,중상사고,0,1,0,0,차대사람 - 길가장자리구역통행중,안전운전불이행,건조,맑음,단일로 - 기타,승용,남,43세,상해없음,보행자,남,67세,중상
2015052100100265,2015년 5월 21일 11시,목요일,대전광역시 유성구 봉명동,경상사고,0,0,1,0,차대차 - 추돌 - 진행중,안전운전불이행,건조,맑음,교차로 - 교차로부근,건설기계,남,55세,상해없음,승용,남,47세,경상
2015052100100300,2015년 5월 21일 12시,목요일,대전광역시 유성구 장동,중상사고,0,2,0,0,차대차 - 추돌 - 진행중,안전거리미확보,건조,맑음,교차로 - 교차로부근,이륜,남,56세,상해없음,승용,남,29세,중상
2015052100100410,2015년 5월 21일 15시,목요일,대전광역시 서구 괴정동,경상사고,0,0,1,0,차대차 - 측면직각충돌,안전거리미확보,건조,맑음,단일로 - 기타,승용,여,25세,상해없음,승용,남,51세,경상
2015052100100438,2015년 5월 21일 16시,목요일,대전광역시 중구 선화동,중상사고,0,1,0,0,차대차 - 측면직각충돌,안전운전불이행,건조,맑음,교차로 - 교차로안,화물,남,44세,상해없음,자전거,남,14세,중상
2015052100100439,2015년 5월 21일 16시,목요일,대전광역시 동구 용운동,경상사고,0,0,1,0,차대사람 - 기타,안전운전불이행,건조,맑음,단일로 - 기타,자전거,여,52세,상해없음,보행자,여,77세,경상
2015052100100531,2015년 5월 21일 18시,목요일,대전광역시 동구 가오동,사망사고,1,0,1,0,차대사람 - 횡단중,안전운전불이행,건조,맑음,단일로 - 기타,건설기계,남,57세,상해없음,보행자,여,15세,사망
2015052100100532,2015년 5월 21일 18시,목요일,대전광역시 서구 도마동,중상사고,0,1,0,0,차대차 - 측면직각충돌,안전운전불이행,건조,맑음,단일로 - 기타,승용,여,46세,상해없음,자전거,남,6세,중상
2015052100100533,2015년 5월 21일 18시,목요일,대전광역시 유성구 외삼동,경상사고,0,0,3,0,차대차 - 기타,안전운전불이행,건조,맑음,단일로 - 기타,승용,남,19세,상해없음,승용,여,46세,경상
2015052100100534,2015년 5월 21일 18시,목요일,대전광역시 유성구 반석동,중상사고,0,1,0,0,차대차 - 기타,안전운전불이행,건조,맑음,교차로 - 교차로안,승용,남,59세,상해없음,이륜,남,48세,중상
2015052100100535,2015년 5월 21일 18시,목요일,대전광역시 유성구 관평동,중상사고,0,1,0,0,차대차 - 기타,중앙선침범,건조,맑음,단일로 - 횡단보도상,승용,남,50세,상해없음,자전거,남,59세,중상
2015052100100571,2015년 5월 21일 19시,목요일,대전광역시 유성구 노은동,중상사고,0,1,0,0,차대차 - 기타,신호위반,건조,맑음,교차로 - 교차로안,승용,여,32세,기타불명,화물,여,63세,중상
2015052100100673,2015년 5월 21일 22시,목요일,대전광역시 유성구 전민동,중상사고,0,1,0,0,차대차 - 기타,안전운전불이행,건조,맑음,단일로 - 기타,자전거,남,22세,상해없음,자전거,남,25세,중상
2015052100100692,2015년 5월 21일 23시,목요일,대전광역시 유성구 봉명동,경상사고,0,0,3,0,차대차 - 기타,교차로운행방법위반,건조,맑음,교차로 - 교차로안,승용,남,51세,상해없음,승용,여,39세,경상
2015052200100023,2015년 5월 22일 00시,금요일,대전광역시 중구 태평동,경상사고,0,0,1,0,차대차 - 측면직각충돌,기타,건조,맑음,교차로 - 교차로부근,승용,남,63세,상해없음,자전거,남,40세,경상
2015052200100036,2015년 5월 22일 01시,금요일,대전광역시 중구 대흥동,중상사고,0,1,1,0,차대차 - 측면직각충돌,신호위반,건조,맑음,교차로 - 교차로안,승용,남,49세,경상,승용,남,64세,중상
2015052200100046,2015년 5월 22일 02시,금요일,대전광역시 동구 가양동,경상사고,0,0,1,0,차대차 - 측면직각충돌,안전운전불이행,건조,맑음,단일로 - 기타,승용,남,51세,상해없음,이륜,남,32세,경상
2015052200100071,2015년 5월 22일 04시,금요일,대전광역시 유성구 궁동,중상사고,0,1,0,0,차량단독 - 전도전복,안전운전불이행,건조,맑음,교차로 - 교차로안,이륜,여,18세,중상,,,,
2015052200100092,2015년 5월 22일 06시,금요일,대전광역시 유성구 용계동,경상사고,0,0,1,0,차대차 - 기타,신호위반,건조,맑음,교차로 - 교차로부근,화물,남,69세,상해없음,승합,남,62세,경상
2015052200100178,2015년 5월 22일 08시,금요일,대전광역시 서구 복수동,경상사고,0,0,1,0,차대사람 - 보도통행중,보행자보호의무위반,건조,맑음,단일로 - 기타,승용,여,52세,상해없음,보행자,여,6세,경상
2015052200100179,2015년 5월 22일 08시,금요일,대전광역시 서구 둔산동,경상사고,0,0,1,0,차대차 - 측면직각충돌,신호위반,건조,맑음,교차로 - 교차로안,승용,여,28세,상해없음,이륜,남,37세,경상
2015052200100214,2015년 5월 22일 09시,금요일,대전광역시 서구 둔산동,경상사고,0,0,1,0,차대차 - 측면직각충돌,신호위반,건조,맑음,교차로 - 교차로안,승용,여,53세,상해없음,승용,여,57세,경상
2015052200100247,2015년 5월 22일 10시,금요일,대전광역시 서구 탄방동,중상사고,0,1,1,0,차대차 - 측면직각충돌,교차로운행방법위반,건조,맑음,교차로 - 교차로안,승용,여,33세,상해없음,원동기,남,65세,경상
2015052200100310,2015년 5월 22일 12시,금요일,대전광역시 동구 대별동,경상사고,0,0,1,0,차대차 - 측면직각충돌,안전운전불이행,건조,맑음,단일로 - 기타,특수,남,52세,상해없음,승용,남,65세,경상
2015052200100339,2015년 5월 22일 13시,금요일,대전광역시 서구 갈마동,경상사고,0,0,1,0,차대차 - 추돌 - 진행중,안전운전불이행,건조,맑음,단일로 - 기타,화물,남,70세,상해없음,화물,남,31세,경상
2015052200100340,2015년 5월 22일 13시,금요일,대전광역시 서구 갈마동,경상사고,0,0,1,0,차대차 - 추돌 - 진행중,안전운전불이행,건조,맑음,교차로 - 교차로부근,승용,남,66세,상해없음,승용,남,38세,경상
2015052200100442,2015년 5월 22일 15시,금요일,대전광역시 유성구 노은동,경상사고,0,0,1,0,차대사람 - 보도통행중,보행자보호의무위반,건조,맑음,교차로 - 교차로안,승용,남,73세,상해없음,보행자,남,31세,경상
2015052200100612,2015년 5월 22일 19시,금요일,대전광역시 동구 용운동,중상사고,0,1,0,0,차대사람 - 기타,중앙선침범,건조,맑음,단일로 - 횡단보도상,원동기,남,33세,상해없음,보행자,남,7세,중상
2015052200100649,2015년 5월 22일 20시,금요일,대전광역시 유성구 구암동,경상사고,0,0,1,0,차대차 - 측면직각충돌,안전운전불이행,건조,맑음,교차로 - 교차로부근,승용,남,24세,상해없음,승용,남,52세,경상
2015052200100687,2015년 5월 22일 21시,금요일,대전광역시 유성구 구암동,중상사고,0,1,0,0,차대사람 - 횡단중,신호위반,건조,맑음,교차로 - 교차로부근,승용,여,45세,상해없음,보행자,여,19세,중상
2015052300100064,2015년 5월 23일 02시,토요일,대전광역시 서구 갈마동,경상사고,0,0,1,0,차대차 - 추돌 - 진행중,안전운전불이행,건조,맑음,단일로 - 기타,승용,남,25세,상해없음,승용,남,52세,상해없음
2015052300100074,2015년 5월 23일 03시,토요일,대전광역시 서구 월평동,중상사고,0,1,0,0,차량단독 - 기타,안전운전불이행,건조,맑음,교차로 - 교차로부근,이륜,남,17세,상해없음,,,,
2015052300100170,2015년 5월 23일 08시,토요일,대전광역시 중구 문화동,경상사고,0,0,1,0,차대사람 - 기타,안전운전불이행,건조,맑음,단일로 - 기타,기타불명,기타불명,기타불명,기타불명,보행자,여,67세,경상
2015052300100171,2015년 5월 23일 08시,토요일,대전광역시 동구 자양동,경상사고,0,0,1,0,차대사람 - 횡단중,안전운전불이행,건조,맑음,단일로 - 기타,승용,남,68세,상해없음,보행자,여,21세,경상
2015052300100172,2015년 5월 23일 08시,토요일,대전광역시 서구 월평동,경상사고,0,0,2,0,차대차 - 측면직각충돌,안전운전불이행,건조,맑음,교차로 - 교차로안,승용,여,55세,상해없음,이륜,남,21세,경상
2015052300100197,2015년 5월 23일 09시,토요일,대전광역시 동구 용전동,경상사고,0,0,1,0,차대사람 - 차도통행중,안전운전불이행,건조,맑음,교차로 - 교차로부근,승용,남,54세,상해없음,보행자,남,22세,경상
2015052300100302,2015년 5월 23일 12시,토요일,대전광역시 유성구 원내동,중상사고,0,1,2,0,차대차 - 추돌 - 진행중,차로위반,건조,맑음,단일로 - 기타,승용,기타불명,기타불명,기타불명,특수,남,52세,중상
2015052300100319,2015년 5월 23일 12시,토요일,대전광역시 유성구 도룡동,중상사고,0,1,0,0,차대차 - 측면직각충돌,안전거리미확보,건조,맑음,단일로 - 기타,승용,남,31세,상해없음,이륜,남,42세,중상
2015052300100523,2015년 5월 23일 17시,토요일,대전광역시 중구 사정동,경상사고,0,0,2,0,차대차 - 측면직각충돌,안전운전불이행,건조,맑음,단일로 - 기타,승용,남,46세,상해없음,승용,남,51세,경상
2015052300100524,2015년 5월 23일 17시,토요일,대전광역시 서구 탄방동,경상사고,0,0,1,0,차대차 - 추돌 - 진행중,신호위반,건조,맑음,교차로 - 교차로안,승용,여,43세,상해없음,승용,남,61세,경상
2015052300100649,2015년 5월 23일 21시,토요일,대전광역시 유성구 봉명동,경상사고,0,0,1,0,차대차 - 추돌 - 주정차중,안전운전불이행,건조,맑음,단일로 - 기타,승용,남,29세,상해없음,승용,여,44세,경상
2015052300100677,2015년 5월 23일 22시,토요일,대전광역시 중구 문화동,경상사고,0,0,2,0,차대차 - 측면직각충돌,안전거리미확보,건조,맑음,단일로 - 기타,승용,남,43세,상해없음,승용,남,27세,경상
2015052300100678,2015년 5월 23일 22시,토요일,대전광역시 대덕구 중리동,경상사고,0,0,1,0,차대차 - 추돌 - 진행중,신호위반,건조,맑음,교차로 - 교차로안,화물,남,56세,상해없음,자전거,남,16세,경상
2015052300100706,2015년 5월 23일 23시,토요일,대전광역시 중구 석교동,경상사고,0,0,1,0,차대차 - 추돌 - 진행중,안전운전불이행,건조,맑음,단일로 - 기타,승용,남,27세,상해없음,승용,남,22세,경상
2015052400100032,2015년 5월 24일 01시,일요일,대전광역시 동구 효동,경상사고,0,0,1,0,차대차 - 측면직각충돌,신호위반,건조,맑음,교차로 - 교차로안,화물,남,56세,상해없음,승용,남,36세,경상
2015052400100046,2015년 5월 24일 02시,일요일,대전광역시 동구 용전동,경상사고,0,0,1,0,차대사람 - 차도통행중,안전운전불이행,건조,맑음,단일로 - 기타,승용,남,33세,기타불명,보행자,남,28세,경상
2015052400100069,2015년 5월 24일 03시,일요일,대전광역시 서구 도마동,중상사고,0,1,2,0,차대차 - 측면직각충돌,신호위반,건조,맑음,교차로 - 교차로안,승용,남,20세,상해없음,승합,남,32세,중상
2015052400100083,2015년 5월 24일 04시,일요일,대전광역시 동구 삼성동,중상사고,0,1,0,0,차대사람 - 기타,안전운전불이행,건조,맑음,단일로 - 기타,화물,남,75세,상해없음,보행자,남,28세,중상
2015052400100195,2015년 5월 24일 10시,일요일,대전광역시 중구 문화동,경상사고,0,0,1,0,차대차 - 측면직각충돌,안전운전불이행,건조,맑음,단일로 - 기타,자전거,여,6세,경상,승용,남,47세,상해없음
2015052400100196,2015년 5월 24일 10시,일요일,대전광역시 서구 둔산동,중상사고,0,2,0,0,차대차 - 측면직각충돌,교차로운행방법위반,건조,맑음,교차로 - 교차로안,승용,남,22세,상해없음,승용,여,44세,중상
2015052400100197,2015년 5월 24일 10시,일요일,대전광역시 유성구 장대동,경상사고,0,0,2,0,차대차 - 추돌 - 진행중,안전운전불이행,건조,맑음,교차로 - 교차로안,승용,남,55세,상해없음,자전거,여,35세,경상
2015052400100309,2015년 5월 24일 14시,일요일,대전광역시 유성구 갑동,경상사고,0,0,1,0,차대사람 - 횡단중,안전운전불이행,건조,맑음,단일로 - 기타,승용,남,31세,상해없음,보행자,남,3세,경상
2015052400100332,2015년 5월 24일 15시,일요일,대전광역시 서구 관저동,중상사고,0,1,1,0,차대차 - 측면직각충돌,안전거리미확보,건조,맑음,단일로 - 기타,승용,여,50세,상해없음,승용,남,45세,중상
2015052400100342,2015년 5월 24일 15시,일요일,대전광역시 동구 효동,경상사고,0,0,3,0,차대차 - 추돌 - 진행중,안전거리미확보,건조,맑음,교차로 - 교차로부근,승용,여,25세,기타불명,승용,여,33세,경상
2015052400100343,2015년 5월 24일 15시,일요일,대전광역시 서구 괴정동,경상사고,0,0,1,0,차대차 - 정면충돌,안전운전불이행,건조,맑음,단일로 - 기타,승용,남,55세,상해없음,승용,남,25세,경상
2015052400100384,2015년 5월 24일 16시,일요일,대전광역시 서구 정림동,경상사고,0,0,1,0,차대차 - 정면충돌,신호위반,건조,맑음,교차로 - 교차로안,승용,남,33세,상해없음,승용,남,50세,경상
2015052400100424,2015년 5월 24일 17시,일요일,대전광역시 대덕구 비래동,경상사고,0,0,1,0,차대사람 - 기타,안전운전불이행,건조,맑음,교차로 - 교차로안,승용,남,42세,상해없음,보행자,여,7세,경상
2015052400100509,2015년 5월 24일 20시,일요일,대전광역시 서구 둔산동,경상사고,0,0,1,0,차대사람 - 기타,안전운전불이행,건조,맑음,교차로 - 교차로부근,승용,남,38세,상해없음,보행자,남,25세,경상
2015052400100558,2015년 5월 24일 22시,일요일,대전광역시 서구 둔산동,중상사고,0,1,0,0,차대차 - 추돌 - 주정차중,안전운전불이행,건조,맑음,단일로 - 기타,승용,여,33세,상해없음,승용,남,49세,중상
2015052500100014,2015년 5월 25일 00시,월요일,대전광역시 서구 변동,사망사고,1,1,0,0,차대차 - 측면직각충돌,안전운전불이행,건조,맑음,단일로 - 기타,승용,남,63세,상해없음,이륜,남,17세,중상
2015052500100029,2015년 5월 25일 01시,월요일,대전광역시 서구 둔산동,사망사고,1,1,0,0,차대차 - 측면직각충돌,신호위반,건조,맑음,교차로 - 교차로안,이륜,남,14세,중상,승용,남,51세,상해없음
2015052500100059,2015년 5월 25일 04시,월요일,대전광역시 유성구 대정동,경상사고,0,0,1,0,차대사람 - 기타,안전운전불이행,건조,맑음,단일로 - 기타,승용,남,19세,상해없음,보행자,남,67세,경상
2015052500100135,2015년 5월 25일 08시,월요일,대전광역시 서구 관저동,경상사고,0,0,1,0,차대차 - 측면직각충돌,안전운전불이행,건조,맑음,단일로 - 기타,승용,남,54세,상해없음,승용,남,48세,경상
2015052500100136,2015년 5월 25일 08시,월요일,대전광역시 유성구 교촌동,경상사고,0,0,1,0,차대차 - 추돌 - 주정차중,안전운전불이행,건조,맑음,단일로 - 기타,승합,남,44세,상해없음,승용,여,39세,경상
2015052500100217,2015년 5월 25일 11시,월요일,대전광역시 중구 대사동,경상사고,0,0,1,0,차대사람 - 길가장자리구역통행중,안전운전불이행,건조,맑음,단일로 - 기타,승용,여,59세,상해없음,보행자,남,54세,경상
2015052500100315,2015년 5월 25일 14시,월요일,대전광역시 중구 태평동,경상사고,0,0,3,0,차대차 - 추돌 - 진행중,안전운전불이행,건조,맑음,단일로 - 기타,승용,남,46세,상해없음,승용,남,42세,경상
2015052500100361,2015년 5월 25일 15시,월요일,대전광역시 중구 유천동,경상사고,0,0,2,0,차대차 - 측면직각충돌,안전운전불이행,건조,맑음,단일로 - 기타,화물,남,62세,상해없음,승용,남,58세,경상
2015052500100392,2015년 5월 25일 16시,월요일,대전광역시 동구 삼성동,중상사고,0,1,0,0,차대차 - 기타,안전운전불이행,건조,맑음,교차로 - 교차로안,승용,남,72세,상해없음,이륜,남,66세,중상
2015052500100393,2015년 5월 25일 16시,월요일,대전광역시 유성구 도룡동,경상사고,0,0,2,0,차대차 - 추돌 - 진행중,안전운전불이행,건조,맑음,단일로 - 기타,승용,여,32세,상해없음,승용,남,41세,상해없음
2015052500100444,2015년 5월 25일 17시,월요일,대전광역시 서구 둔산동,경상사고,0,0,1,0,차량단독 - 기타,안전운전불이행,건조,맑음,기타 - 기타,승합,남,44세,상해없음,,,,
2015052500100466,2015년 5월 25일 18시,월요일,대전광역시 서구 둔산동,경상사고,0,0,1,0,차대차 - 추돌 - 진행중,안전거리미확보,건조,맑음,교차로 - 교차로부근,승용,여,29세,상해없음,승용,남,60세,경상
2015052500100467,2015년 5월 25일 18시,월요일,대전광역시 유성구 신성동,경상사고,0,0,1,0,차대차 - 추돌 - 주정차중,안전운전불이행,건조,맑음,단일로 - 기타,승용,여,46세,상해없음,이륜,남,26세,경상
2015052500100495,2015년 5월 25일 19시,월요일,대전광역시 유성구 원신흥동,경상사고,0,0,2,0,차대사람 - 길가장자리구역통행중,안전운전불이행,건조,맑음,단일로 - 기타,자전거,남,15세,상해없음,보행자,여,57세,경상
2015052500100551,2015년 5월 25일 21시,월요일,대전광역시 동구 가오동,경상사고,0,0,1,0,차대차 - 추돌 - 진행중,안전운전불이행,건조,맑음,교차로 - 교차로부근,화물,남,55세,상해없음,승용,여,49세,경상
2015052500100552,2015년 5월 25일 21시,월요일,대전광역시 서구 괴정동,경상사고,0,0,1,0,차대사람 - 길가장자리구역통행중,안전운전불이행,건조,맑음,단일로 - 기타,승용,남,38세,상해없음,보행자,여,18세,경상
2015052500100599,2015년 5월 25일 23시,월요일,대전광역시 유성구 도룡동,사망사고,2,0,0,0,차량단독 - 전도전복,안전운전불이행,건조,맑음,단일로 - 기타,원동기,남,16세,사망,,,,
2015052500100600,2015년 5월 25일 23시,월요일,대전광역시 유성구 궁동,경상사고,0,0,2,0,차대차 - 기타,안전운전불이행,건조,맑음,교차로 - 교차로부근,승용,여,28세,상해없음,승용,남,34세,경상
2015052600100012,2015년 5월 26일 00시,화요일,대전광역시 동구 대동,경상사고,0,0,3,0,차대차 - 측면직각충돌,안전운전불이행,건조,맑음,교차로 - 교차로안,이륜,남,21세,경상,승용,남,66세,경상
2015052600100065,2015년 5월 26일 06시,화요일,대전광역시 동구 판암동,경상사고,0,0,1,0,차대차 - 측면직각충돌,안전운전불이행,건조,맑음,교차로 - 교차로안,화물,남,44세,상해없음,자전거,여,22세,경상
2015052600100066,2015년 5월 26일 06시,화요일,대전광역시 동구 대성동,경상사고,0,0,3,0,차대사람 - 보도통행중,중앙선침범,건조,맑음,단일로 - 기타,승용,남,26세,경상,보행자,여,67세,경상
2015052600100067,2015년 5월 26일 06시,화요일,대전광역시 서구 정림동,중상사고,0,1,1,0,차대차 - 측면직각충돌,신호위반,건조,맑음,교차로 - 교차로안,화물,남,72세,상해없음,화물,남,36세,경상
2015052600100068,2015년 5월 26일 06시,화요일,대전광역시 유성구 반석동,중상사고,0,1,1,0,차대차 - 측면직각충돌,신호위반,건조,맑음,교차로 - 교차로안,승용,여,54세,중상,승용,남,38세,경상
2015052600100143,2015년 5월 26일 08시,화요일,대전광역시 대덕구 읍내동,경상사고,0,0,1,0,차대차 - 추돌 - 진행중,안전운전불이행,건조,맑음,단일로 - 기타,화물,남,48세,상해없음,승용,여,25세,경상
2015052600100181,2015년 5월 26일 09시,화요일,대전광역시 동구 인동,경상사고,0,0,1,0,차대차 - 기타,안전운전불이행,건조,맑음,교차로 - 교차로안,이륜,남,74세,상해없음,승용,남,72세,경상
2015052600100182,2015년 5월 26일 09시,화요일,대전광역시 서구 용문동,경상사고,0,0,1,0,차대차 - 추돌 - 진행중,안전운전불이행,건조,맑음,교차로 - 교차로부근,승용,남,56세,상해없음,승합,남,39세,상해없음
2015052600100218,2015년 5월 26일 10시,화요일,대전광역시 중구 부사동,경상사고,0,0,1,0,차대사람 - 횡단중,신호위반,건조,맑음,교차로 - 교차로안,화물,남,54세,상해없음,보행자,남,35세,경상
2015052600100219,2015년 5월 26일 10시,화요일,대전광역시 동구 용전동,중상사고,0,1,0,0,차대차 - 기타,안전운전불이행,건조,맑음,단일로 - 기타,승용,남,48세,상해없음,이륜,남,25세,중상
2015052600100249,2015년 5월 26일 11시,화요일,대전광역시 서구 관저동,경상사고,0,0,4,0,차대차 - 측면직각충돌,안전운전불이행,건조,맑음,단일로 - 기타,승용,여,29세,경상,승용,여,54세,경상
2015052600100250,2015년 5월 26일 11시,화요일,대전광역시 서구 둔산동,경상사고,0,0,1,0,차대사람 - 횡단중,보행자보호의무위반,건조,맑음,단일로 - 횡단보도상,승용,여,58세,상해없음,보행자,남,28세,경상
2015052600100326,2015년 5월 26일 13시,화요일,대전광역시 중구 선화동,경상사고,0,0,1,0,차대사람 - 기타,안전운전불이행,건조,맑음,단일로 - 기타,이륜,남,39세,상해없음,보행자,남,64세,경상
2015052600100457,2015년 5월 26일 16시,화요일,대전광역시 중구 태평동,경상사고,0,0,2,0,차대차 - 측면직각충돌,안전운전불이행,건조,맑음,단일로 - 기타,승용,남,45세,상해없음,승용,남,37세,경상
2015052600100458,2015년 5월 26일 16시,화요일,대전광역시 서구 도마동,경상사고,0,0,1,0,차대사람 - 횡단중,안전운전불이행,건조,맑음,교차로 - 교차로안,승용,남,35세,상해없음,보행자,남,22세,경상
2015052600100514,2015년 5월 26일 17시,화요일,대전광역시 유성구 전민동,경상사고,0,0,1,0,차대사람 - 횡단중,안전운전불이행,건조,맑음,교차로 - 교차로안,승용,여,36세,상해없음,보행자,여,19세,경상
2015052600100576,2015년 5월 26일 18시,화요일,대전광역시 동구 가양동,중상사고,0,1,0,0,차량단독 - 기타,기타,건조,맑음,단일로 - 기타,승합,남,47세,상해없음,,,,
2015052600100577,2015년 5월 26일 18시,화요일,대전광역시 유성구 구암동,경상사고,0,0,2,0,차대차 - 추돌 - 진행중,교차로운행방법위반,건조,맑음,교차로 - 교차로부근,승합,남,52세,상해없음,승용,여,26세,경상
2015052600100657,2015년 5월 26일 20시,화요일,대전광역시 중구 은행동,경상사고,0,0,1,0,차대사람 - 보도통행중,신호위반,건조,맑음,단일로 - 횡단보도상,승용,남,65세,상해없음,보행자,남,23세,경상
2015052600100658,2015년 5월 26일 20시,화요일,대전광역시 중구 문화동,경상사고,0,0,5,0,차대차 - 추돌 - 진행중,안전운전불이행,건조,맑음,단일로 - 기타,승용,남,24세,상해없음,승용,남,66세,경상
2015052600100683,2015년 5월 26일 21시,화요일,대전광역시 유성구 덕명동,경상사고,0,0,1,0,차대차 - 정면충돌,직진우회전진행방해,건조,맑음,교차로 - 교차로안,승용,여,20세,상해없음,원동기,남,19세,경상
2015052700100040,2015년 5월 27일 02시,수요일,대전광역시 서구 괴정동,경상사고,0,0,2,0,차대차 - 추돌 - 진행중,안전운전불이행,건조,맑음,교차로 - 교차로부근,승용,남,24세,상해없음,승용,남,39세,경상
2015052700100048,2015년 5월 27일 03시,수요일,대전광역시 대덕구 법동,경상사고,0,0,1,0,차대차 - 측면직각충돌,안전운전불이행,건조,맑음,교차로 - 교차로안,승용,여,50세,상해없음,승용,남,49세,경상
2015052700100106,2015년 5월 27일 07시,수요일,대전광역시 서구 갈마동,중상사고,0,1,0,0,차대차 - 측면직각충돌,신호위반,건조,맑음,교차로 - 교차로안,승합,남,42세,상해없음,승용,남,43세,중상
2015052700100153,2015년 5월 27일 08시,수요일,대전광역시 유성구 용계동,중상사고,0,1,0,0,차대차 - 추돌 - 진행중,안전운전불이행,건조,맑음,교차로 - 교차로안,승용,여,53세,상해없음,승용,여,50세,중상
2015052700100311,2015년 5월 27일 13시,수요일,대전광역시 중구 대흥동,경상사고,0,0,1,0,차대차 - 측면직각충돌,안전거리미확보,건조,맑음,단일로 - 기타,승용,남,50세,상해없음,승합,남,40세,상해없음
2015052700100355,2015년 5월 27일 14시,수요일,대전광역시 동구 용운동,경상사고,0,0,3,0,차대차 - 측면직각충돌,교차로운행방법위반,건조,맑음,교차로 - 교차로안,승용,남,48세,상해없음,승용,여,37세,경상
2015052700100356,2015년 5월 27일 14시,수요일,대전광역시 동구 삼성동,중상사고,0,1,0,0,차대사람 - 기타,안전운전불이행,건조,맑음,단일로 - 기타,승용,남,21세,상해없음,보행자,남,82세,중상
2015052700100435,2015년 5월 27일 16시,수요일,대전광역시 중구 태평동,경상사고,0,0,1,0,차대사람 - 횡단중,안전운전불이행,건조,맑음,단일로 - 기타,화물,여,63세,상해없음,보행자,남,8세,경상
2015052700100489,2015년 5월 27일 17시,수요일,대전광역시 서구 갈마동,중상사고,0,1,2,0,차대차 - 정면충돌,중앙선침범,건조,맑음,단일로 - 기타,이륜,남,44세,중상,승용,남,64세,경상
2015052700100490,2015년 5월 27일 17시,수요일,대전광역시 서구 둔산동,경상사고,0,0,1,0,차대차 - 추돌 - 주정차중,안전운전불이행,건조,맑음,교차로 - 교차로부근,승용,여,41세,상해없음,이륜,남,22세,경상
2015052700100542,2015년 5월 27일 18시,수요일,대전광역시 유성구 관평동,부상신고사고,0,0,0,1,차대차 - 기타,안전운전불이행,건조,맑음,교차로 - 교차로안,승용,남,53세,상해없음,자전거,여,8세,부상신고
2015052700100608,2015년 5월 27일 20시,수요일,대전광역시 서구 만년동,경상사고,0,0,1,0,차대차 - 기타,안전운전불이행,건조,맑음,교차로 - 교차로부근,승용,여,57세,상해없음,자전거,여,25세,경상
2015052700100639,2015년 5월 27일 21시,수요일,대전광역시 중구 유천동,중상사고,0,1,0,0,차대사람 - 횡단중,안전운전불이행,건조,맑음,단일로 - 기타,승용,남,76세,상해없음,보행자,남,54세,중상
2015052700100640,2015년 5월 27일 21시,수요일,대전광역시 서구 관저동,경상사고,0,0,1,0,차대차 - 측면직각충돌,중앙선침범,건조,맑음,단일로 - 기타,승용,여,38세,상해없음,자전거,남,16세,경상
2015052800100032,2015년 5월 28일 02시,목요일,대전광역시 서구 둔산동,경상사고,0,0,1,0,차대차 - 기타,안전운전불이행,건조,맑음,교차로 - 교차로안,승용,남,22세,상해없음,승용,남,53세,경상
2015052800100144,2015년 5월 28일 08시,목요일,대전광역시 중구 선화동,경상사고,0,0,1,0,차대차 - 측면직각충돌,기타,건조,맑음,단일로 - 기타,승용,남,76세,상해없음,자전거,남,15세,경상
2015052800100145,2015년 5월 28일 08시,목요일,대전광역시 유성구 대정동,경상사고,0,0,2,0,차대차 - 추돌 - 주정차중,안전거리미확보,건조,맑음,단일로 - 기타,승용,여,53세,상해없음,승용,여,32세,경상
2015052800100202,2015년 5월 28일 10시,목요일,대전광역시 중구 산성동,중상사고,0,1,0,0,차대차 - 측면직각충돌,안전운전불이행,건조,맑음,교차로 - 교차로부근,원동기,남,80세,중상,특수,남,35세,상해없음
2015052800100203,2015년 5월 28일 10시,목요일,대전광역시 중구 문창동,중상사고,0,1,0,0,차대차 - 측면직각충돌,안전거리미확보,건조,맑음,단일로 - 기타,이륜,남,80세,중상,승용,여,45세,상해없음
2015052800100204,2015년 5월 28일 10시,목요일,대전광역시 동구 소제동,경상사고,0,0,1,0,차대차 - 측면직각충돌,안전운전불이행,건조,맑음,교차로 - 교차로안,승용,남,75세,상해없음,자전거,남,73세,경상
2015052800100205,2015년 5월 28일 10시,목요일,대전광역시 유성구 봉명동,중상사고,0,1,0,0,차대사람 - 길가장자리구역통행중,안전운전불이행,건조,맑음,교차로 - 교차로부근,승용,남,61세,상해없음,보행자,여,55세,중상
2015052800100231,2015년 5월 28일 11시,목요일,대전광역시 중구 오류동,경상사고,0,0,1,0,차대차 - 추돌 - 주정차중,안전거리미확보,건조,맑음,단일로 - 기타,승합,남,19세,상해없음,화물,남,51세,경상