사고번호,사고일시,요일,시군구,사고내용,사망자수,중상자수,경상자수,부상신고자수,사고유형,법규위반,노면상태,기상상태,도로형태,가해운전자 차종,가해운전자 성별,가해운전자 연령,가해운전자 상해정도,피해운전자 차종,피해운전자 성별,피해운전자 연령,피해운전자 상해정도
2015060300100352,2015년 6월 3일 14시,수요일,대전광역시 대덕구 오정동,중상사고,0,1,0,0,차대차 - 기타,안전운전불이행,건조,맑음,단일로 - 기타,승합,남,51세,상해없음,자전거,남,29세,중상
2015060300100497,2015년 6월 3일 17시,수요일,대전광역시 중구 태평동,경상사고,0,0,3,0,차대차 - 측면직각충돌,신호위반,건조,맑음,교차로 - 교차로안,화물,남,64세,상해없음,승용,남,32세,경상
2015060300100498,2015년 6월 3일 17시,수요일,대전광역시 서구 괴정동,경상사고,0,0,1,0,차대차 - 추돌 - 진행중,안전운전불이행,건조,맑음,단일로 - 횡단보도부근,자전거,남,22세,상해없음,자전거,여,57세,경상
2015060300100542,2015년 6월 3일 18시,수요일,대전광역시 중구 부사동,중상사고,0,1,2,0,차대차 - 측면직각충돌,안전운전불이행,건조,맑음,교차로 - 교차로안,승용,남,42세,중상,승용,남,33세,경상
2015060300100543,2015년 6월 3일 18시,수요일,대전광역시 동구 삼성동,경상사고,0,0,1,0,차대차 - 기타,안전운전불이행,건조,맑음,단일로 - 기타,화물,남,54세,상해없음,자전거,남,48세,경상
2015060300100544,2015년 6월 3일 18시,수요일,대전광역시 서구 만년동,경상사고,0,0,1,0,차대차 - 추돌 - 주정차중,안전운전불이행,건조,맑음,교차로 - 교차로부근,승용,여,31세,상해없음,승용,남,43세,경상
2015060300100545,2015년 6월 3일 18시,수요일,대전광역시 유성구 용계동,경상사고,0,0,1,0,차대차 - 추돌 - 진행중,안전운전불이행,건조,맑음,단일로 - 기타,화물,남,22세,상해없음,승용,여,31세,경상
2015060300100667,2015년 6월 3일 22시,수요일,대전광역시 서구 복수동,중상사고,0,1,0,0,차대사람 - 길가장자리구역통행중,안전운전불이행,건조,맑음,단일로 - 기타,승용,남,20세,상해없음,보행자,여,18세,중상
2015060300100668,2015년 6월 3일 22시,수요일,대전광역시 서구 월평동,경상사고,0,0,3,0,차대차 - 추돌 - 진행중,안전거리미확보,건조,맑음,단일로 - 기타,승용,남,58세,상해없음,승용,남,50세,경상
2015060400100034,2015년 6월 4일 01시,목요일,대전광역시 중구 태평동,중상사고,0,1,0,0,차대사람 - 횡단중,안전운전불이행,건조,맑음,교차로 - 교차로안,승용,남,41세,상해없음,보행자,남,58세,중상
2015060400100047,2015년 6월 4일 03시,목요일,대전광역시 유성구 신성동,경상사고,0,0,1,0,차대차 - 추돌 - 진행중,안전운전불이행,건조,맑음,단일로 - 기타,승용,남,44세,상해없음,승용,남,39세,경상
2015060400100195,2015년 6월 4일 09시,목요일,대전광역시 동구 용전동,경상사고,0,0,1,0,차대차 - 측면직각충돌,기타,건조,맑음,단일로 - 기타,승용,남,37세,상해없음,자전거,남,25세,경상
2015060400100196,2015년 6월 4일 09시,목요일,대전광역시 서구 내동,경상사고,0,0,1,0,차대차 - 추돌 - 진행중,안전운전불이행,건조,맑음,교차로 - 교차로부근,승용,남,58세,상해없음,이륜,여,57세,경상
2015060400100252,2015년 6월 4일 11시,목요일,대전광역시 대덕구 중리동,중상사고,0,1,0,0,차대사람 - 횡단중,신호위반,건조,맑음,교차로 - 교차로부근,승용,남,58세,상해없음,보행자,여,67세,중상
2015060400100324,2015년 6월 4일 13시,목요일,대전광역시 중구 산성동,중상사고,0,1,0,0,차대사람 - 차도통행중,안전운전불이행,건조,맑음,단일로 - 기타,자전거,여,52세,상해없음,보행자,여,53세,중상
2015060400100352,2015년 6월 4일 14시,목요일,대전광역시 동구 가양동,중상사고,0,1,0,0,차대차 - 측면직각충돌,안전운전불이행,건조,맑음,교차로 - 교차로안,승용,여,37세,상해없음,자전거,남,59세,중상
2015060400100393,2015년 6월 4일 15시,목요일,대전광역시 동구 삼성동,경상사고,0,0,1,0,차대차 - 추돌 - 진행중,안전운전불이행,건조,맑음,단일로 - 기타,승용,남,54세,상해없음,승용,남,51세,경상
2015060400100394,2015년 6월 4일 15시,목요일,대전광역시 동구 인동,경상사고,0,0,1,0,차대차 - 기타,안전거리미확보,건조,맑음,교차로 - 교차로부근,승용,남,58세,기타불명,승용,남,28세,경상
2015060400100520,2015년 6월 4일 18시,목요일,대전광역시 중구 옥계동,경상사고,0,0,2,0,차대차 - 측면직각충돌,교차로운행방법위반,건조,맑음,교차로 - 교차로안,화물,남,50세,상해없음,자전거,남,14세,경상
2015060400100547,2015년 6월 4일 19시,목요일,대전광역시 동구 용운동,경상사고,0,0,1,0,차대사람 - 길가장자리구역통행중,안전운전불이행,건조,맑음,교차로 - 교차로안,승용,남,41세,기타불명,보행자,여,73세,경상
2015060400100548,2015년 6월 4일 19시,목요일,대전광역시 동구 자양동,경상사고,0,0,2,0,차대차 - 측면직각충돌,교차로운행방법위반,건조,맑음,교차로 - 교차로안,화물,남,34세,기타불명,승용,남,33세,경상
2015060400100610,2015년 6월 4일 21시,목요일,대전광역시 유성구 지족동,중상사고,0,1,0,0,차대사람 - 횡단중,신호위반,건조,맑음,교차로 - 교차로안,승용,남,61세,상해없음,보행자,여,19세,중상
2015060400100646,2015년 6월 4일 22시,목요일,대전광역시 서구 갈마동,경상사고,0,0,1,0,차대차 - 측면직각충돌,불법유턴,건조,맑음,단일로 - 기타,기타불명,기타불명,기타불명,기타불명,이륜,남,41세,경상
2015060400100668,2015년 6월 4일 23시,목요일,대전광역시 대덕구 오정동,사망사고,1,0,0,0,차대차 - 기타,교차로운행방법위반,건조,맑음,단일로 - 기타,승용,남,28세,상해없음,자전거,남,46세,사망
2015060500100039,2015년 6월 5일 01시,금요일,대전광역시 유성구 덕진동,중상사고,0,1,0,0,차대차 - 기타,중앙선침범,건조,맑음,단일로 - 기타,승용,여,29세,상해없음,승용,남,53세,중상
2015060500100137,2015년 6월 5일 07시,금요일,대전광역시 중구 대사동,경상사고,0,0,2,0,차대차 - 측면직각충돌,안전운전불이행,건조,맑음,단일로 - 기타,승합,남,55세,상해없음,승용,여,65세,경상
2015060500100181,2015년 6월 5일 08시,금요일,대전광역시 중구 태평동,중상사고,0,1,0,0,차대차 - 측면직각충돌,안전운전불이행,건조,맑음,단일로 - 횡단보도상,승용,남,50세,상해없음,자전거,남,70세,중상
2015060500100182,2015년 6월 5일 08시,금요일,대전광역시 동구 대동,경상사고,0,0,3,0,차대차 - 정면충돌,중앙선침범,건조,맑음,교차로 - 교차로부근,승용,남,37세,상해없음,승용,남,56세,경상
2015060500100183,2015년 6월 5일 08시,금요일,대전광역시 동구 성남동,중상사고,0,1,0,0,차대사람 - 횡단중,안전운전불이행,건조,맑음,단일로 - 기타,승용,여,55세,상해없음,보행자,여,14세,중상
2015060500100227,2015년 6월 5일 09시,금요일,대전광역시 중구 오류동,경상사고,0,0,1,0,차대차 - 측면직각충돌,신호위반,건조,맑음,교차로 - 교차로안,승용,남,77세,상해없음,원동기,여,64세,경상
2015060500100228,2015년 6월 5일 09시,금요일,대전광역시 동구 신흥동,부상신고사고,0,0,0,3,차대차 - 측면직각충돌,안전운전불이행,건조,맑음,교차로 - 교차로안,승용,여,37세,상해없음,승용,여,35세,부상신고
2015060500100261,2015년 6월 5일 10시,금요일,대전광역시 중구 산성동,중상사고,0,1,0,0,차대차 - 정면충돌,안전운전불이행,건조,맑음,단일로 - 기타,자전거,남,18세,상해없음,자전거,남,53세,중상
2015060500100262,2015년 6월 5일 10시,금요일,대전광역시 서구 둔산동,경상사고,0,0,1,0,차대사람 - 차도통행중,안전운전불이행,건조,맑음,단일로 - 기타,자전거,여,56세,상해없음,보행자,여,71세,경상
2015060500100317,2015년 6월 5일 12시,금요일,대전광역시 대덕구 신탄진동,중상사고,0,1,0,0,차대차 - 측면직각충돌,안전운전불이행,건조,맑음,교차로 - 교차로부근,승합,남,25세,상해없음,승용,여,43세,중상
2015060500100350,2015년 6월 5일 13시,금요일,대전광역시 유성구 구암동,경상사고,0,0,1,0,차대차 - 추돌 - 진행중,안전운전불이행,건조,맑음,단일로 - 기타,승용,남,56세,상해없음,자전거,여,9세,경상
2015060500100435,2015년 6월 5일 16시,금요일,대전광역시 서구 도마동,경상사고,0,0,1,0,차대사람 - 보도통행중,안전운전불이행,건조,맑음,교차로 - 교차로부근,승용,남,26세,기타불명,보행자,여,21세,경상
2015060500100436,2015년 6월 5일 16시,금요일,대전광역시 서구 용문동,경상사고,0,0,1,0,차대차 - 측면직각충돌,안전운전불이행,건조,맑음,교차로 - 교차로부근,승용,남,62세,상해없음,승용,여,47세,경상
2015060500100587,2015년 6월 5일 20시,금요일,대전광역시 유성구 덕명동,중상사고,0,1,1,0,차대차 - 추돌 - 진행중,신호위반,건조,맑음,교차로 - 교차로안,화물,남,35세,상해없음,승용,남,58세,경상
2015060600100056,2015년 6월 6일 01시,토요일,대전광역시 서구 갈마동,경상사고,0,0,3,0,차대차 - 추돌 - 진행중,안전운전불이행,건조,맑음,교차로 - 교차로부근,화물,남,45세,상해없음,승용,남,23세,경상
2015060600100092,2015년 6월 6일 03시,토요일,대전광역시 서구 도마동,경상사고,0,0,2,0,차대차 - 측면직각충돌,교차로운행방법위반,건조,맑음,교차로 - 교차로안,승용,남,44세,상해없음,승용,남,36세,경상
2015060600100139,2015년 6월 6일 07시,토요일,대전광역시 대덕구 상서동,경상사고,0,0,2,0,차대차 - 추돌 - 진행중,안전운전불이행,건조,맑음,단일로 - 기타,승용,남,33세,상해없음,특수,남,54세,경상
2015060600100140,2015년 6월 6일 07시,토요일,대전광역시 유성구 덕명동,경상사고,0,0,3,0,차대차 - 측면직각충돌,신호위반,건조,맑음,교차로 - 교차로안,승용,남,45세,상해없음,승용,여,19세,경상
2015060600100161,2015년 6월 6일 08시,토요일,대전광역시 서구 도안동,경상사고,0,0,2,0,차대차 - 추돌 - 진행중,안전운전불이행,건조,맑음,단일로 - 기타,승용,남,44세,상해없음,승용,남,31세,경상
2015060600100162,2015년 6월 6일 08시,토요일,대전광역시 서구 갈마동,경상사고,0,0,2,0,차대차 - 추돌 - 진행중,신호위반,건조,맑음,교차로 - 교차로안,승용,남,35세,상해없음,승용,남,46세,경상
2015060600100218,2015년 6월 6일 10시,토요일,대전광역시 중구 문화동,중상사고,0,1,2,0,차대차 - 측면직각충돌,신호위반,건조,맑음,교차로 - 교차로안,승용,여,29세,상해없음,승용,남,45세,경상
2015060600100247,2015년 6월 6일 11시,토요일,대전광역시 대덕구 송촌동,중상사고,0,1,0,0,차대사람 - 기타,안전운전불이행,건조,맑음,단일로 - 기타,승용,여,30세,상해없음,보행자,여,80세,중상
2015060600100248,2015년 6월 6일 11시,토요일,대전광역시 대덕구 오정동,경상사고,0,0,1,0,차대차 - 기타,안전거리미확보,건조,맑음,단일로 - 기타,승용,남,81세,상해없음,승용,남,33세,경상
2015060600100249,2015년 6월 6일 11시,토요일,대전광역시 유성구 원촌동,경상사고,0,0,2,0,차대차 - 추돌 - 진행중,안전거리미확보,건조,맑음,교차로 - 교차로부근,승용,남,40세,상해없음,승용,남,49세,경상
2015060600100429,2015년 6월 6일 16시,토요일,대전광역시 중구 오류동,중상사고,0,1,3,0,차대차 - 측면직각충돌,안전거리미확보,건조,맑음,단일로 - 기타,승용,여,49세,경상,승용,남,28세,경상
2015060600100430,2015년 6월 6일 16시,토요일,대전광역시 서구 정림동,경상사고,0,0,1,0,차대차 - 추돌 - 진행중,안전운전불이행,건조,맑음,단일로 - 기타,승용,여,27세,상해없음,승용,여,72세,경상
2015060600100431,2015년 6월 6일 16시,토요일,대전광역시 유성구 봉명동,경상사고,0,0,1,0,차대차 - 정면충돌,중앙선침범,건조,맑음,단일로 - 기타,승용,여,48세,기타불명,이륜,남,51세,경상
2015060600100432,2015년 6월 6일 16시,토요일,대전광역시 서구 만년동,경상사고,0,0,1,0,차대차 - 추돌 - 주정차중,안전운전불이행,건조,맑음,교차로 - 교차로부근,특수,남,32세,상해없음,승용,남,45세,경상
2015060600100479,2015년 6월 6일 17시,토요일,대전광역시 대덕구 석봉동,중상사고,0,1,0,0,차대차 - 기타,안전운전불이행,건조,맑음,단일로 - 기타,승용,남,26세,상해없음,이륜,남,38세,중상
2015060700100063,2015년 6월 7일 03시,일요일,대전광역시 대덕구 오정동,중상사고,0,1,0,0,차대사람 - 기타,안전운전불이행,건조,맑음,단일로 - 기타,승용,남,48세,상해없음,보행자,여,25세,중상
2015060700100106,2015년 6월 7일 08시,일요일,대전광역시 대덕구 상서동,경상사고,0,0,2,0,차대차 - 기타,안전운전불이행,건조,맑음,단일로 - 기타,승용,남,27세,상해없음,화물,남,61세,경상
2015060700100149,2015년 6월 7일 10시,일요일,대전광역시 동구 신흥동,중상사고,0,1,0,0,차대차 - 측면직각충돌,안전거리미확보,건조,맑음,단일로 - 기타,원동기,남,81세,중상,승용,여,64세,상해없음
2015060700100226,2015년 6월 7일 13시,일요일,대전광역시 대덕구 읍내동,경상사고,0,0,2,0,차대차 - 정면충돌,안전운전불이행,건조,맑음,기타 - 기타,자전거,남,67세,상해없음,자전거,남,44세,경상
2015060700100258,2015년 6월 7일 14시,일요일,대전광역시 유성구 구암동,경상사고,0,0,1,0,차대차 - 기타,안전운전불이행,건조,맑음,단일로 - 기타,승용,남,61세,상해없음,승용,남,27세,경상
2015060700100294,2015년 6월 7일 15시,일요일,대전광역시 동구 가양동,중상사고,0,2,4,0,차대차 - 측면직각충돌,안전운전불이행,건조,맑음,교차로 - 교차로안,승용,남,67세,상해없음,승용,남,57세,중상
2015060700100352,2015년 6월 7일 17시,일요일,대전광역시 대덕구 오정동,중상사고,0,1,0,0,차대차 - 측면직각충돌,신호위반,건조,맑음,교차로 - 교차로안,승합,남,60세,상해없음,원동기,남,55세,중상
2015060700100414,2015년 6월 7일 19시,일요일,대전광역시 중구 대흥동,경상사고,0,0,1,0,차대차 - 측면직각충돌,신호위반,건조,맑음,교차로 - 교차로부근,승용,여,39세,상해없음,화물,여,44세,경상
2015060700100479,2015년 6월 7일 21시,일요일,대전광역시 서구 내동,경상사고,0,0,3,0,차대차 - 측면직각충돌,신호위반,건조,맑음,교차로 - 교차로부근,승용,여,54세,상해없음,승용,남,33세,경상
2015060700100480,2015년 6월 7일 21시,일요일,대전광역시 대덕구 대화동,경상사고,0,0,1,0,차대차 - 기타,신호위반,건조,맑음,교차로 - 교차로안,승용,남,58세,상해없음,자전거,남,48세,경상
2015060700100502,2015년 6월 7일 22시,일요일,대전광역시 유성구 구암동,경상사고,0,0,2,0,차대차 - 추돌 - 진행중,안전운전불이행,건조,맑음,교차로 - 교차로부근,승용,남,49세,상해없음,승용,남,42세,경상
2015060700100522,2015년 6월 7일 23시,일요일,대전광역시 서구 내동,중상사고,0,2,1,0,차대차 - 측면직각충돌,신호위반,건조,맑음,교차로 - 교차로부근,승용,남,36세,경상,승용,여,47세,중상
2015060800100123,2015년 6월 8일 08시,월요일,대전광역시 중구 대흥동,경상사고,0,0,1,0,차대차 - 측면직각충돌,안전운전불이행,건조,맑음,단일로 - 횡단보도부근,화물,남,40세,상해없음,이륜,남,61세,경상
2015060800100124,2015년 6월 8일 08시,월요일,대전광역시 중구 대사동,경상사고,0,0,1,0,차대사람 - 횡단중,보행자보호의무위반,건조,맑음,교차로 - 교차로부근,승용,남,70세,상해없음,보행자,여,14세,경상
2015060800100126,2015년 6월 8일 08시,월요일,대전광역시 유성구 탑립동,경상사고,0,0,1,0,차대사람 - 보도통행중,안전운전불이행,건조,맑음,단일로 - 기타,자전거,남,54세,상해없음,보행자,남,39세,경상
2015060800100127,2015년 6월 8일 08시,월요일,대전광역시 유성구 관평동,중상사고,0,1,0,0,차대차 - 추돌 - 진행중,안전운전불이행,건조,맑음,기타 - 기타,승용,남,31세,상해없음,자전거,여,67세,중상
2015060800100128,2015년 6월 8일 08시,월요일,대전광역시 서구 둔산동,경상사고,0,0,1,0,차대차 - 기타,안전거리미확보,건조,맑음,단일로 - 기타,건설기계,남,57세,상해없음,승용,남,34세,경상
2015060800100160,2015년 6월 8일 09시,월요일,대전광역시 유성구 둔곡동,경상사고,0,0,1,0,차대차 - 정면충돌,안전운전불이행,건조,맑음,단일로 - 기타,승용,남,44세,상해없음,원동기,여,55세,경상
2015060800100161,2015년 6월 8일 09시,월요일,대전광역시 유성구 장대동,경상사고,0,0,2,0,차대차 - 추돌 - 주정차중,안전운전불이행,건조,맑음,단일로 - 기타,승용,남,60세,상해없음,화물,남,29세,경상
2015060800100243,2015년 6월 8일 12시,월요일,대전광역시 동구 삼정동,중상사고,0,1,0,0,차대사람 - 횡단중,안전운전불이행,건조,맑음,단일로 - 기타,승합,남,68세,상해없음,보행자,남,62세,중상
2015060800100244,2015년 6월 8일 12시,월요일,대전광역시 서구 내동,경상사고,0,0,1,0,차대차 - 추돌 - 주정차중,기타,건조,맑음,단일로 - 기타,승용,남,55세,상해없음,원동기,남,20세,경상
2015060800100275,2015년 6월 8일 13시,월요일,대전광역시 서구 관저동,중상사고,0,1,0,0,차대차 - 측면직각충돌,교차로운행방법위반,건조,맑음,교차로 - 교차로안,승용,남,35세,상해없음,이륜,남,20세,중상
2015060800100276,2015년 6월 8일 13시,월요일,대전광역시 대덕구 중리동,중상사고,0,1,0,0,차대사람 - 횡단중,보행자보호의무위반,건조,맑음,교차로 - 교차로안,승용,여,42세,상해없음,보행자,남,8세,중상
2015060800100345,2015년 6월 8일 15시,월요일,대전광역시 서구 월평동,중상사고,0,1,2,0,차대차 - 측면직각충돌,신호위반,건조,맑음,교차로 - 교차로안,승용,남,57세,경상,승용,남,39세,중상
2015060800100346,2015년 6월 8일 15시,월요일,대전광역시 유성구 봉명동,중상사고,0,1,0,0,차대사람 - 기타,안전운전불이행,건조,맑음,단일로 - 기타,자전거,남,19세,상해없음,보행자,여,52세,중상
2015060800100422,2015년 6월 8일 17시,월요일,대전광역시 중구 중촌동,중상사고,0,1,0,0,차대사람 - 기타,안전운전불이행,건조,맑음,기타 - 기타,자전거,여,50세,상해없음,보행자,여,88세,중상
2015060800100423,2015년 6월 8일 17시,월요일,대전광역시 서구 월평동,중상사고,0,1,0,0,차대차 - 기타,안전운전불이행,건조,맑음,교차로 - 교차로안,승용,여,56세,상해없음,이륜,남,55세,중상
2015060800100463,2015년 6월 8일 18시,월요일,대전광역시 중구 산성동,경상사고,0,0,1,0,차대차 - 측면직각충돌,안전운전불이행,건조,맑음,기타 - 기타,승용,남,76세,상해없음,승용,여,45세,경상
2015060800100464,2015년 6월 8일 18시,월요일,대전광역시 동구 삼성동,경상사고,0,0,1,0,차대차 - 측면직각충돌,안전운전불이행,건조,맑음,단일로 - 기타,승용,남,26세,경상,승용,여,51세,기타불명
2015060800100516,2015년 6월 8일 20시,월요일,대전광역시 유성구 교촌동,경상사고,0,0,1,0,차대차 - 정면충돌,안전운전불이행,건조,맑음,단일로 - 기타,자전거,기타불명,기타불명,기타불명,자전거,남,16세,경상
2015060800100547,2015년 6월 8일 21시,월요일,대전광역시 서구 가수원동,경상사고,0,0,1,0,차대차 - 기타,안전운전불이행,건조,맑음,단일로 - 기타,승용,여,44세,상해없음,승용,남,33세,경상
2015060800100562,2015년 6월 8일 22시,월요일,대전광역시 서구 탄방동,중상사고,0,2,3,0,차대차 - 추돌 - 주정차중,안전운전불이행,건조,맑음,단일로 - 기타,승용,남,37세,상해없음,승용,남,24세,중상
2015060800100563,2015년 6월 8일 22시,월요일,대전광역시 서구 갈마동,경상사고,0,0,1,0,차대사람 - 기타,안전운전불이행,건조,맑음,단일로 - 기타,원동기,남,21세,상해없음,보행자,남,19세,경상
2015060900100016,2015년 6월 9일 00시,화요일,대전광역시 유성구 상대동,경상사고,0,0,1,0,차대사람 - 기타,안전운전불이행,건조,맑음,단일로 - 기타,승용,남,21세,상해없음,보행자,남,25세,경상
2015060900100039,2015년 6월 9일 02시,화요일,대전광역시 서구 가수원동,경상사고,0,0,1,0,차대차 - 측면직각충돌,안전운전불이행,건조,맑음,단일로 - 기타,승용,남,40세,상해없음,승용,여,22세,경상
2015060900100058,2015년 6월 9일 05시,화요일,대전광역시 유성구 방현동,중상사고,0,1,0,0,차대차 - 정면충돌,신호위반,건조,맑음,교차로 - 교차로안,승용,남,35세,상해없음,승용,남,50세,중상
2015060900100095,2015년 6월 9일 07시,화요일,대전광역시 서구 가수원동,중상사고,0,1,0,0,차대사람 - 길가장자리구역통행중,안전운전불이행,건조,맑음,단일로 - 교량,승용,남,36세,상해없음,보행자,여,67세,중상
2015060900100133,2015년 6월 9일 08시,화요일,대전광역시 동구 판암동,경상사고,0,0,1,0,차대차 - 측면직각충돌,신호위반,건조,맑음,교차로 - 교차로부근,승합,남,46세,상해없음,자전거,남,70세,경상
2015060900100203,2015년 6월 9일 11시,화요일,대전광역시 서구 탄방동,중상사고,0,1,0,0,차대차 - 측면직각충돌,중앙선침범,건조,맑음,단일로 - 기타,승합,남,70세,상해없음,이륜,남,54세,중상
2015060900100235,2015년 6월 9일 12시,화요일,대전광역시 서구 둔산동,중상사고,0,1,3,0,차대차 - 측면직각충돌,안전운전불이행,건조,맑음,단일로 - 기타,승용,여,59세,상해없음,승용,남,28세,경상
2015060900100295,2015년 6월 9일 14시,화요일,대전광역시 서구 도안동,경상사고,0,0,3,0,차대차 - 측면직각충돌,신호위반,건조,기타,교차로 - 교차로안,승용,남,58세,상해없음,승용,여,36세,경상
2015060900100352,2015년 6월 9일 16시,화요일,대전광역시 중구 대흥동,중상사고,0,1,0,0,차대사람 - 차도통행중,안전운전불이행,건조,맑음,교차로 - 교차로안,승용,남,75세,상해없음,보행자,남,60세,중상
2015060900100394,2015년 6월 9일 17시,화요일,대전광역시 동구 홍도동,경상사고,0,0,2,0,차대차 - 측면직각충돌,신호위반,건조,맑음,교차로 - 교차로안,승용,남,66세,상해없음,화물,남,59세,경상
2015060900100538,2015년 6월 9일 22시,화요일,대전광역시 서구 가장동,경상사고,0,0,1,0,차대차 - 추돌 - 진행중,안전거리미확보,건조,맑음,단일로 - 기타,승용,남,66세,상해없음,승용,남,57세,경상
2015060900100539,2015년 6월 9일 22시,화요일,대전광역시 서구 둔산동,경상사고,0,0,1,0,차대차 - 측면직각충돌,교차로운행방법위반,건조,맑음,교차로 - 교차로안,승용,남,55세,상해없음,이륜,남,17세,경상
2015060900100573,2015년 6월 9일 23시,화요일,대전광역시 서구 탄방동,경상사고,0,0,2,0,차대차 - 추돌 - 주정차중,안전운전불이행,건조,맑음,교차로 - 교차로부근,승용,남,31세,상해없음,승용,남,32세,경상
2015061000100017,2015년 6월 10일 00시,수요일,대전광역시 서구 만년동,경상사고,0,0,1,0,차대차 - 추돌 - 진행중,안전운전불이행,건조,맑음,단일로 - 기타,승용,남,50세,상해없음,승용,남,38세,경상
2015061000100018,2015년 6월 10일 00시,수요일,대전광역시 유성구 도룡동,경상사고,0,0,2,0,차대차 - 추돌 - 진행중,안전거리미확보,건조,맑음,기타 - 기타,승용,여,27세,상해없음,승용,남,53세,경상
2015061000100031,2015년 6월 10일 01시,수요일,대전광역시 유성구 노은동,사망사고,2,0,0,0,차대차 - 추돌 - 진행중,안전운전불이행,건조,맑음,미분류 - 미분류,승용,남,30세,상해없음,원동기,남,20세,사망
2015061000100032,2015년 6월 10일 01시,수요일,대전광역시 서구 월평동,경상사고,0,0,2,0,차대차 - 측면직각충돌,안전운전불이행,건조,맑음,미분류 - 미분류,승용,남,42세,상해없음,승용,남,32세,경상
2015061000100077,2015년 6월 10일 06시,수요일,대전광역시 서구 도마동,경상사고,0,0,1,0,차대차 - 측면직각충돌,안전운전불이행,건조,맑음,교차로 - 교차로안,승용,여,49세,상해없음,이륜,남,46세,경상
2015061000100141,2015년 6월 10일 08시,수요일,대전광역시 서구 가수원동,중상사고,0,2,0,0,차대사람 - 횡단중,보행자보호의무위반,건조,맑음,단일로 - 기타,승용,여,48세,상해없음,보행자,남,38세,중상
2015061000100205,2015년 6월 10일 10시,수요일,대전광역시 중구 대흥동,경상사고,0,0,1,0,차대차 - 측면직각충돌,교차로운행방법위반,건조,맑음,교차로 - 교차로안,승용,남,53세,상해없음,승용,남,35세,경상
2015061000100206,2015년 6월 10일 10시,수요일,대전광역시 대덕구 상서동,경상사고,0,0,1,0,차대차 - 추돌 - 진행중,안전운전불이행,건조,맑음,단일로 - 기타,화물,남,40세,상해없음,승용,남,54세,경상
2015061000100235,2015년 6월 10일 11시,수요일,대전광역시 중구 유천동,경상사고,0,0,1,0,차대차 - 측면직각충돌,안전운전불이행,건조,맑음,단일로 - 기타,승용,여,42세,상해없음,자전거,여,52세,경상
2015061000100236,2015년 6월 10일 11시,수요일,대전광역시 동구 삼정동,중상사고,0,1,0,0,차대차 - 기타,안전거리미확보,건조,맑음,단일로 - 기타,이륜,남,52세,상해없음,승용,남,67세,중상
2015061000100237,2015년 6월 10일 11시,수요일,대전광역시 동구 정동,중상사고,0,1,0,0,차대사람 - 기타,안전운전불이행,건조,맑음,교차로 - 교차로부근,화물,남,51세,상해없음,보행자,남,63세,중상
2015061000100238,2015년 6월 10일 11시,수요일,대전광역시 유성구 봉산동,사망사고,1,0,0,0,차대차 - 측면직각충돌,불법유턴,건조,맑음,단일로 - 기타,화물,남,39세,상해없음,이륜,남,88세,사망
2015061000100258,2015년 6월 10일 12시,수요일,대전광역시 서구 둔산동,중상사고,0,1,1,0,차대차 - 기타,안전거리미확보,건조,맑음,교차로 - 교차로부근,승용,여,57세,중상,화물,남,40세,경상
2015061000100312,2015년 6월 10일 14시,수요일,대전광역시 동구 정동,경상사고,0,0,1,0,차대사람 - 기타,안전운전불이행,건조,맑음,단일로 - 기타,이륜,남,62세,상해없음,보행자,남,19세,경상
2015061000100313,2015년 6월 10일 14시,수요일,대전광역시 대덕구 덕암동,중상사고,0,1,0,0,차대차 - 측면직각충돌,신호위반,건조,맑음,교차로 - 교차로안,승용,남,58세,상해없음,원동기,남,50세,중상
2015061000100423,2015년 6월 10일 17시,수요일,대전광역시 중구 대흥동,경상사고,0,0,1,0,차대차 - 추돌 - 진행중,안전거리미확보,건조,맑음,단일로 - 기타,승용,남,39세,상해없음,원동기,남,60세,경상
2015061000100424,2015년 6월 10일 17시,수요일,대전광역시 서구 도안동,경상사고,0,0,1,0,차대사람 - 횡단중,안전운전불이행,건조,맑음,교차로 - 교차로안,승용,남,46세,상해없음,보행자,여,6세,경상
2015061000100530,2015년 6월 10일 20시,수요일,대전광역시 유성구 도룡동,경상사고,0,0,2,0,차대차 - 추돌 - 진행중,안전거리미확보,건조,맑음,교차로 - 교차로부근,승용,남,40세,상해없음,승용,남,59세,상해없음
2015061000100561,2015년 6월 10일 21시,수요일,대전광역시 동구 용전동,중상사고,0,1,6,0,차대차 - 추돌 - 진행중,안전운전불이행,건조,맑음,단일로 - 기타,승용,남,37세,상해없음,승용,여,54세,경상
2015061000100562,2015년 6월 10일 21시,수요일,대전광역시 서구 탄방동,경상사고,0,0,1,0,차대차 - 추돌 - 진행중,안전거리미확보,건조,맑음,교차로 - 교차로안,승용,남,42세,상해없음,원동기,남,37세,경상
2015061100100012,2015년 6월 11일 00시,목요일,대전광역시 대덕구 송촌동,경상사고,0,0,1,0,차대차 - 기타,안전운전불이행,건조,맑음,단일로 - 기타,승용,남,33세,상해없음,승용,여,44세,경상
2015061100100187,2015년 6월 11일 09시,목요일,대전광역시 대덕구 덕암동,중상사고,0,1,0,0,차대차 - 정면충돌,안전운전불이행,건조,맑음,기타 - 기타,화물,남,29세,상해없음,자전거,여,58세,중상