사고번호,사고일시,요일,시군구,사고내용,사망자수,중상자수,경상자수,부상신고자수,사고유형,법규위반,노면상태,기상상태,도로형태,가해운전자 차종,가해운전자 성별,가해운전자 연령,가해운전자 상해정도,피해운전자 차종,피해운전자 성별,피해운전자 연령,피해운전자 상해정도
2015061100100209,2015년 6월 11일 10시,목요일,대전광역시 서구 둔산동,중상사고,0,1,0,0,차대사람 - 횡단중,신호위반,건조,맑음,교차로 - 교차로안,승용,남,69세,상해없음,보행자,여,47세,중상
2015061100100289,2015년 6월 11일 13시,목요일,대전광역시 동구 가양동,경상사고,0,0,1,0,차대사람 - 보도통행중,안전운전불이행,건조,맑음,단일로 - 기타,승용,남,72세,상해없음,보행자,여,42세,경상
2015061100100350,2015년 6월 11일 15시,목요일,대전광역시 유성구 관평동,경상사고,0,0,1,0,차대차 - 추돌 - 주정차중,안전운전불이행,건조,맑음,단일로 - 기타,승용,남,47세,상해없음,승용,남,28세,경상
2015061100100412,2015년 6월 11일 17시,목요일,대전광역시 대덕구 덕암동,중상사고,0,1,0,0,차대차 - 측면직각충돌,안전운전불이행,건조,맑음,교차로 - 교차로안,화물,남,38세,상해없음,이륜,남,69세,중상
2015061100100561,2015년 6월 11일 21시,목요일,대전광역시 서구 가장동,중상사고,0,1,0,0,차대차 - 측면직각충돌,신호위반,건조,맑음,교차로 - 교차로안,승용,남,68세,상해없음,이륜,남,23세,중상
2015061100100562,2015년 6월 11일 21시,목요일,대전광역시 서구 둔산동,중상사고,0,1,0,0,차대차 - 추돌 - 진행중,신호위반,습기,비,교차로 - 교차로안,승용,남,21세,상해없음,승용,여,41세,중상
2015061100100599,2015년 6월 11일 22시,목요일,대전광역시 유성구 갑동,경상사고,0,0,2,0,차대차 - 추돌 - 주정차중,안전운전불이행,건조,맑음,교차로 - 교차로부근,승용,남,53세,상해없음,승용,남,55세,경상
2015061100100633,2015년 6월 11일 23시,목요일,대전광역시 동구 삼성동,중상사고,0,1,2,0,차대차 - 추돌 - 주정차중,안전운전불이행,건조,맑음,교차로 - 교차로부근,승용,남,28세,경상,승용,남,57세,중상
2015061100100634,2015년 6월 11일 23시,목요일,대전광역시 대덕구 비래동,중상사고,0,1,0,0,차대사람 - 횡단중,안전운전불이행,건조,맑음,단일로 - 기타,승용,남,54세,상해없음,보행자,남,36세,중상
2015061200100038,2015년 6월 12일 01시,금요일,대전광역시 서구 둔산동,부상신고사고,0,0,0,1,차대차 - 측면직각충돌,신호위반,습기,비,교차로 - 교차로안,승용,남,25세,상해없음,승용,남,65세,부상신고
2015061200100080,2015년 6월 12일 05시,금요일,대전광역시 유성구 탑립동,중상사고,0,1,0,0,차대차 - 추돌 - 진행중,신호위반,습기,맑음,교차로 - 교차로안,승용,여,51세,상해없음,승용,남,53세,중상
2015061200100269,2015년 6월 12일 13시,금요일,대전광역시 중구 오류동,경상사고,0,0,2,0,차대차 - 추돌 - 주정차중,안전운전불이행,건조,맑음,단일로 - 기타,승용,기타불명,기타불명,기타불명,승용,남,41세,경상
2015061200100294,2015년 6월 12일 14시,금요일,대전광역시 서구 둔산동,경상사고,0,0,1,0,차대차 - 측면직각충돌,신호위반,건조,맑음,교차로 - 교차로안,승용,남,49세,상해없음,승용,여,57세,경상
2015061200100416,2015년 6월 12일 17시,금요일,대전광역시 유성구 신성동,경상사고,0,0,1,0,차대차 - 측면직각충돌,중앙선침범,건조,맑음,교차로 - 교차로안,승용,여,37세,상해없음,승용,남,45세,경상
2015061200100460,2015년 6월 12일 18시,금요일,대전광역시 동구 인동,경상사고,0,0,1,0,차대차 - 추돌 - 진행중,안전운전불이행,건조,맑음,교차로 - 교차로부근,화물,남,58세,상해없음,승용,남,49세,경상
2015061200100461,2015년 6월 12일 18시,금요일,대전광역시 서구 관저동,경상사고,0,0,1,0,차대차 - 측면직각충돌,안전거리미확보,건조,맑음,교차로 - 교차로부근,승용,남,49세,상해없음,승용,남,31세,경상
2015061200100462,2015년 6월 12일 18시,금요일,대전광역시 서구 만년동,경상사고,0,0,1,0,차대차 - 측면직각충돌,안전운전불이행,건조,맑음,교차로 - 교차로부근,승용,남,62세,상해없음,원동기,남,19세,경상
2015061200100490,2015년 6월 12일 19시,금요일,대전광역시 유성구 어은동,경상사고,0,0,1,0,차대차 - 측면직각충돌,안전운전불이행,건조,맑음,단일로 - 횡단보도상,승용,여,40세,상해없음,자전거,남,22세,경상
2015061200100637,2015년 6월 12일 23시,금요일,대전광역시 대덕구 중리동,경상사고,0,0,1,0,차대차 - 기타,안전운전불이행,건조,맑음,단일로 - 기타,승용,남,47세,상해없음,승용,여,60세,경상
2015061300100027,2015년 6월 13일 00시,토요일,대전광역시 중구 산성동,경상사고,0,0,1,0,차대사람 - 보도통행중,보행자보호의무위반,건조,맑음,교차로 - 교차로안,승합,남,49세,상해없음,보행자,남,51세,경상
2015061300100059,2015년 6월 13일 01시,토요일,대전광역시 대덕구 신탄진동,중상사고,0,2,0,0,차량단독 - 도로외이탈 - 기타,안전운전불이행,건조,맑음,단일로 - 기타,승용,남,25세,중상,,,,
2015061300100115,2015년 6월 13일 05시,토요일,대전광역시 서구 탄방동,경상사고,0,0,2,0,차대차 - 측면직각충돌,신호위반,건조,맑음,교차로 - 교차로안,승용,남,41세,상해없음,승용,남,53세,경상
2015061300100166,2015년 6월 13일 08시,토요일,대전광역시 서구 탄방동,중상사고,0,1,0,0,차대차 - 추돌 - 진행중,안전운전불이행,건조,맑음,교차로 - 교차로부근,승용,남,28세,상해없음,승용,남,27세,상해없음
2015061300100217,2015년 6월 13일 10시,토요일,대전광역시 동구 하소동,경상사고,0,0,1,0,차대차 - 추돌 - 주정차중,안전운전불이행,건조,맑음,단일로 - 기타,자전거,남,63세,경상,화물,남,52세,기타불명
2015061300100250,2015년 6월 13일 11시,토요일,대전광역시 서구 가장동,중상사고,0,1,0,0,차대사람 - 차도통행중,안전운전불이행,건조,맑음,단일로 - 기타,자전거,여,45세,상해없음,보행자,여,67세,중상
2015061300100414,2015년 6월 13일 16시,토요일,대전광역시 동구 용전동,사망사고,1,0,0,0,차대사람 - 차도통행중,안전운전불이행,건조,맑음,단일로 - 기타,승용,여,56세,상해없음,보행자,여,80세,사망
2015061300100509,2015년 6월 13일 18시,토요일,대전광역시 중구 중촌동,경상사고,0,0,2,0,차대차 - 측면직각충돌,안전운전불이행,건조,맑음,교차로 - 교차로안,승용,남,57세,상해없음,승용,남,33세,경상
2015061300100510,2015년 6월 13일 18시,토요일,대전광역시 서구 용문동,경상사고,0,0,2,0,차대차 - 추돌 - 진행중,안전운전불이행,건조,맑음,교차로 - 교차로부근,승용,남,32세,상해없음,승용,남,49세,경상
2015061300100594,2015년 6월 13일 21시,토요일,대전광역시 서구 둔산동,중상사고,0,2,1,0,차대차 - 측면직각충돌,신호위반,건조,맑음,교차로 - 교차로안,승용,남,26세,상해없음,승용,남,33세,중상
2015061300100631,2015년 6월 13일 22시,토요일,대전광역시 유성구 봉명동,경상사고,0,0,1,0,차량단독 - 공작물충돌,기타,건조,맑음,단일로 - 기타,승합,남,53세,상해없음,,,,
2015061400100023,2015년 6월 14일 00시,일요일,대전광역시 유성구 궁동,중상사고,0,1,0,0,차량단독 - 공작물충돌,안전운전불이행,건조,기타,교차로 - 교차로안,승용,여,23세,상해없음,,,,
2015061400100173,2015년 6월 14일 09시,일요일,대전광역시 서구 가수원동,경상사고,0,0,3,0,차대차 - 추돌 - 주정차중,안전운전불이행,건조,맑음,단일로 - 기타,승용,남,46세,상해없음,승용,남,68세,경상
2015061400100191,2015년 6월 14일 10시,일요일,대전광역시 중구 대흥동,경상사고,0,0,1,0,차대차 - 측면직각충돌,중앙선침범,습기,비,단일로 - 기타,승용,남,22세,상해없음,승용,남,52세,경상
2015061400100238,2015년 6월 14일 12시,일요일,대전광역시 중구 용두동,경상사고,0,0,1,0,차대차 - 측면직각충돌,중앙선침범,건조,맑음,단일로 - 기타,승용,여,62세,상해없음,원동기,남,24세,경상
2015061400100262,2015년 6월 14일 13시,일요일,대전광역시 중구 부사동,경상사고,0,0,1,0,차대차 - 추돌 - 진행중,안전운전불이행,건조,맑음,단일로 - 기타,화물,남,45세,상해없음,승합,남,39세,경상
2015061400100286,2015년 6월 14일 14시,일요일,대전광역시 동구 용전동,경상사고,0,0,1,0,차대사람 - 보도통행중,중앙선침범,건조,맑음,단일로 - 횡단보도부근,승용,여,63세,상해없음,보행자,여,20세,경상
2015061400100313,2015년 6월 14일 15시,일요일,대전광역시 중구 대흥동,중상사고,0,1,0,0,차대사람 - 횡단중,안전운전불이행,건조,맑음,단일로 - 기타,승용,여,36세,상해없음,보행자,남,54세,중상
2015061400100314,2015년 6월 14일 15시,일요일,대전광역시 서구 둔산동,중상사고,0,1,1,0,차대차 - 측면직각충돌,안전운전불이행,건조,맑음,교차로 - 교차로안,승용,남,22세,상해없음,승용,남,29세,경상
2015061400100342,2015년 6월 14일 16시,일요일,대전광역시 중구 문화동,경상사고,0,0,1,0,차대사람 - 차도통행중,안전운전불이행,기타,맑음,단일로 - 기타,승용,남,55세,상해없음,보행자,여,16세,경상
2015061400100377,2015년 6월 14일 17시,일요일,대전광역시 유성구 봉명동,경상사고,0,0,1,0,차대차 - 기타,안전운전불이행,건조,맑음,교차로 - 교차로부근,건설기계,남,47세,상해없음,승용,여,30세,경상
2015061400100406,2015년 6월 14일 18시,일요일,대전광역시 서구 만년동,경상사고,0,0,4,0,차대차 - 측면직각충돌,안전운전불이행,건조,맑음,단일로 - 기타,승용,여,30세,상해없음,승용,여,29세,경상
2015061400100469,2015년 6월 14일 20시,일요일,대전광역시 중구 태평동,경상사고,0,0,1,0,차대차 - 측면직각충돌,중앙선침범,건조,맑음,단일로 - 기타,승용,남,62세,상해없음,원동기,남,41세,경상
2015061400100470,2015년 6월 14일 20시,일요일,대전광역시 동구 판암동,중상사고,0,4,0,0,차대차 - 기타,안전운전불이행,건조,맑음,단일로 - 기타,승용,여,67세,중상,승용,남,50세,상해없음
2015061400100471,2015년 6월 14일 20시,일요일,대전광역시 대덕구 오정동,경상사고,0,0,4,0,차대차 - 추돌 - 진행중,신호위반,건조,맑음,교차로 - 교차로안,승용,남,68세,상해없음,승용,여,47세,경상
2015061400100500,2015년 6월 14일 21시,일요일,대전광역시 동구 신안동,경상사고,0,0,2,0,차대차 - 추돌 - 진행중,안전운전불이행,건조,맑음,단일로 - 기타,승용,여,34세,상해없음,승용,남,26세,경상
2015061400100501,2015년 6월 14일 21시,일요일,대전광역시 동구 중동,경상사고,0,0,3,0,차대차 - 추돌 - 진행중,안전운전불이행,건조,맑음,단일로 - 기타,승용,남,51세,상해없음,승용,여,65세,경상
2015061400100502,2015년 6월 14일 21시,일요일,대전광역시 유성구 전민동,중상사고,0,1,1,0,차대차 - 기타,신호위반,건조,맑음,교차로 - 교차로안,승용,남,56세,상해없음,승용,남,59세,중상
2015061400100527,2015년 6월 14일 22시,일요일,대전광역시 중구 오류동,경상사고,0,0,1,0,차대차 - 측면직각충돌,안전운전불이행,건조,맑음,교차로 - 교차로안,승용,남,65세,상해없음,자전거,남,42세,경상
2015061400100528,2015년 6월 14일 22시,일요일,대전광역시 중구 대흥동,경상사고,0,0,5,0,차대차 - 측면직각충돌,안전운전불이행,건조,맑음,교차로 - 교차로부근,승용,남,18세,상해없음,승용,남,53세,경상
2015061500100009,2015년 6월 15일 00시,월요일,대전광역시 서구 변동,경상사고,0,0,1,0,차대차 - 추돌 - 진행중,안전운전불이행,건조,맑음,교차로 - 교차로부근,승용,남,40세,상해없음,화물,남,58세,경상
2015061500100010,2015년 6월 15일 00시,월요일,대전광역시 대덕구 비래동,중상사고,0,1,0,0,차량단독 - 공작물충돌,기타,건조,맑음,교차로 - 교차로안,승합,남,66세,상해없음,,,,
2015061500100081,2015년 6월 15일 07시,월요일,대전광역시 서구 도안동,경상사고,0,0,1,0,차대차 - 측면직각충돌,안전운전불이행,건조,맑음,교차로 - 교차로안,승용,여,40세,상해없음,자전거,남,14세,경상
2015061500100183,2015년 6월 15일 10시,월요일,대전광역시 대덕구 신탄진동,경상사고,0,0,2,0,차대차 - 측면직각충돌,안전운전불이행,건조,맑음,교차로 - 교차로안,승용,남,73세,상해없음,승용,여,45세,경상
2015061500100221,2015년 6월 15일 11시,월요일,대전광역시 중구 중촌동,중상사고,0,1,0,0,차대사람 - 횡단중,안전운전불이행,건조,맑음,단일로 - 기타,승용,남,29세,상해없음,보행자,여,59세,중상
2015061500100222,2015년 6월 15일 11시,월요일,대전광역시 서구 정림동,경상사고,0,0,1,0,차대차 - 측면직각충돌,교차로운행방법위반,건조,맑음,교차로 - 교차로안,승용,여,57세,상해없음,승용,남,32세,경상
2015061500100264,2015년 6월 15일 13시,월요일,대전광역시 유성구 송강동,중상사고,0,1,0,0,차대차 - 측면직각충돌,안전운전불이행,건조,맑음,단일로 - 기타,승합,남,65세,상해없음,자전거,남,58세,중상
2015061500100298,2015년 6월 15일 14시,월요일,대전광역시 서구 월평동,중상사고,0,1,2,0,차대차 - 측면직각충돌,신호위반,건조,맑음,교차로 - 교차로안,승용,남,57세,상해없음,승용,남,36세,경상
2015061500100336,2015년 6월 15일 15시,월요일,대전광역시 대덕구 오정동,중상사고,0,1,0,0,차대차 - 추돌 - 진행중,안전운전불이행,건조,맑음,교차로 - 교차로부근,화물,남,23세,상해없음,승용,여,41세,중상
2015061500100453,2015년 6월 15일 19시,월요일,대전광역시 유성구 구암동,중상사고,0,1,1,0,차대차 - 추돌 - 진행중,안전운전불이행,건조,맑음,기타 - 기타,승용,여,52세,상해없음,승용,남,46세,중상
2015061500100495,2015년 6월 15일 20시,월요일,대전광역시 대덕구 덕암동,경상사고,0,0,1,0,차대차 - 추돌 - 진행중,신호위반,건조,맑음,교차로 - 교차로안,승용,여,51세,상해없음,승용,남,57세,경상
2015061500100496,2015년 6월 15일 20시,월요일,대전광역시 유성구 도룡동,경상사고,0,0,1,0,차대차 - 측면직각충돌,신호위반,건조,맑음,교차로 - 교차로안,승용,남,34세,상해없음,승용,남,60세,경상
2015061500100497,2015년 6월 15일 20시,월요일,대전광역시 유성구 노은동,경상사고,0,0,1,0,차대차 - 기타,안전거리미확보,건조,맑음,단일로 - 기타,승용,남,69세,상해없음,승용,남,38세,경상
2015061500100498,2015년 6월 15일 20시,월요일,대전광역시 유성구 도룡동,경상사고,0,0,1,0,차대차 - 추돌 - 진행중,안전운전불이행,건조,맑음,교차로 - 교차로안,승용,여,26세,상해없음,승용,남,29세,경상
2015061500100563,2015년 6월 15일 22시,월요일,대전광역시 중구 문화동,경상사고,0,0,1,0,차대차 - 측면직각충돌,신호위반,건조,맑음,교차로 - 교차로안,승합,남,44세,상해없음,승용,여,49세,경상
2015061500100581,2015년 6월 15일 23시,월요일,대전광역시 서구 월평동,경상사고,0,0,1,0,차대차 - 추돌 - 주정차중,안전운전불이행,건조,맑음,단일로 - 기타,화물,남,32세,기타불명,승용,남,51세,경상
2015061600100020,2015년 6월 16일 00시,화요일,대전광역시 서구 월평동,경상사고,0,0,1,0,차대차 - 기타,안전운전불이행,건조,맑음,기타 - 기타,승용,남,59세,상해없음,승용,남,29세,경상
2015061600100036,2015년 6월 16일 02시,화요일,대전광역시 유성구 봉명동,경상사고,0,0,1,0,차대사람 - 길가장자리구역통행중,안전운전불이행,건조,맑음,단일로 - 기타,승용,남,43세,상해없음,보행자,남,25세,경상
2015061600100046,2015년 6월 16일 04시,화요일,대전광역시 대덕구 오정동,경상사고,0,0,1,0,차대차 - 추돌 - 진행중,안전운전불이행,건조,맑음,단일로 - 기타,승용,여,65세,상해없음,승용,남,63세,경상
2015061600100068,2015년 6월 16일 06시,화요일,대전광역시 동구 신흥동,경상사고,0,0,1,0,차대차 - 측면직각충돌,안전거리미확보,건조,맑음,교차로 - 교차로부근,승용,남,60세,기타불명,승용,남,36세,경상
2015061600100069,2015년 6월 16일 06시,화요일,대전광역시 유성구 장대동,중상사고,0,1,0,0,차대차 - 측면직각충돌,신호위반,건조,맑음,교차로 - 교차로안,승용,남,44세,상해없음,화물,남,54세,상해없음
2015061600100097,2015년 6월 16일 07시,화요일,대전광역시 대덕구 문평동,경상사고,0,0,1,0,차대차 - 기타,신호위반,건조,맑음,교차로 - 교차로안,승용,남,58세,상해없음,자전거,남,64세,경상
2015061600100098,2015년 6월 16일 07시,화요일,대전광역시 서구 갈마동,경상사고,0,0,1,0,차대차 - 추돌 - 진행중,안전운전불이행,건조,맑음,단일로 - 기타,승용,여,46세,상해없음,자전거,여,23세,경상
2015061600100127,2015년 6월 16일 08시,화요일,대전광역시 대덕구 석봉동,사망사고,1,0,0,0,차대차 - 기타,신호위반,건조,맑음,교차로 - 교차로부근,승합,남,57세,상해없음,자전거,남,13세,사망
2015061600100146,2015년 6월 16일 09시,화요일,대전광역시 동구 하소동,경상사고,0,0,1,0,차대차 - 정면충돌,중앙선침범,건조,맑음,단일로 - 교량,승용,남,48세,상해없음,화물,남,36세,경상
2015061600100147,2015년 6월 16일 09시,화요일,대전광역시 서구 도마동,경상사고,0,0,1,0,차대차 - 측면직각충돌,안전거리미확보,건조,맑음,단일로 - 기타,승용,여,36세,상해없음,승용,여,30세,경상
2015061600100148,2015년 6월 16일 09시,화요일,대전광역시 유성구 탑립동,중상사고,0,1,0,0,차대차 - 기타,안전운전불이행,건조,맑음,교차로 - 교차로안,승용,여,41세,상해없음,자전거,여,53세,중상
2015061600100149,2015년 6월 16일 09시,화요일,대전광역시 서구 월평동,중상사고,0,1,0,0,차대차 - 측면직각충돌,안전운전불이행,건조,맑음,단일로 - 기타,승합,남,74세,상해없음,자전거,남,73세,중상
2015061600100175,2015년 6월 16일 10시,화요일,대전광역시 대덕구 오정동,경상사고,0,0,2,0,차대차 - 추돌 - 진행중,안전운전불이행,건조,맑음,단일로 - 기타,승합,남,60세,상해없음,승용,남,31세,경상
2015061600100292,2015년 6월 16일 14시,화요일,대전광역시 동구 삼성동,경상사고,0,0,1,0,차대차 - 추돌 - 진행중,안전운전불이행,건조,맑음,단일로 - 기타,승용,여,67세,상해없음,승용,남,38세,경상
2015061600100293,2015년 6월 16일 14시,화요일,대전광역시 유성구 지족동,경상사고,0,0,1,0,차대차 - 측면직각충돌,신호위반,건조,맑음,교차로 - 교차로안,승용,여,67세,상해없음,승용,남,59세,경상
2015061600100525,2015년 6월 16일 20시,화요일,대전광역시 중구 오류동,중상사고,0,1,0,0,차대사람 - 횡단중,안전운전불이행,건조,맑음,교차로 - 교차로안,승용,남,28세,상해없음,보행자,여,70세,중상
2015061600100526,2015년 6월 16일 20시,화요일,대전광역시 유성구 장대동,경상사고,0,0,1,0,차대차 - 측면직각충돌,안전운전불이행,건조,맑음,단일로 - 기타,승용,남,40세,상해없음,자전거,남,50세,경상
2015061600100557,2015년 6월 16일 21시,화요일,대전광역시 중구 대흥동,중상사고,0,1,3,0,차대차 - 추돌 - 진행중,안전거리미확보,건조,맑음,단일로 - 기타,승용,남,57세,상해없음,승용,남,28세,경상
2015061600100616,2015년 6월 16일 23시,화요일,대전광역시 서구 도마동,중상사고,0,1,0,0,차대사람 - 횡단중,안전운전불이행,건조,맑음,단일로 - 기타,승합,남,25세,상해없음,보행자,남,45세,중상
2015061600100617,2015년 6월 16일 23시,화요일,대전광역시 대덕구 문평동,경상사고,0,0,2,0,차대차 - 추돌 - 주정차중,안전운전불이행,건조,맑음,교차로 - 교차로부근,승용,남,55세,상해없음,승용,남,33세,경상
2015061700100028,2015년 6월 17일 01시,수요일,대전광역시 유성구 방동,사망사고,1,1,0,0,차대차 - 기타,안전운전불이행,건조,맑음,단일로 - 기타,화물,남,61세,상해없음,승용,여,26세,사망
2015061700100062,2015년 6월 17일 05시,수요일,대전광역시 유성구 장대동,경상사고,0,0,2,0,차대차 - 추돌 - 진행중,안전운전불이행,건조,맑음,단일로 - 기타,승용,남,49세,상해없음,승용,남,67세,경상
2015061700100073,2015년 6월 17일 06시,수요일,대전광역시 중구 은행동,경상사고,0,0,1,0,차대차 - 측면직각충돌,신호위반,건조,맑음,교차로 - 교차로안,건설기계,남,36세,상해없음,승용,남,58세,경상
2015061700100161,2015년 6월 17일 09시,수요일,대전광역시 서구 용문동,경상사고,0,0,1,0,차대차 - 추돌 - 진행중,안전운전불이행,건조,맑음,단일로 - 기타,승용,남,33세,상해없음,승용,남,41세,경상
2015061700100190,2015년 6월 17일 10시,수요일,대전광역시 유성구 장대동,경상사고,0,0,1,0,차대사람 - 횡단중,안전운전불이행,건조,맑음,교차로 - 교차로안,화물,남,65세,상해없음,보행자,여,74세,경상
2015061700100191,2015년 6월 17일 10시,수요일,대전광역시 유성구 방동,경상사고,0,0,1,0,차대사람 - 차도통행중,안전운전불이행,건조,맑음,교차로 - 교차로부근,승합,남,43세,상해없음,보행자,남,21세,경상
2015061700100219,2015년 6월 17일 11시,수요일,대전광역시 동구 인동,경상사고,0,0,1,0,차대사람 - 차도통행중,안전운전불이행,건조,맑음,단일로 - 기타,승용,남,44세,상해없음,보행자,여,70세,경상
2015061700100220,2015년 6월 17일 11시,수요일,대전광역시 서구 월평동,경상사고,0,0,1,0,차대사람 - 차도통행중,안전운전불이행,건조,맑음,단일로 - 기타,승용,남,76세,상해없음,보행자,남,22세,경상
2015061700100294,2015년 6월 17일 14시,수요일,대전광역시 서구 갈마동,경상사고,0,0,1,0,차대차 - 측면직각충돌,기타,건조,맑음,단일로 - 기타,승용,여,41세,상해없음,자전거,남,5세,경상
2015061700100350,2015년 6월 17일 16시,수요일,대전광역시 서구 정림동,중상사고,0,1,0,0,차대사람 - 횡단중,신호위반,습기,흐림,단일로 - 횡단보도상,이륜,남,23세,상해없음,보행자,여,68세,중상
2015061700100389,2015년 6월 17일 17시,수요일,대전광역시 서구 내동,경상사고,0,0,1,0,차대차 - 측면직각충돌,기타,습기,비,교차로 - 교차로부근,승합,남,54세,상해없음,승용,여,45세,경상
2015061700100499,2015년 6월 17일 20시,수요일,대전광역시 유성구 원신흥동,경상사고,0,0,2,0,차대차 - 추돌 - 진행중,안전운전불이행,건조,맑음,교차로 - 교차로부근,승용,남,58세,상해없음,승용,남,34세,경상
2015061700100524,2015년 6월 17일 21시,수요일,대전광역시 중구 대사동,경상사고,0,0,1,0,차대사람 - 기타,안전운전불이행,건조,맑음,단일로 - 기타,승용,남,58세,상해없음,보행자,여,28세,경상
2015061700100549,2015년 6월 17일 22시,수요일,대전광역시 중구 문창동,중상사고,0,3,2,0,차대차 - 측면직각충돌,안전운전불이행,건조,맑음,단일로 - 기타,승용,남,27세,중상,승용,남,39세,경상
2015061700100550,2015년 6월 17일 22시,수요일,대전광역시 중구 대흥동,경상사고,0,0,2,0,차량단독 - 기타,안전운전불이행,건조,맑음,교차로 - 교차로안,승용,남,48세,상해없음,,,,
2015061700100551,2015년 6월 17일 22시,수요일,대전광역시 동구 용전동,경상사고,0,0,1,0,차대차 - 추돌 - 진행중,안전운전불이행,건조,맑음,단일로 - 기타,화물,남,54세,상해없음,화물,남,49세,경상
2015061800100029,2015년 6월 18일 00시,목요일,대전광역시 동구 성남동,중상사고,0,1,0,0,차대차 - 측면직각충돌,직진우회전진행방해,건조,기타,교차로 - 교차로안,승용,남,59세,상해없음,자전거,남,22세,중상
2015061800100030,2015년 6월 18일 00시,목요일,대전광역시 서구 괴정동,중상사고,0,1,0,0,차대사람 - 차도통행중,안전운전불이행,건조,맑음,단일로 - 횡단보도부근,승용,남,51세,상해없음,보행자,남,49세,중상
2015061800100064,2015년 6월 18일 03시,목요일,대전광역시 서구 도마동,경상사고,0,0,1,0,차대차 - 측면직각충돌,중앙선침범,건조,맑음,단일로 - 기타,승용,남,24세,상해없음,승용,남,36세,경상
2015061800100072,2015년 6월 18일 04시,목요일,대전광역시 중구 문화동,중상사고,0,1,0,0,차대사람 - 횡단중,보행자보호의무위반,건조,맑음,교차로 - 교차로부근,승용,남,60세,기타불명,보행자,남,77세,중상
2015061800100073,2015년 6월 18일 04시,목요일,대전광역시 서구 갈마동,경상사고,0,0,1,0,차대사람 - 길가장자리구역통행중,안전운전불이행,건조,맑음,교차로 - 교차로안,승용,남,43세,상해없음,보행자,남,26세,경상
2015061800100122,2015년 6월 18일 07시,목요일,대전광역시 중구 안영동,경상사고,0,0,1,0,차대차 - 측면직각충돌,안전운전불이행,건조,맑음,단일로 - 기타,화물,기타불명,기타불명,기타불명,자전거,남,75세,경상
2015061800100166,2015년 6월 18일 08시,목요일,대전광역시 동구 자양동,경상사고,0,0,2,0,차대차 - 측면직각충돌,안전거리미확보,건조,맑음,교차로 - 교차로부근,승용,남,67세,상해없음,승합,남,41세,상해없음
2015061800100167,2015년 6월 18일 08시,목요일,대전광역시 서구 관저동,중상사고,0,1,0,0,차대사람 - 횡단중,보행자보호의무위반,건조,맑음,교차로 - 교차로안,승합,남,43세,상해없음,보행자,남,57세,중상
2015061800100261,2015년 6월 18일 12시,목요일,대전광역시 유성구 용산동,경상사고,0,0,1,0,차대사람 - 기타,안전운전불이행,건조,맑음,교차로 - 교차로부근,이륜,남,19세,상해없음,보행자,여,54세,경상
2015061800100311,2015년 6월 18일 14시,목요일,대전광역시 동구 삼성동,중상사고,0,1,0,0,차대차 - 기타,안전운전불이행,건조,맑음,단일로 - 기타,승용,여,53세,상해없음,자전거,남,70세,중상
2015061800100312,2015년 6월 18일 14시,목요일,대전광역시 유성구 상대동,경상사고,0,0,1,0,차대사람 - 횡단중,보행자보호의무위반,건조,맑음,단일로 - 횡단보도상,승용,여,35세,상해없음,보행자,남,7세,경상
2015061800100414,2015년 6월 18일 17시,목요일,대전광역시 동구 용전동,경상사고,0,0,4,0,차대차 - 기타,안전운전불이행,건조,맑음,단일로 - 기타,승용,남,19세,상해없음,승용,남,26세,경상
2015061800100415,2015년 6월 18일 17시,목요일,대전광역시 유성구 전민동,중상사고,0,1,0,0,차대차 - 추돌 - 진행중,안전운전불이행,건조,맑음,단일로 - 기타,승용,여,46세,상해없음,이륜,남,54세,중상
2015061800100520,2015년 6월 18일 20시,목요일,대전광역시 대덕구 신일동,경상사고,0,0,5,0,차대차 - 기타,안전운전불이행,건조,맑음,단일로 - 기타,승용,남,47세,상해없음,승용,남,39세,경상
2015061800100568,2015년 6월 18일 21시,목요일,대전광역시 중구 목동,경상사고,0,0,1,0,차대차 - 측면직각충돌,안전운전불이행,건조,맑음,교차로 - 교차로안,승용,남,29세,상해없음,자전거,남,33세,경상
2015061800100569,2015년 6월 18일 21시,목요일,대전광역시 유성구 용계동,중상사고,0,2,1,0,차대차 - 측면직각충돌,신호위반,건조,맑음,교차로 - 교차로안,승용,남,40세,경상,이륜,남,19세,중상
2015061800100606,2015년 6월 18일 22시,목요일,대전광역시 서구 도마동,경상사고,0,0,1,0,차대사람 - 길가장자리구역통행중,안전운전불이행,건조,맑음,단일로 - 기타,승용,여,51세,상해없음,보행자,남,1세,경상
2015061800100607,2015년 6월 18일 22시,목요일,대전광역시 서구 갈마동,경상사고,0,0,1,0,차대차 - 추돌 - 진행중,안전운전불이행,건조,맑음,교차로 - 교차로부근,승용,남,60세,상해없음,승용,남,67세,상해없음
2015061900100026,2015년 6월 19일 00시,금요일,대전광역시 유성구 궁동,중상사고,0,1,0,0,차대차 - 측면직각충돌,불법유턴,건조,맑음,단일로 - 기타,승용,남,52세,상해없음,이륜,남,26세,중상
2015061900100163,2015년 6월 19일 08시,금요일,대전광역시 중구 용두동,중상사고,0,1,1,0,차량단독 - 기타,안전운전불이행,건조,맑음,단일로 - 기타,승합,남,55세,상해없음,,,,