사고번호,사고일시,요일,시군구,사고내용,사망자수,중상자수,경상자수,부상신고자수,사고유형,법규위반,노면상태,기상상태,도로형태,가해운전자 차종,가해운전자 성별,가해운전자 연령,가해운전자 상해정도,피해운전자 차종,피해운전자 성별,피해운전자 연령,피해운전자 상해정도
2015061900100164,2015년 6월 19일 08시,금요일,대전광역시 동구 삼성동,중상사고,0,1,0,0,차대차 - 측면직각충돌,안전운전불이행,건조,맑음,교차로 - 교차로부근,승용,남,76세,상해없음,자전거,남,74세,중상
2015061900100165,2015년 6월 19일 08시,금요일,대전광역시 동구 가오동,경상사고,0,0,1,0,차대사람 - 기타,안전운전불이행,건조,맑음,단일로 - 기타,원동기,남,42세,상해없음,보행자,남,17세,경상
2015061900100166,2015년 6월 19일 08시,금요일,대전광역시 서구 괴정동,경상사고,0,0,1,0,차대차 - 측면직각충돌,안전운전불이행,건조,맑음,단일로 - 기타,승용,남,25세,상해없음,자전거,여,48세,경상
2015061900100167,2015년 6월 19일 08시,금요일,대전광역시 유성구 장대동,중상사고,0,1,0,0,차대차 - 기타,안전운전불이행,건조,맑음,단일로 - 기타,승용,남,64세,상해없음,승용,여,36세,중상
2015061900100192,2015년 6월 19일 09시,금요일,대전광역시 서구 변동,경상사고,0,0,2,0,차대차 - 기타,신호위반,건조,맑음,교차로 - 교차로안,승용,남,56세,상해없음,승용,여,38세,경상
2015061900100250,2015년 6월 19일 11시,금요일,대전광역시 동구 가양동,경상사고,0,0,1,0,차대차 - 기타,안전운전불이행,건조,맑음,단일로 - 기타,화물,남,35세,상해없음,자전거,여,56세,경상
2015061900100272,2015년 6월 19일 12시,금요일,대전광역시 중구 문창동,경상사고,0,0,4,0,차대차 - 측면직각충돌,안전운전불이행,건조,맑음,교차로 - 교차로안,승용,남,53세,상해없음,승용,남,67세,경상
2015061900100307,2015년 6월 19일 13시,금요일,대전광역시 중구 문화동,경상사고,0,0,1,0,차대차 - 추돌 - 진행중,안전운전불이행,건조,맑음,교차로 - 교차로부근,승용,남,44세,상해없음,원동기,남,57세,경상
2015061900100402,2015년 6월 19일 16시,금요일,대전광역시 대덕구 중리동,경상사고,0,0,2,0,차대차 - 추돌 - 주정차중,안전운전불이행,건조,맑음,기타 - 기타,승용,남,67세,상해없음,승용,여,45세,경상
2015061900100403,2015년 6월 19일 16시,금요일,대전광역시 대덕구 덕암동,경상사고,0,0,1,0,차대사람 - 보도통행중,보행자보호의무위반,건조,맑음,교차로 - 교차로안,승용,남,24세,상해없음,보행자,남,57세,경상
2015061900100404,2015년 6월 19일 16시,금요일,대전광역시 유성구 송강동,중상사고,0,1,3,0,차량단독 - 기타,안전운전불이행,건조,맑음,단일로 - 기타,승합,남,46세,상해없음,,,,
2015061900100447,2015년 6월 19일 17시,금요일,대전광역시 서구 정림동,경상사고,0,0,1,0,차대차 - 측면직각충돌,신호위반,건조,맑음,교차로 - 교차로안,승용,남,57세,상해없음,이륜,남,17세,경상
2015061900100448,2015년 6월 19일 17시,금요일,대전광역시 대덕구 상서동,중상사고,0,1,0,0,차대사람 - 횡단중,안전운전불이행,건조,맑음,기타 - 기타,승용,남,47세,상해없음,보행자,여,59세,중상
2015061900100449,2015년 6월 19일 17시,금요일,대전광역시 서구 탄방동,중상사고,0,1,0,0,차대차 - 측면직각충돌,신호위반,건조,맑음,교차로 - 교차로안,화물,남,46세,상해없음,이륜,남,44세,중상
2015061900100450,2015년 6월 19일 17시,금요일,대전광역시 유성구 궁동,경상사고,0,0,5,0,차대차 - 기타,안전거리미확보,건조,맑음,단일로 - 기타,건설기계,남,48세,상해없음,승용,여,54세,경상
2015061900100503,2015년 6월 19일 18시,금요일,대전광역시 중구 어남동,경상사고,0,0,2,0,차대차 - 측면직각충돌,안전운전불이행,건조,맑음,교차로 - 교차로부근,건설기계,남,47세,상해없음,승용,여,35세,경상
2015061900100504,2015년 6월 19일 18시,금요일,대전광역시 대덕구 비래동,경상사고,0,0,1,0,차대차 - 추돌 - 진행중,신호위반,건조,맑음,교차로 - 교차로안,승용,남,24세,상해없음,승용,여,33세,경상
2015061900100544,2015년 6월 19일 19시,금요일,대전광역시 서구 관저동,경상사고,0,0,2,0,차대차 - 추돌 - 진행중,안전거리미확보,건조,맑음,교차로 - 교차로부근,승합,남,37세,상해없음,승용,남,24세,경상
2015061900100660,2015년 6월 19일 22시,금요일,대전광역시 대덕구 대화동,중상사고,0,1,1,0,차대차 - 기타,신호위반,건조,맑음,교차로 - 교차로부근,승용,남,55세,상해없음,승용,남,45세,중상
2015061900100661,2015년 6월 19일 22시,금요일,대전광역시 서구 둔산동,중상사고,0,1,0,0,차대차 - 측면직각충돌,안전운전불이행,건조,맑음,교차로 - 교차로부근,승용,남,47세,상해없음,자전거,여,22세,중상
2015061900100695,2015년 6월 19일 23시,금요일,대전광역시 유성구 노은동,경상사고,0,0,2,0,차대차 - 추돌 - 주정차중,안전운전불이행,건조,맑음,교차로 - 교차로부근,승용,남,26세,상해없음,승용,남,36세,경상
2015061900100696,2015년 6월 19일 23시,금요일,대전광역시 서구 둔산동,경상사고,0,0,3,0,차대차 - 기타,안전운전불이행,건조,맑음,단일로 - 기타,승용,남,41세,상해없음,승용,남,41세,경상
2015062000100047,2015년 6월 20일 01시,토요일,대전광역시 서구 도마동,경상사고,0,0,1,0,차대차 - 측면직각충돌,신호위반,건조,맑음,교차로 - 교차로안,승용,남,28세,상해없음,승용,남,63세,경상
2015062000100110,2015년 6월 20일 05시,토요일,대전광역시 동구 대동,중상사고,0,2,0,0,차대차 - 정면충돌,중앙선침범,건조,맑음,단일로 - 기타,승용,남,27세,상해없음,승용,남,52세,상해없음
2015062000100111,2015년 6월 20일 05시,토요일,대전광역시 유성구 궁동,경상사고,0,0,1,0,차대차 - 측면직각충돌,안전운전불이행,건조,맑음,교차로 - 교차로안,승용,남,19세,상해없음,승용,남,59세,경상
2015062000100156,2015년 6월 20일 08시,토요일,대전광역시 동구 신흥동,경상사고,0,0,2,0,차대차 - 추돌 - 진행중,안전운전불이행,건조,맑음,교차로 - 교차로부근,승용,여,50세,상해없음,승합,남,57세,경상
2015062000100233,2015년 6월 20일 11시,토요일,대전광역시 서구 갈마동,중상사고,0,1,0,0,차대차 - 추돌 - 진행중,중앙선침범,건조,맑음,기타 - 기타,승용,남,55세,상해없음,이륜,남,19세,중상
2015062000100273,2015년 6월 20일 12시,토요일,대전광역시 동구 원동,사망사고,1,0,0,0,차대차 - 측면직각충돌,교차로운행방법위반,건조,맑음,교차로 - 교차로안,원동기,남,76세,사망,승용,남,58세,상해없음
2015062000100305,2015년 6월 20일 13시,토요일,대전광역시 서구 관저동,경상사고,0,0,1,0,차대차 - 측면직각충돌,신호위반,건조,맑음,교차로 - 교차로안,이륜,남,23세,상해없음,승용,남,32세,경상
2015062000100340,2015년 6월 20일 14시,토요일,대전광역시 동구 대동,경상사고,0,0,1,0,차대사람 - 보도통행중,안전운전불이행,건조,맑음,단일로 - 기타,기타불명,기타불명,기타불명,기타불명,보행자,여,58세,경상
2015062000100341,2015년 6월 20일 14시,토요일,대전광역시 서구 변동,중상사고,0,1,0,0,차대사람 - 횡단중,안전운전불이행,건조,맑음,단일로 - 기타,승용,남,31세,상해없음,보행자,여,58세,중상
2015062000100468,2015년 6월 20일 17시,토요일,대전광역시 서구 둔산동,중상사고,0,1,0,0,차대차 - 기타,신호위반,습기,비,교차로 - 교차로안,승용,남,45세,상해없음,자전거,남,16세,중상
2015062000100508,2015년 6월 20일 18시,토요일,대전광역시 유성구 구암동,경상사고,0,0,2,0,차대차 - 기타,신호위반,습기,비,교차로 - 교차로안,승용,여,48세,상해없음,승용,남,70세,경상
2015062000100537,2015년 6월 20일 19시,토요일,대전광역시 서구 괴정동,경상사고,0,0,2,0,차대차 - 추돌 - 주정차중,안전운전불이행,건조,맑음,단일로 - 기타,승용,남,19세,상해없음,승용,남,32세,경상
2015062000100565,2015년 6월 20일 20시,토요일,대전광역시 중구 옥계동,경상사고,0,0,1,0,차대차 - 추돌 - 진행중,안전운전불이행,습기,비,단일로 - 기타,승용,남,34세,상해없음,원동기,남,46세,경상
2015062000100566,2015년 6월 20일 20시,토요일,대전광역시 대덕구 문평동,경상사고,0,0,1,0,차대차 - 추돌 - 진행중,안전운전불이행,건조,흐림,교차로 - 교차로부근,화물,남,51세,상해없음,승용,남,40세,경상
2015062000100567,2015년 6월 20일 20시,토요일,대전광역시 유성구 반석동,경상사고,0,0,1,0,차대차 - 정면충돌,중앙선침범,습기,맑음,교차로 - 교차로안,승용,여,47세,상해없음,원동기,남,24세,경상
2015062000100568,2015년 6월 20일 20시,토요일,대전광역시 유성구 반석동,부상신고사고,0,0,0,1,차대사람 - 횡단중,안전운전불이행,건조,맑음,교차로 - 교차로부근,이륜,남,50세,상해없음,보행자,남,18세,부상신고
2015062000100569,2015년 6월 20일 20시,토요일,대전광역시 서구 둔산동,중상사고,0,1,0,0,차대차 - 기타,신호위반,습기,비,교차로 - 교차로안,승용,여,32세,상해없음,자전거,남,16세,중상
2015062000100618,2015년 6월 20일 22시,토요일,대전광역시 유성구 반석동,중상사고,0,3,0,0,차대차 - 기타,안전거리미확보,습기,비,단일로 - 기타,승용,여,49세,중상,승용,남,35세,상해없음
2015062000100639,2015년 6월 20일 23시,토요일,대전광역시 동구 용전동,중상사고,0,1,1,0,차대차 - 측면직각충돌,신호위반,건조,흐림,교차로 - 교차로안,이륜,남,39세,중상,승용,남,64세,경상
2015062000100640,2015년 6월 20일 23시,토요일,대전광역시 서구 탄방동,중상사고,0,1,0,0,차대사람 - 횡단중,안전운전불이행,건조,맑음,단일로 - 기타,승용,기타불명,기타불명,기타불명,보행자,남,21세,중상
2015062100100023,2015년 6월 21일 00시,일요일,대전광역시 중구 문화동,경상사고,0,0,2,0,차대차 - 추돌 - 진행중,안전운전불이행,습기,흐림,단일로 - 횡단보도부근,승용,남,19세,상해없음,특수,남,42세,경상
2015062100100024,2015년 6월 21일 00시,일요일,대전광역시 대덕구 중리동,경상사고,0,0,2,0,차대차 - 추돌 - 주정차중,안전운전불이행,건조,맑음,교차로 - 교차로부근,승용,남,35세,상해없음,승용,남,32세,경상
2015062100100059,2015년 6월 21일 02시,일요일,대전광역시 중구 문화동,중상사고,0,1,1,0,차대차 - 추돌 - 진행중,안전운전불이행,건조,맑음,교차로 - 교차로부근,승용,남,28세,상해없음,승용,남,38세,상해없음
2015062100100108,2015년 6월 21일 06시,일요일,대전광역시 중구 은행동,중상사고,0,1,2,0,차대차 - 측면직각충돌,신호위반,건조,맑음,교차로 - 교차로안,승용,남,27세,경상,승용,남,56세,경상
2015062100100118,2015년 6월 21일 07시,일요일,대전광역시 유성구 봉명동,경상사고,0,0,1,0,차대차 - 기타,신호위반,건조,맑음,교차로 - 교차로안,특수,남,40세,상해없음,승용,여,63세,경상
2015062100100165,2015년 6월 21일 10시,일요일,대전광역시 중구 용두동,중상사고,0,1,0,0,차대차 - 측면직각충돌,안전운전불이행,건조,맑음,단일로 - 기타,자전거,남,58세,상해없음,자전거,여,54세,중상
2015062100100252,2015년 6월 21일 13시,일요일,대전광역시 서구 가장동,중상사고,0,1,0,0,차대차 - 추돌 - 진행중,신호위반,건조,맑음,교차로 - 교차로안,승용,여,27세,상해없음,이륜,남,19세,중상
2015062100100282,2015년 6월 21일 14시,일요일,대전광역시 동구 가양동,중상사고,0,1,0,0,차대사람 - 횡단중,보행자보호의무위반,건조,맑음,단일로 - 횡단보도상,승용,남,57세,상해없음,보행자,남,12세,중상
2015062100100283,2015년 6월 21일 14시,일요일,대전광역시 동구 판암동,경상사고,0,0,1,0,차대사람 - 횡단중,안전운전불이행,건조,맑음,교차로 - 교차로안,승용,여,51세,상해없음,보행자,남,14세,경상
2015062100100437,2015년 6월 21일 19시,일요일,대전광역시 동구 용전동,중상사고,0,1,0,0,차대차 - 측면직각충돌,안전거리미확보,건조,맑음,단일로 - 기타,승용,남,58세,상해없음,승용,여,57세,중상
2015062100100438,2015년 6월 21일 19시,일요일,대전광역시 동구 삼성동,경상사고,0,0,1,0,차대차 - 추돌 - 진행중,안전운전불이행,건조,맑음,단일로 - 기타,화물,남,46세,상해없음,승용,남,32세,상해없음
2015062100100465,2015년 6월 21일 20시,일요일,대전광역시 중구 용두동,경상사고,0,0,1,0,차대차 - 측면직각충돌,안전거리미확보,건조,맑음,단일로 - 기타,승용,여,28세,상해없음,승용,남,32세,경상
2015062100100485,2015년 6월 21일 21시,일요일,대전광역시 서구 월평동,경상사고,0,0,1,0,차대사람 - 기타,안전운전불이행,건조,맑음,기타 - 기타,승용,남,52세,상해없음,보행자,남,25세,경상
2015062100100509,2015년 6월 21일 22시,일요일,대전광역시 중구 산성동,경상사고,0,0,4,0,차대차 - 추돌 - 주정차중,안전운전불이행,건조,맑음,단일로 - 기타,승용,남,29세,상해없음,승합,남,44세,경상
2015062200100029,2015년 6월 22일 01시,월요일,대전광역시 유성구 궁동,중상사고,0,1,1,0,차대차 - 측면직각충돌,신호위반,건조,맑음,교차로 - 교차로안,승용,남,21세,상해없음,승용,남,58세,중상
2015062200100150,2015년 6월 22일 08시,월요일,대전광역시 대덕구 비래동,중상사고,0,1,0,0,차대사람 - 차도통행중,안전운전불이행,건조,맑음,단일로 - 기타,승용,여,54세,상해없음,보행자,여,30세,중상
2015062200100182,2015년 6월 22일 09시,월요일,대전광역시 동구 구도동,경상사고,0,0,1,0,차대사람 - 기타,기타,건조,맑음,단일로 - 기타,승합,남,54세,상해없음,보행자,여,58세,경상
2015062200100205,2015년 6월 22일 10시,월요일,대전광역시 동구 가양동,경상사고,0,0,1,0,차대차 - 측면직각충돌,교차로운행방법위반,건조,맑음,교차로 - 교차로안,승용,여,59세,상해없음,원동기,남,25세,경상
2015062200100293,2015년 6월 22일 13시,월요일,대전광역시 서구 둔산동,중상사고,0,1,0,0,차대사람 - 기타,안전운전불이행,건조,맑음,교차로 - 교차로부근,승용,남,32세,상해없음,보행자,여,53세,중상
2015062200100294,2015년 6월 22일 13시,월요일,대전광역시 서구 탄방동,중상사고,0,1,0,0,차대사람 - 기타,안전운전불이행,건조,맑음,단일로 - 기타,승용,여,34세,상해없음,보행자,남,68세,중상
2015062200100373,2015년 6월 22일 15시,월요일,대전광역시 중구 산성동,중상사고,0,1,0,0,차대차 - 측면직각충돌,교차로운행방법위반,건조,맑음,교차로 - 교차로부근,승용,남,52세,상해없음,원동기,여,57세,중상
2015062200100374,2015년 6월 22일 15시,월요일,대전광역시 유성구 장대동,중상사고,0,1,0,0,차대차 - 측면직각충돌,안전운전불이행,건조,맑음,단일로 - 기타,승용,남,55세,상해없음,승용,남,24세,중상
2015062200100509,2015년 6월 22일 18시,월요일,대전광역시 서구 가수원동,중상사고,0,1,0,0,차대차 - 측면직각충돌,안전운전불이행,건조,맑음,단일로 - 기타,승용,남,32세,상해없음,이륜,남,58세,중상
2015062200100510,2015년 6월 22일 18시,월요일,대전광역시 유성구 교촌동,경상사고,0,0,1,0,차대차 - 추돌 - 주정차중,안전운전불이행,건조,맑음,단일로 - 기타,승용,여,35세,상해없음,승용,남,41세,상해없음
2015062200100590,2015년 6월 22일 21시,월요일,대전광역시 서구 둔산동,경상사고,0,0,1,0,차대차 - 추돌 - 주정차중,안전거리미확보,건조,흐림,교차로 - 교차로부근,화물,남,69세,상해없음,승용,남,43세,경상
2015062200100620,2015년 6월 22일 22시,월요일,대전광역시 동구 용전동,중상사고,0,2,0,0,차대차 - 측면직각충돌,안전운전불이행,건조,맑음,단일로 - 기타,승용,남,60세,상해없음,원동기,여,48세,중상
2015062200100621,2015년 6월 22일 22시,월요일,대전광역시 동구 용전동,경상사고,0,0,2,0,차대차 - 정면충돌,신호위반,건조,맑음,교차로 - 교차로안,승용,기타불명,기타불명,기타불명,승용,남,40세,상해없음
2015062200100622,2015년 6월 22일 22시,월요일,대전광역시 유성구 구성동,경상사고,0,0,3,0,차대차 - 추돌 - 주정차중,안전운전불이행,건조,맑음,단일로 - 기타,승용,남,52세,상해없음,승용,남,25세,경상
2015062200100623,2015년 6월 22일 22시,월요일,대전광역시 유성구 노은동,경상사고,0,0,1,0,차대차 - 추돌 - 주정차중,안전운전불이행,건조,흐림,교차로 - 교차로부근,승용,여,48세,상해없음,승용,여,52세,경상
2015062300100018,2015년 6월 23일 00시,화요일,대전광역시 서구 관저동,중상사고,0,1,3,0,차대차 - 추돌 - 진행중,안전운전불이행,건조,맑음,교차로 - 교차로안,화물,남,47세,중상,승용,남,55세,경상
2015062300100019,2015년 6월 23일 00시,화요일,대전광역시 서구 도마동,중상사고,0,2,0,0,차대차 - 측면직각충돌,신호위반,건조,맑음,교차로 - 교차로안,승용,남,28세,상해없음,승용,남,44세,중상
2015062300100053,2015년 6월 23일 03시,화요일,대전광역시 대덕구 오정동,경상사고,0,0,2,0,차대차 - 추돌 - 진행중,안전운전불이행,건조,맑음,교차로 - 교차로안,승용,남,28세,상해없음,승용,남,25세,경상
2015062300100061,2015년 6월 23일 04시,화요일,대전광역시 중구 선화동,중상사고,0,1,0,0,차량단독 - 주차차량충돌,안전운전불이행,건조,맑음,단일로 - 기타,원동기,남,25세,중상,,,,
2015062300100073,2015년 6월 23일 05시,화요일,대전광역시 대덕구 오정동,중상사고,0,1,2,0,차대차 - 기타,안전운전불이행,건조,맑음,단일로 - 기타,화물,남,30세,중상,화물,남,42세,경상
2015062300100111,2015년 6월 23일 07시,화요일,대전광역시 동구 용운동,경상사고,0,0,1,0,차대차 - 기타,안전운전불이행,건조,맑음,단일로 - 기타,승용,남,31세,상해없음,자전거,남,15세,경상
2015062300100149,2015년 6월 23일 08시,화요일,대전광역시 중구 유천동,경상사고,0,0,1,0,차대차 - 측면직각충돌,교차로운행방법위반,건조,맑음,교차로 - 교차로안,승용,남,33세,상해없음,자전거,남,17세,경상
2015062300100150,2015년 6월 23일 08시,화요일,대전광역시 중구 산성동,경상사고,0,0,4,0,차대차 - 측면직각충돌,안전운전불이행,건조,맑음,교차로 - 교차로안,승용,남,50세,경상,승용,여,44세,경상
2015062300100202,2015년 6월 23일 10시,화요일,대전광역시 중구 선화동,중상사고,0,1,0,0,차대차 - 측면직각충돌,신호위반,건조,맑음,교차로 - 교차로부근,승용,남,58세,상해없음,원동기,남,19세,중상
2015062300100203,2015년 6월 23일 10시,화요일,대전광역시 유성구 화암동,경상사고,0,0,1,0,차대차 - 추돌 - 진행중,교차로운행방법위반,건조,맑음,교차로 - 교차로안,화물,남,72세,상해없음,화물,남,66세,경상
2015062300100224,2015년 6월 23일 11시,화요일,대전광역시 중구 부사동,경상사고,0,0,1,0,차대차 - 측면직각충돌,교차로운행방법위반,건조,맑음,교차로 - 교차로안,승용,여,47세,상해없음,자전거,남,22세,경상
2015062300100225,2015년 6월 23일 11시,화요일,대전광역시 동구 하소동,경상사고,0,0,1,0,차대사람 - 횡단중,안전운전불이행,건조,맑음,단일로 - 기타,승용,여,49세,상해없음,보행자,여,63세,경상
2015062300100319,2015년 6월 23일 15시,화요일,대전광역시 유성구 장대동,경상사고,0,0,3,0,차대차 - 기타,안전운전불이행,건조,맑음,단일로 - 기타,승용,여,34세,상해없음,승용,남,50세,상해없음
2015062300100410,2015년 6월 23일 17시,화요일,대전광역시 서구 도안동,사망사고,1,0,2,0,차대차 - 측면직각충돌,차로위반,건조,맑음,단일로 - 기타,화물,남,28세,사망,승합,남,60세,경상
2015062300100478,2015년 6월 23일 19시,화요일,대전광역시 동구 정동,경상사고,0,0,1,0,차대차 - 측면직각충돌,안전운전불이행,건조,맑음,단일로 - 기타,승용,남,55세,상해없음,자전거,여,20세,경상
2015062300100536,2015년 6월 23일 21시,화요일,대전광역시 유성구 봉명동,경상사고,0,0,2,0,차대차 - 측면직각충돌,안전운전불이행,건조,맑음,교차로 - 교차로안,승용,남,52세,상해없음,승용,남,34세,경상
2015062300100569,2015년 6월 23일 22시,화요일,대전광역시 동구 용운동,경상사고,0,0,1,0,차량단독 - 기타,안전운전불이행,건조,맑음,단일로 - 기타,승합,남,54세,상해없음,,,,
2015062300100570,2015년 6월 23일 22시,화요일,대전광역시 유성구 관평동,경상사고,0,0,1,0,차대차 - 기타,중앙선침범,건조,맑음,단일로 - 기타,승용,남,57세,상해없음,승합,남,57세,상해없음
2015062300100571,2015년 6월 23일 22시,화요일,대전광역시 유성구 송강동,경상사고,0,0,2,0,차대차 - 기타,신호위반,건조,맑음,교차로 - 교차로안,승용,남,62세,상해없음,승용,남,38세,상해없음
2015062400100046,2015년 6월 24일 02시,수요일,대전광역시 유성구 전민동,중상사고,0,1,0,0,차대차 - 기타,안전운전불이행,건조,맑음,단일로 - 기타,화물,남,52세,상해없음,화물,남,60세,중상
2015062400100075,2015년 6월 24일 05시,수요일,대전광역시 중구 산성동,중상사고,0,1,1,0,차대차 - 측면직각충돌,신호위반,건조,맑음,교차로 - 교차로안,승용,여,47세,상해없음,승용,남,61세,중상
2015062400100157,2015년 6월 24일 08시,수요일,대전광역시 중구 선화동,경상사고,0,0,1,0,차대차 - 측면직각충돌,교차로운행방법위반,건조,맑음,교차로 - 교차로안,승용,남,36세,상해없음,승용,여,59세,경상
2015062400100158,2015년 6월 24일 08시,수요일,대전광역시 서구 괴정동,경상사고,0,0,1,0,차대사람 - 길가장자리구역통행중,안전운전불이행,건조,흐림,단일로 - 기타,승용,기타불명,기타불명,기타불명,보행자,남,13세,경상
2015062400100194,2015년 6월 24일 09시,수요일,대전광역시 중구 선화동,부상신고사고,0,0,0,1,차대차 - 추돌 - 진행중,안전거리미확보,건조,맑음,단일로 - 기타,승용,남,32세,상해없음,원동기,남,52세,부상신고
2015062400100195,2015년 6월 24일 09시,수요일,대전광역시 서구 괴정동,경상사고,0,0,1,0,차대차 - 측면직각충돌,안전운전불이행,건조,맑음,교차로 - 교차로부근,승용,남,22세,상해없음,자전거,여,26세,경상
2015062400100295,2015년 6월 24일 13시,수요일,대전광역시 서구 괴정동,경상사고,0,0,1,0,차대차 - 측면직각충돌,교차로운행방법위반,건조,맑음,교차로 - 교차로안,이륜,남,46세,경상,승용,남,41세,상해없음
2015062400100334,2015년 6월 24일 14시,수요일,대전광역시 유성구 신성동,경상사고,0,0,1,0,차대차 - 측면직각충돌,교차로운행방법위반,건조,맑음,교차로 - 교차로안,승용,남,57세,경상,승용,남,60세,상해없음
2015062400100398,2015년 6월 24일 16시,수요일,대전광역시 중구 선화동,중상사고,0,1,0,0,차대사람 - 횡단중,보행자보호의무위반,습기,비,교차로 - 교차로안,승용,남,55세,상해없음,보행자,여,65세,중상
2015062400100440,2015년 6월 24일 17시,수요일,대전광역시 동구 중동,경상사고,0,0,1,0,차대차 - 측면직각충돌,안전거리미확보,습기,비,단일로 - 기타,화물,남,47세,상해없음,승용,여,37세,경상
2015062400100477,2015년 6월 24일 18시,수요일,대전광역시 서구 탄방동,부상신고사고,0,0,0,1,차대차 - 기타,안전운전불이행,습기,비,교차로 - 교차로부근,승용,남,45세,상해없음,이륜,남,41세,부상신고
2015062400100542,2015년 6월 24일 20시,수요일,대전광역시 서구 괴정동,경상사고,0,0,2,0,차대차 - 추돌 - 진행중,안전운전불이행,건조,맑음,단일로 - 기타,승용,남,53세,상해없음,승용,남,47세,경상
2015062400100602,2015년 6월 24일 22시,수요일,대전광역시 서구 도마동,중상사고,0,1,2,0,차대차 - 측면직각충돌,중앙선침범,건조,맑음,단일로 - 기타,승용,남,42세,상해없음,승용,여,52세,경상
2015062400100628,2015년 6월 24일 23시,수요일,대전광역시 유성구 봉명동,사망사고,1,1,0,0,차대차 - 정면충돌,중앙선침범,건조,흐림,단일로 - 기타,승용,남,30세,사망,승합,남,45세,중상
2015062500100027,2015년 6월 25일 00시,목요일,대전광역시 서구 용문동,경상사고,0,0,1,0,차대차 - 측면직각충돌,차로위반,건조,맑음,단일로 - 기타,승용,남,24세,상해없음,승용,남,51세,경상
2015062500100105,2015년 6월 25일 07시,목요일,대전광역시 서구 가장동,경상사고,0,0,1,0,차대차 - 측면직각충돌,안전운전불이행,건조,맑음,단일로 - 기타,승용,여,43세,상해없음,승용,여,45세,경상
2015062500100106,2015년 6월 25일 07시,목요일,대전광역시 유성구 봉명동,경상사고,0,0,1,0,차대차 - 추돌 - 진행중,안전운전불이행,건조,맑음,단일로 - 기타,승용,남,31세,상해없음,승용,남,48세,상해없음
2015062500100136,2015년 6월 25일 08시,목요일,대전광역시 서구 둔산동,중상사고,0,1,0,0,차대차 - 기타,교차로운행방법위반,건조,맑음,교차로 - 교차로안,승용,여,49세,상해없음,자전거,여,49세,중상
2015062500100137,2015년 6월 25일 08시,목요일,대전광역시 유성구 하기동,경상사고,0,0,1,0,차대차 - 기타,안전운전불이행,건조,맑음,단일로 - 기타,승용,여,46세,상해없음,승합,남,44세,경상
2015062500100160,2015년 6월 25일 09시,목요일,대전광역시 유성구 봉명동,경상사고,0,0,1,0,차대차 - 기타,안전운전불이행,건조,맑음,교차로 - 교차로부근,화물,남,22세,상해없음,자전거,여,21세,경상
2015062500100238,2015년 6월 25일 12시,목요일,대전광역시 서구 월평동,중상사고,0,1,1,0,차대차 - 기타,신호위반,건조,맑음,교차로 - 교차로안,승용,여,20세,상해없음,승용,남,57세,경상
2015062500100265,2015년 6월 25일 13시,목요일,대전광역시 서구 둔산동,경상사고,0,0,1,0,차대차 - 기타,안전운전불이행,건조,맑음,교차로 - 교차로부근,승용,여,37세,상해없음,승용,남,31세,경상
2015062500100305,2015년 6월 25일 14시,목요일,대전광역시 유성구 송정동,중상사고,0,4,0,0,차대차 - 기타,안전운전불이행,습기,비,단일로 - 기타,화물,남,52세,상해없음,승용,여,58세,중상
2015062500100379,2015년 6월 25일 16시,목요일,대전광역시 중구 중촌동,경상사고,0,0,1,0,차대차 - 추돌 - 진행중,안전운전불이행,건조,흐림,단일로 - 기타,승용,남,59세,상해없음,승용,여,62세,경상
2015062500100380,2015년 6월 25일 16시,목요일,대전광역시 대덕구 읍내동,중상사고,0,1,0,0,차대차 - 측면직각충돌,안전운전불이행,습기,비,교차로 - 교차로안,화물,남,65세,상해없음,승용,여,64세,중상
2015062500100419,2015년 6월 25일 17시,목요일,대전광역시 서구 탄방동,중상사고,0,1,0,0,차대차 - 측면직각충돌,교차로운행방법위반,습기,비,교차로 - 교차로안,승용,남,59세,상해없음,자전거,여,35세,중상
2015062500100420,2015년 6월 25일 17시,목요일,대전광역시 서구 월평동,경상사고,0,0,2,0,차대차 - 측면직각충돌,안전운전불이행,건조,맑음,단일로 - 기타,승용,남,52세,상해없음,승용,남,39세,경상
2015062500100460,2015년 6월 25일 18시,목요일,대전광역시 동구 판암동,경상사고,0,0,1,0,차대사람 - 길가장자리구역통행중,안전운전불이행,습기,비,단일로 - 기타,화물,남,57세,상해없음,보행자,여,25세,경상
2015062500100553,2015년 6월 25일 20시,목요일,대전광역시 중구 용두동,중상사고,0,1,0,0,차대차 - 측면직각충돌,안전거리미확보,습기,비,단일로 - 기타,화물,남,27세,상해없음,승용,여,39세,중상
2015062500100554,2015년 6월 25일 20시,목요일,대전광역시 서구 관저동,경상사고,0,0,1,0,차대사람 - 횡단중,안전운전불이행,습기,비,단일로 - 기타,승용,남,54세,상해없음,보행자,여,68세,경상
2015062500100555,2015년 6월 25일 20시,목요일,대전광역시 대덕구 송촌동,경상사고,0,0,1,0,차대차 - 측면직각충돌,신호위반,습기,비,교차로 - 교차로안,승용,남,29세,상해없음,승용,남,42세,경상