사고번호,사고일시,요일,시군구,사고내용,사망자수,중상자수,경상자수,부상신고자수,사고유형,법규위반,노면상태,기상상태,도로형태,가해운전자 차종,가해운전자 성별,가해운전자 연령,가해운전자 상해정도,피해운전자 차종,피해운전자 성별,피해운전자 연령,피해운전자 상해정도
2015070700100673,2015년 7월 7일 22시,화요일,대전광역시 중구 중촌동,경상사고,0,0,3,0,차대차 - 추돌 - 진행중,안전운전불이행,습기,비,단일로 - 기타,승용,남,54세,상해없음,승용,여,43세,경상
2015070700100674,2015년 7월 7일 22시,화요일,대전광역시 중구 부사동,중상사고,0,1,0,0,차대사람 - 횡단중,신호위반,습기,비,교차로 - 교차로안,승용,남,60세,상해없음,보행자,남,42세,중상
2015070700100675,2015년 7월 7일 22시,화요일,대전광역시 서구 둔산동,경상사고,0,0,1,0,차대차 - 기타,안전거리미확보,건조,맑음,기타 - 기타,승용,남,24세,상해없음,이륜,남,25세,경상
2015070700100712,2015년 7월 7일 23시,화요일,대전광역시 중구 선화동,중상사고,0,1,1,0,차대차 - 추돌 - 진행중,안전거리미확보,습기,비,단일로 - 기타,승용,남,52세,상해없음,승용,남,50세,상해없음
2015070700100713,2015년 7월 7일 23시,화요일,대전광역시 서구 탄방동,중상사고,0,1,0,0,차대차 - 측면직각충돌,직진우회전진행방해,건조,맑음,교차로 - 교차로안,이륜,남,33세,중상,승용,남,44세,상해없음
2015070700100714,2015년 7월 7일 23시,화요일,대전광역시 서구 탄방동,경상사고,0,0,5,0,차대차 - 측면직각충돌,교차로운행방법위반,습기,비,교차로 - 교차로안,승용,남,49세,상해없음,승용,여,29세,경상
2015070800100021,2015년 7월 8일 00시,수요일,대전광역시 대덕구 석봉동,경상사고,0,0,2,0,차대차 - 측면직각충돌,안전운전불이행,습기,비,교차로 - 교차로안,승용,남,29세,상해없음,승용,남,43세,경상
2015070800100040,2015년 7월 8일 01시,수요일,대전광역시 대덕구 비래동,경상사고,0,0,1,0,차대사람 - 기타,안전운전불이행,건조,맑음,기타 - 기타,승용,남,26세,상해없음,보행자,남,24세,경상
2015070800100063,2015년 7월 8일 03시,수요일,대전광역시 서구 용문동,경상사고,0,0,1,0,차대차 - 기타,안전운전불이행,습기,비,단일로 - 기타,승용,기타불명,기타불명,기타불명,승용,남,35세,경상
2015070800100126,2015년 7월 8일 07시,수요일,대전광역시 대덕구 비래동,경상사고,0,0,1,0,차대차 - 측면직각충돌,안전운전불이행,습기,비,교차로 - 교차로안,화물,남,44세,상해없음,승용,남,58세,경상
2015070800100127,2015년 7월 8일 07시,수요일,대전광역시 유성구 궁동,중상사고,0,1,2,0,차대차 - 추돌 - 진행중,안전거리미확보,습기,비,단일로 - 기타,승용,여,35세,경상,승용,남,30세,경상
2015070800100164,2015년 7월 8일 08시,수요일,대전광역시 서구 괴정동,중상사고,0,1,0,0,차대차 - 추돌 - 진행중,안전운전불이행,습기,흐림,단일로 - 기타,승용,남,26세,상해없음,승합,남,35세,상해없음
2015070800100188,2015년 7월 8일 09시,수요일,대전광역시 유성구 방동,경상사고,0,0,1,0,차대차 - 기타,안전운전불이행,습기,비,단일로 - 교량,승용,남,37세,상해없음,승용,남,45세,경상
2015070800100219,2015년 7월 8일 10시,수요일,대전광역시 동구 소제동,경상사고,0,0,2,0,차대차 - 측면직각충돌,안전거리미확보,습기,비,단일로 - 기타,승용,남,52세,상해없음,승용,여,49세,경상
2015070800100248,2015년 7월 8일 11시,수요일,대전광역시 중구 문화동,경상사고,0,0,1,0,차대차 - 측면직각충돌,교차로운행방법위반,습기,맑음,교차로 - 교차로안,승용,여,55세,상해없음,승용,남,68세,경상
2015070800100334,2015년 7월 8일 14시,수요일,대전광역시 서구 둔산동,중상사고,0,2,2,0,차대차 - 추돌 - 진행중,안전운전불이행,습기,비,교차로 - 교차로안,승용,여,44세,상해없음,승합,남,54세,중상
2015070800100366,2015년 7월 8일 15시,수요일,대전광역시 유성구 화암동,경상사고,0,0,1,0,차대차 - 추돌 - 진행중,안전운전불이행,건조,맑음,기타 - 기타,승용,남,73세,상해없음,승용,여,52세,경상
2015070800100367,2015년 7월 8일 15시,수요일,대전광역시 서구 탄방동,경상사고,0,0,1,0,차대사람 - 차도통행중,안전운전불이행,습기,비,교차로 - 교차로부근,승용,여,46세,상해없음,보행자,여,36세,경상
2015070800100415,2015년 7월 8일 16시,수요일,대전광역시 유성구 노은동,경상사고,0,0,2,0,차대차 - 추돌 - 주정차중,안전거리미확보,습기,비,단일로 - 기타,승용,남,57세,상해없음,승용,남,59세,경상
2015070800100460,2015년 7월 8일 17시,수요일,대전광역시 동구 가양동,중상사고,0,1,0,0,차대사람 - 길가장자리구역통행중,안전운전불이행,건조,맑음,단일로 - 기타,화물,남,61세,상해없음,보행자,남,57세,중상
2015070800100461,2015년 7월 8일 17시,수요일,대전광역시 서구 가장동,사망사고,1,0,0,0,차대사람 - 횡단중,안전운전불이행,건조,흐림,교차로 - 교차로안,승용,남,40세,상해없음,보행자,여,70세,사망
2015070800100602,2015년 7월 8일 21시,수요일,대전광역시 서구 복수동,경상사고,0,0,1,0,차대차 - 기타,안전운전불이행,건조,맑음,단일로 - 기타,승용,남,55세,상해없음,승용,남,30세,경상
2015070800100645,2015년 7월 8일 22시,수요일,대전광역시 중구 용두동,경상사고,0,0,1,0,차량단독 - 기타,기타,건조,맑음,교차로 - 교차로안,승합,남,52세,상해없음,,,,
2015070800100646,2015년 7월 8일 22시,수요일,대전광역시 동구 용전동,경상사고,0,0,5,0,차대차 - 추돌 - 주정차중,안전운전불이행,건조,맑음,단일로 - 기타,화물,남,46세,상해없음,승용,남,26세,경상
2015070800100647,2015년 7월 8일 22시,수요일,대전광역시 동구 가양동,경상사고,0,0,1,0,차대차 - 측면직각충돌,교차로운행방법위반,건조,맑음,교차로 - 교차로안,승용,기타불명,기타불명,기타불명,승용,여,56세,경상
2015070800100648,2015년 7월 8일 22시,수요일,대전광역시 서구 월평동,중상사고,0,1,2,0,차대차 - 기타,안전운전불이행,습기,비,교차로 - 교차로부근,승용,여,30세,상해없음,승용,남,28세,중상
2015070800100649,2015년 7월 8일 22시,수요일,대전광역시 유성구 신성동,경상사고,0,0,1,0,차대차 - 기타,안전운전불이행,습기,비,단일로 - 기타,승용,남,40세,상해없음,화물,남,56세,경상
2015070800100690,2015년 7월 8일 23시,수요일,대전광역시 유성구 신성동,경상사고,0,0,1,0,차대차 - 기타,교차로운행방법위반,습기,비,교차로 - 교차로안,승용,여,42세,상해없음,승용,남,23세,경상
2015070800100691,2015년 7월 8일 23시,수요일,대전광역시 서구 탄방동,경상사고,0,0,1,0,차대차 - 측면직각충돌,안전운전불이행,습기,비,교차로 - 교차로부근,승용,남,25세,상해없음,승용,여,34세,경상
2015070900100023,2015년 7월 9일 00시,목요일,대전광역시 대덕구 대화동,경상사고,0,0,2,0,차대차 - 추돌 - 진행중,안전운전불이행,습기,비,교차로 - 교차로부근,승용,남,48세,상해없음,승용,남,22세,경상
2015070900100053,2015년 7월 9일 02시,목요일,대전광역시 서구 괴정동,경상사고,0,0,1,0,차대사람 - 길가장자리구역통행중,안전운전불이행,습기,비,단일로 - 기타,승용,남,32세,상해없음,보행자,남,31세,경상
2015070900100067,2015년 7월 9일 03시,목요일,대전광역시 대덕구 송촌동,중상사고,0,1,0,0,차대차 - 기타,불법유턴,습기,비,단일로 - 기타,승용,남,23세,상해없음,자전거,남,18세,중상
2015070900100112,2015년 7월 9일 07시,목요일,대전광역시 유성구 장대동,중상사고,0,1,2,0,차대차 - 추돌 - 주정차중,안전운전불이행,습기,비,단일로 - 기타,승용,남,32세,상해없음,승용,남,43세,경상
2015070900100150,2015년 7월 9일 08시,목요일,대전광역시 중구 유천동,경상사고,0,0,3,0,차대차 - 측면직각충돌,교차로운행방법위반,습기,비,교차로 - 교차로안,승용,여,34세,상해없음,승합,남,50세,상해없음
2015070900100151,2015년 7월 9일 08시,목요일,대전광역시 서구 갈마동,경상사고,0,0,1,0,차대차 - 측면직각충돌,안전운전불이행,습기,비,단일로 - 기타,승용,남,41세,상해없음,화물,남,35세,경상
2015070900100152,2015년 7월 9일 08시,목요일,대전광역시 유성구 노은동,경상사고,0,0,2,0,차대차 - 기타,교차로운행방법위반,습기,비,교차로 - 교차로안,승용,남,50세,상해없음,승용,여,30세,경상
2015070900100294,2015년 7월 9일 14시,목요일,대전광역시 중구 문화동,경상사고,0,0,1,0,차대사람 - 횡단중,보행자보호의무위반,건조,맑음,교차로 - 교차로안,승용,남,74세,상해없음,보행자,남,40세,경상
2015070900100353,2015년 7월 9일 16시,목요일,대전광역시 서구 탄방동,중상사고,0,2,1,0,차대차 - 추돌 - 진행중,안전운전불이행,건조,맑음,단일로 - 기타,승용,남,60세,상해없음,승용,남,40세,경상
2015070900100469,2015년 7월 9일 19시,목요일,대전광역시 동구 중동,경상사고,0,0,1,0,차대차 - 기타,안전운전불이행,건조,맑음,단일로 - 기타,승용,남,57세,상해없음,승합,남,57세,상해없음
2015070900100553,2015년 7월 9일 22시,목요일,대전광역시 유성구 구암동,경상사고,0,0,1,0,차대차 - 추돌 - 주정차중,안전운전불이행,건조,맑음,교차로 - 교차로안,화물,남,54세,상해없음,승용,남,39세,경상
2015070900100554,2015년 7월 9일 22시,목요일,대전광역시 유성구 도룡동,경상사고,0,0,2,0,차대차 - 측면직각충돌,안전운전불이행,건조,맑음,교차로 - 교차로부근,승용,남,57세,기타불명,승용,남,28세,경상
2015070900100578,2015년 7월 9일 23시,목요일,대전광역시 대덕구 오정동,경상사고,0,0,1,0,차대사람 - 기타,안전운전불이행,건조,맑음,교차로 - 교차로안,승용,남,21세,상해없음,보행자,남,45세,경상
2015071000100066,2015년 7월 10일 03시,금요일,대전광역시 유성구 관평동,중상사고,0,2,0,0,차대차 - 추돌 - 주정차중,안전운전불이행,건조,맑음,교차로 - 교차로안,승용,남,41세,상해없음,승용,여,51세,중상
2015071000100101,2015년 7월 10일 06시,금요일,대전광역시 서구 갈마동,중상사고,0,1,0,0,차대차 - 기타,안전운전불이행,건조,맑음,단일로 - 기타,승용,기타불명,기타불명,기타불명,자전거,남,23세,중상
2015071000100178,2015년 7월 10일 08시,금요일,대전광역시 동구 홍도동,경상사고,0,0,1,0,차대차 - 측면직각충돌,안전운전불이행,건조,맑음,단일로 - 기타,화물,여,54세,상해없음,자전거,남,58세,경상
2015071000100215,2015년 7월 10일 09시,금요일,대전광역시 대덕구 법동,경상사고,0,0,1,0,차대차 - 추돌 - 주정차중,안전운전불이행,건조,맑음,단일로 - 기타,승용,남,41세,상해없음,승용,남,65세,경상
2015071000100216,2015년 7월 10일 09시,금요일,대전광역시 유성구 지족동,경상사고,0,0,1,0,차대차 - 측면직각충돌,안전운전불이행,건조,맑음,단일로 - 기타,승용,여,45세,상해없음,자전거,남,63세,경상
2015071000100249,2015년 7월 10일 10시,금요일,대전광역시 서구 관저동,경상사고,0,0,2,0,차대차 - 추돌 - 진행중,신호위반,건조,맑음,교차로 - 교차로안,승용,여,57세,상해없음,승용,여,50세,경상
2015071000100250,2015년 7월 10일 10시,금요일,대전광역시 서구 가장동,중상사고,0,1,0,0,차대차 - 측면직각충돌,안전운전불이행,건조,맑음,교차로 - 교차로부근,승용,여,55세,상해없음,자전거,여,44세,중상
2015071000100251,2015년 7월 10일 10시,금요일,대전광역시 대덕구 신일동,중상사고,0,1,0,0,차대차 - 정면충돌,신호위반,건조,맑음,교차로 - 교차로안,승용,남,58세,상해없음,승용,여,45세,중상
2015071000100281,2015년 7월 10일 11시,금요일,대전광역시 중구 선화동,중상사고,0,1,0,0,차대차 - 측면직각충돌,중앙선침범,건조,맑음,단일로 - 횡단보도상,자전거,남,65세,상해없음,승용,여,40세,상해없음
2015071000100352,2015년 7월 10일 13시,금요일,대전광역시 동구 원동,경상사고,0,0,1,0,차대차 - 측면직각충돌,신호위반,건조,맑음,교차로 - 교차로부근,승용,여,57세,상해없음,자전거,남,58세,경상
2015071000100353,2015년 7월 10일 13시,금요일,대전광역시 유성구 구성동,경상사고,0,0,1,0,차대차 - 추돌 - 진행중,신호위반,건조,맑음,단일로 - 기타,승용,여,54세,상해없음,자전거,남,27세,경상
2015071000100382,2015년 7월 10일 14시,금요일,대전광역시 대덕구 상서동,경상사고,0,0,2,0,차대차 - 추돌 - 진행중,안전운전불이행,건조,맑음,단일로 - 기타,화물,남,28세,상해없음,승용,여,54세,경상
2015071000100383,2015년 7월 10일 14시,금요일,대전광역시 유성구 궁동,중상사고,0,1,0,0,차대사람 - 기타,안전운전불이행,건조,맑음,교차로 - 교차로부근,승용,남,52세,상해없음,보행자,남,73세,중상
2015071000100422,2015년 7월 10일 15시,금요일,대전광역시 서구 둔산동,경상사고,0,0,1,0,차대사람 - 횡단중,보행자보호의무위반,건조,맑음,교차로 - 교차로안,승용,여,40세,상해없음,보행자,여,8세,경상
2015071000100464,2015년 7월 10일 16시,금요일,대전광역시 대덕구 석봉동,경상사고,0,0,1,0,차대사람 - 차도통행중,안전운전불이행,건조,맑음,단일로 - 기타,승용,여,32세,상해없음,보행자,남,5세,경상
2015071000100514,2015년 7월 10일 17시,금요일,대전광역시 서구 괴정동,경상사고,0,0,1,0,차대사람 - 보도통행중,안전운전불이행,건조,맑음,기타 - 기타,자전거,기타불명,기타불명,기타불명,보행자,남,12세,경상
2015071000100583,2015년 7월 10일 18시,금요일,대전광역시 중구 태평동,경상사고,0,0,1,0,차대차 - 기타,안전운전불이행,건조,맑음,단일로 - 기타,승용,남,47세,상해없음,자전거,여,46세,경상
2015071000100624,2015년 7월 10일 19시,금요일,대전광역시 중구 석교동,경상사고,0,0,1,0,차대사람 - 기타,안전운전불이행,건조,맑음,기타 - 기타,화물,남,35세,상해없음,보행자,여,69세,경상
2015071000100625,2015년 7월 10일 19시,금요일,대전광역시 서구 도마동,경상사고,0,0,1,0,차량단독 - 기타,안전운전불이행,건조,맑음,교차로 - 교차로부근,승합,남,58세,상해없음,,,,
2015071000100626,2015년 7월 10일 19시,금요일,대전광역시 서구 괴정동,중상사고,0,1,4,0,차대차 - 추돌 - 진행중,안전운전불이행,습기,비,단일로 - 기타,승용,남,24세,상해없음,승용,남,54세,중상
2015071000100627,2015년 7월 10일 19시,금요일,대전광역시 대덕구 오정동,경상사고,0,0,1,0,차대차 - 추돌 - 진행중,안전운전불이행,건조,맑음,교차로 - 교차로안,승용,남,44세,상해없음,승용,남,32세,경상
2015071000100676,2015년 7월 10일 20시,금요일,대전광역시 중구 용두동,중상사고,0,1,0,0,차대사람 - 횡단중,안전운전불이행,건조,맑음,단일로 - 횡단보도상,승용,남,28세,상해없음,보행자,남,5세,중상
2015071000100677,2015년 7월 10일 20시,금요일,대전광역시 대덕구 법동,경상사고,0,0,1,0,차대차 - 추돌 - 주정차중,안전운전불이행,건조,맑음,단일로 - 기타,승용,남,35세,상해없음,승용,여,44세,경상
2015071000100678,2015년 7월 10일 20시,금요일,대전광역시 서구 둔산동,경상사고,0,0,1,0,차대차 - 추돌 - 주정차중,안전운전불이행,건조,맑음,교차로 - 교차로부근,승용,남,26세,상해없음,승용,여,39세,경상
2015071000100712,2015년 7월 10일 21시,금요일,대전광역시 동구 대별동,경상사고,0,0,1,0,차대차 - 추돌 - 주정차중,안전거리미확보,건조,맑음,단일로 - 교량,화물,남,49세,상해없음,승용,여,55세,경상
2015071000100713,2015년 7월 10일 21시,금요일,대전광역시 서구 탄방동,경상사고,0,0,1,0,차대차 - 기타,안전운전불이행,건조,맑음,교차로 - 교차로부근,승용,여,51세,상해없음,이륜,남,35세,경상
2015071000100748,2015년 7월 10일 22시,금요일,대전광역시 서구 둔산동,경상사고,0,0,1,0,차대차 - 측면직각충돌,안전운전불이행,건조,맑음,단일로 - 기타,기타불명,기타불명,기타불명,기타불명,이륜,남,31세,경상
2015071000100788,2015년 7월 10일 23시,금요일,대전광역시 유성구 구성동,중상사고,0,1,1,0,차대사람 - 보도통행중,보행자보호의무위반,건조,맑음,단일로 - 기타,승용,남,45세,상해없음,보행자,여,27세,중상
2015071100100041,2015년 7월 11일 01시,토요일,대전광역시 중구 대사동,중상사고,0,1,0,0,차대사람 - 기타,기타,건조,맑음,단일로 - 기타,기타불명,기타불명,기타불명,기타불명,보행자,남,23세,중상
2015071100100153,2015년 7월 11일 08시,토요일,대전광역시 서구 내동,부상신고사고,0,0,0,1,차대차 - 추돌 - 진행중,안전운전불이행,건조,맑음,교차로 - 교차로부근,화물,남,28세,상해없음,승용,여,32세,부상신고
2015071100100154,2015년 7월 11일 08시,토요일,대전광역시 대덕구 상서동,경상사고,0,0,1,0,차대차 - 추돌 - 진행중,안전거리미확보,건조,맑음,단일로 - 기타,화물,남,30세,상해없음,승용,남,36세,경상
2015071100100211,2015년 7월 11일 10시,토요일,대전광역시 서구 변동,경상사고,0,0,1,0,차대차 - 측면직각충돌,안전운전불이행,건조,맑음,교차로 - 교차로안,승합,남,49세,상해없음,자전거,남,65세,경상
2015071100100287,2015년 7월 11일 12시,토요일,대전광역시 대덕구 법동,중상사고,0,1,0,0,차대사람 - 기타,안전운전불이행,건조,맑음,기타 - 기타,승용,남,55세,상해없음,보행자,여,80세,중상
2015071100100333,2015년 7월 11일 13시,토요일,대전광역시 유성구 궁동,경상사고,0,0,1,0,차대차 - 추돌 - 주정차중,안전운전불이행,건조,맑음,교차로 - 교차로부근,승용,남,63세,상해없음,승용,여,49세,경상
2015071100100369,2015년 7월 11일 14시,토요일,대전광역시 유성구 관평동,중상사고,0,1,0,0,차대차 - 측면직각충돌,안전운전불이행,건조,맑음,단일로 - 횡단보도부근,자전거,남,53세,중상,승용,남,27세,상해없음
2015071100100407,2015년 7월 11일 15시,토요일,대전광역시 중구 오류동,경상사고,0,0,1,0,차대차 - 추돌 - 진행중,안전운전불이행,건조,맑음,교차로 - 교차로부근,승합,남,53세,상해없음,승용,남,23세,경상
2015071100100408,2015년 7월 11일 15시,토요일,대전광역시 대덕구 와동,경상사고,0,0,1,0,차대사람 - 기타,기타,건조,맑음,단일로 - 기타,승합,남,52세,상해없음,보행자,여,66세,경상
2015071100100487,2015년 7월 11일 17시,토요일,대전광역시 동구 비룡동,경상사고,0,0,8,1,차대사람 - 기타,안전운전불이행,건조,맑음,기타 - 기타,승용,남,51세,상해없음,보행자,여,65세,부상신고
2015071100100508,2015년 7월 11일 18시,토요일,대전광역시 대덕구 송촌동,경상사고,0,0,1,0,차대차 - 측면직각충돌,안전운전불이행,습기,비,단일로 - 기타,승용,여,37세,상해없음,화물,남,41세,경상
2015071100100521,2015년 7월 11일 18시,토요일,대전광역시 중구 오류동,경상사고,0,0,2,0,차대차 - 측면직각충돌,안전운전불이행,건조,맑음,교차로 - 교차로안,승용,남,34세,상해없음,승용,여,43세,경상
2015071100100522,2015년 7월 11일 18시,토요일,대전광역시 서구 월평동,경상사고,0,0,1,0,차대차 - 추돌 - 주정차중,안전운전불이행,건조,맑음,교차로 - 교차로부근,승용,남,46세,상해없음,승용,남,50세,기타불명
2015071100100555,2015년 7월 11일 19시,토요일,대전광역시 중구 대흥동,경상사고,0,0,1,0,차대사람 - 차도통행중,안전운전불이행,건조,맑음,단일로 - 기타,승용,여,25세,상해없음,보행자,여,57세,경상
2015071100100600,2015년 7월 11일 20시,토요일,대전광역시 대덕구 석봉동,경상사고,0,0,1,0,차대사람 - 횡단중,안전운전불이행,건조,맑음,단일로 - 기타,승용,남,55세,상해없음,보행자,여,28세,경상
2015071100100636,2015년 7월 11일 21시,토요일,대전광역시 서구 변동,경상사고,0,0,1,0,차대차 - 측면직각충돌,안전운전불이행,습기,비,기타 - 기타,승용,남,64세,상해없음,이륜,남,21세,경상
2015071100100662,2015년 7월 11일 22시,토요일,대전광역시 대덕구 중리동,경상사고,0,0,1,0,차대사람 - 기타,안전운전불이행,습기,비,단일로 - 기타,승합,남,37세,상해없음,보행자,남,42세,경상
2015071100100694,2015년 7월 11일 23시,토요일,대전광역시 대덕구 석봉동,중상사고,0,1,0,0,차대차 - 측면직각충돌,안전운전불이행,습기,비,교차로 - 교차로안,화물,남,58세,상해없음,원동기,남,17세,중상
2015071200100020,2015년 7월 12일 00시,일요일,대전광역시 서구 정림동,경상사고,0,0,2,0,차대차 - 정면충돌,신호위반,습기,비,교차로 - 교차로안,승용,남,50세,상해없음,승용,남,41세,경상
2015071200100021,2015년 7월 12일 00시,일요일,대전광역시 서구 가장동,경상사고,0,0,1,0,차대차 - 추돌 - 주정차중,안전운전불이행,습기,비,기타 - 기타,승용,남,63세,상해없음,승용,여,40세,경상
2015071200100052,2015년 7월 12일 01시,일요일,대전광역시 유성구 덕명동,중상사고,0,4,0,0,차대차 - 측면직각충돌,신호위반,습기,비,교차로 - 교차로안,승용,남,44세,상해없음,승용,남,65세,중상
2015071200100053,2015년 7월 12일 01시,일요일,대전광역시 서구 둔산동,경상사고,0,0,2,0,차대차 - 정면충돌,안전운전불이행,습기,비,교차로 - 교차로안,승용,남,29세,상해없음,승용,여,36세,경상
2015071200100118,2015년 7월 12일 03시,일요일,대전광역시 중구 대사동,경상사고,0,0,2,0,차대차 - 측면직각충돌,중앙선침범,습기,비,단일로 - 기타,승용,남,45세,상해없음,승용,여,27세,경상
2015071200100150,2015년 7월 12일 05시,일요일,대전광역시 유성구 용산동,중상사고,0,1,0,0,차대차 - 측면직각충돌,신호위반,습기,맑음,교차로 - 교차로안,승용,남,31세,상해없음,승용,남,35세,중상
2015071200100176,2015년 7월 12일 07시,일요일,대전광역시 서구 갈마동,경상사고,0,0,1,0,차대차 - 추돌 - 진행중,안전운전불이행,습기,비,단일로 - 횡단보도부근,승용,여,50세,상해없음,승용,여,48세,경상
2015071200100231,2015년 7월 12일 10시,일요일,대전광역시 중구 부사동,경상사고,0,0,1,0,차대차 - 측면직각충돌,안전운전불이행,습기,비,교차로 - 교차로안,승용,남,24세,상해없음,승용,여,35세,경상
2015071200100253,2015년 7월 12일 11시,일요일,대전광역시 중구 대흥동,경상사고,0,0,3,0,차대차 - 측면직각충돌,중앙선침범,습기,비,교차로 - 교차로부근,승용,남,32세,상해없음,승용,남,28세,경상
2015071200100272,2015년 7월 12일 12시,일요일,대전광역시 중구 선화동,경상사고,0,0,1,0,차대차 - 측면직각충돌,안전운전불이행,습기,맑음,단일로 - 기타,승용,남,79세,상해없음,승용,여,39세,경상
2015071200100339,2015년 7월 12일 14시,일요일,대전광역시 서구 둔산동,경상사고,0,0,3,0,차대차 - 측면직각충돌,신호위반,습기,흐림,교차로 - 교차로안,승합,남,23세,상해없음,승용,여,43세,상해없음
2015071200100399,2015년 7월 12일 16시,일요일,대전광역시 서구 둔산동,경상사고,0,0,2,0,차대차 - 측면직각충돌,교차로운행방법위반,습기,비,교차로 - 교차로안,승용,남,52세,상해없음,승용,남,35세,경상
2015071200100458,2015년 7월 12일 18시,일요일,대전광역시 유성구 하기동,중상사고,0,1,0,0,차량단독 - 공작물충돌,안전운전불이행,건조,맑음,단일로 - 기타,승용,남,49세,중상,,,,
2015071200100485,2015년 7월 12일 19시,일요일,대전광역시 서구 둔산동,경상사고,0,0,4,0,차대차 - 측면직각충돌,신호위반,습기,비,교차로 - 교차로안,승용,남,45세,상해없음,승용,남,43세,경상
2015071200100515,2015년 7월 12일 20시,일요일,대전광역시 서구 괴정동,경상사고,0,0,1,0,차대차 - 추돌 - 주정차중,안전운전불이행,건조,맑음,단일로 - 기타,승용,남,55세,상해없음,승용,남,35세,경상
2015071200100516,2015년 7월 12일 20시,일요일,대전광역시 대덕구 중리동,경상사고,0,0,1,0,차대사람 - 기타,안전운전불이행,습기,비,단일로 - 기타,승용,남,44세,상해없음,보행자,여,21세,경상
2015071200100517,2015년 7월 12일 20시,일요일,대전광역시 유성구 용계동,중상사고,0,2,0,0,차대차 - 추돌 - 진행중,안전거리미확보,건조,맑음,단일로 - 기타,승용,남,46세,상해없음,승용,남,53세,중상
2015071200100550,2015년 7월 12일 21시,일요일,대전광역시 중구 태평동,경상사고,0,0,3,0,차대차 - 측면직각충돌,신호위반,습기,비,교차로 - 교차로안,승용,남,41세,상해없음,화물,남,44세,경상
2015071200100551,2015년 7월 12일 21시,일요일,대전광역시 동구 성남동,경상사고,0,0,1,0,차대차 - 측면직각충돌,안전운전불이행,건조,맑음,단일로 - 기타,화물,남,54세,상해없음,승용,남,54세,상해없음
2015071200100621,2015년 7월 12일 23시,일요일,대전광역시 유성구 도룡동,중상사고,0,2,0,0,차대차 - 추돌 - 주정차중,안전운전불이행,건조,맑음,단일로 - 교량,승합,남,54세,상해없음,승용,남,33세,중상
2015071300100053,2015년 7월 13일 04시,월요일,대전광역시 중구 선화동,중상사고,0,2,0,0,차대차 - 측면직각충돌,안전운전불이행,건조,맑음,단일로 - 기타,승용,남,19세,상해없음,승용,남,62세,중상
2015071300100097,2015년 7월 13일 07시,월요일,대전광역시 중구 유천동,경상사고,0,0,2,0,차대차 - 추돌 - 진행중,안전운전불이행,건조,맑음,단일로 - 기타,승용,남,47세,상해없음,승용,남,70세,경상
2015071300100140,2015년 7월 13일 08시,월요일,대전광역시 동구 상소동,경상사고,0,0,2,0,차대차 - 측면직각충돌,직진우회전진행방해,건조,맑음,교차로 - 교차로안,승용,남,47세,상해없음,승용,여,57세,경상
2015071300100141,2015년 7월 13일 08시,월요일,대전광역시 서구 정림동,경상사고,0,0,4,0,차대차 - 측면직각충돌,신호위반,습기,흐림,교차로 - 교차로안,승용,남,76세,상해없음,승용,남,62세,경상
2015071300100142,2015년 7월 13일 08시,월요일,대전광역시 유성구 관평동,경상사고,0,0,1,0,차대차 - 추돌 - 진행중,안전거리미확보,습기,비,단일로 - 기타,승용,여,52세,상해없음,승용,여,31세,경상
2015071300100143,2015년 7월 13일 08시,월요일,대전광역시 유성구 어은동,경상사고,0,0,4,0,차대차 - 추돌 - 주정차중,안전운전불이행,습기,비,단일로 - 기타,승용,남,27세,상해없음,승용,남,37세,경상
2015071300100144,2015년 7월 13일 08시,월요일,대전광역시 유성구 원촌동,경상사고,0,0,2,0,차대차 - 추돌 - 진행중,안전운전불이행,건조,맑음,단일로 - 기타,화물,남,55세,상해없음,화물,남,37세,경상
2015071300100222,2015년 7월 13일 10시,월요일,대전광역시 중구 문화동,경상사고,0,0,1,0,차대차 - 추돌 - 진행중,안전운전불이행,습기,비,단일로 - 기타,화물,남,53세,상해없음,승용,여,43세,경상
2015071300100223,2015년 7월 13일 10시,월요일,대전광역시 동구 성남동,중상사고,0,1,0,0,차대사람 - 차도통행중,교차로운행방법위반,습기,비,교차로 - 교차로안,승용,남,30세,상해없음,보행자,여,68세,중상
2015071300100224,2015년 7월 13일 10시,월요일,대전광역시 동구 용운동,중상사고,0,1,0,0,차량단독 - 기타,기타,건조,맑음,단일로 - 기타,승합,남,54세,상해없음,,,,
2015071300100298,2015년 7월 13일 12시,월요일,대전광역시 동구 용전동,경상사고,0,0,1,0,차대차 - 기타,교차로운행방법위반,습기,비,교차로 - 교차로안,승용,남,31세,상해없음,승용,남,48세,경상
2015071300100320,2015년 7월 13일 13시,월요일,대전광역시 중구 침산동,사망사고,1,1,0,0,차량단독 - 기타,안전운전불이행,습기,비,단일로 - 기타,승용,남,57세,사망,,,,
2015071300100331,2015년 7월 13일 13시,월요일,대전광역시 중구 문화동,경상사고,0,0,2,0,차량단독 - 공작물충돌,안전운전불이행,습기,비,기타 - 기타,승용,남,52세,상해없음,,,,
2015071300100353,2015년 7월 13일 14시,월요일,대전광역시 대덕구 송촌동,경상사고,0,0,2,0,차대차 - 기타,안전운전불이행,습기,비,단일로 - 기타,승용,남,54세,상해없음,승용,여,58세,경상