사고번호,사고일시,요일,시군구,사고내용,사망자수,중상자수,경상자수,부상신고자수,사고유형,법규위반,노면상태,기상상태,도로형태,가해운전자 차종,가해운전자 성별,가해운전자 연령,가해운전자 상해정도,피해운전자 차종,피해운전자 성별,피해운전자 연령,피해운전자 상해정도
2015071800100157,2015년 7월 18일 08시,토요일,대전광역시 서구 변동,중상사고,0,1,0,0,차량단독 - 기타,기타,건조,맑음,단일로 - 기타,승용,남,54세,상해없음,,,,
2015071800100202,2015년 7월 18일 10시,토요일,대전광역시 동구 신상동,경상사고,0,0,5,0,차대차 - 추돌 - 진행중,안전운전불이행,건조,맑음,단일로 - 기타,승용,여,46세,상해없음,승용,남,42세,경상
2015071800100251,2015년 7월 18일 11시,토요일,대전광역시 중구 석교동,중상사고,0,1,0,0,차대사람 - 기타,신호위반,건조,맑음,단일로 - 횡단보도상,화물,남,44세,상해없음,보행자,남,8세,중상
2015071800100252,2015년 7월 18일 11시,토요일,대전광역시 서구 변동,중상사고,0,2,3,0,차대차 - 추돌 - 진행중,교차로운행방법위반,건조,맑음,교차로 - 교차로안,승용,여,40세,상해없음,건설기계,남,57세,중상
2015071800100311,2015년 7월 18일 13시,토요일,대전광역시 중구 오류동,경상사고,0,0,1,0,차대차 - 추돌 - 주정차중,안전운전불이행,건조,맑음,단일로 - 기타,승용,여,60세,상해없음,승용,남,26세,경상
2015071800100386,2015년 7월 18일 15시,토요일,대전광역시 중구 문화동,경상사고,0,0,7,0,차대차 - 측면직각충돌,신호위반,건조,맑음,교차로 - 교차로안,승용,여,52세,상해없음,승용,남,38세,경상
2015071800100420,2015년 7월 18일 16시,토요일,대전광역시 대덕구 대화동,경상사고,0,0,1,0,차대차 - 기타,교차로운행방법위반,건조,맑음,교차로 - 교차로안,승용,남,76세,상해없음,승용,여,59세,경상
2015071800100488,2015년 7월 18일 18시,토요일,대전광역시 중구 중촌동,중상사고,0,1,0,0,차대차 - 기타,안전운전불이행,건조,맑음,단일로 - 횡단보도상,승용,남,59세,상해없음,자전거,남,41세,중상
2015071800100513,2015년 7월 18일 19시,토요일,대전광역시 중구 대흥동,경상사고,0,0,1,0,차대사람 - 기타,안전운전불이행,건조,맑음,단일로 - 기타,승용,남,27세,상해없음,보행자,남,27세,경상
2015071800100514,2015년 7월 18일 19시,토요일,대전광역시 유성구 지족동,사망사고,1,0,0,0,차량단독 - 전도전복,안전운전불이행,건조,맑음,단일로 - 기타,원동기,남,35세,사망,,,,
2015071800100555,2015년 7월 18일 20시,토요일,대전광역시 중구 대사동,경상사고,0,0,1,0,차대차 - 측면직각충돌,중앙선침범,건조,맑음,단일로 - 기타,승용,남,47세,상해없음,승용,남,41세,경상
2015071800100556,2015년 7월 18일 20시,토요일,대전광역시 서구 변동,경상사고,0,0,1,0,차대차 - 추돌 - 주정차중,안전운전불이행,건조,맑음,단일로 - 기타,승용,남,53세,상해없음,승용,남,54세,경상
2015071800100557,2015년 7월 18일 20시,토요일,대전광역시 대덕구 신탄진동,경상사고,0,0,1,0,차대사람 - 기타,신호위반,건조,맑음,단일로 - 횡단보도상,승용,남,29세,상해없음,보행자,여,13세,경상
2015071800100643,2015년 7월 18일 23시,토요일,대전광역시 서구 둔산동,부상신고사고,0,0,0,1,차대차 - 추돌 - 주정차중,안전운전불이행,건조,맑음,교차로 - 교차로부근,승용,남,39세,상해없음,이륜,남,30세,부상신고
2015071800100644,2015년 7월 18일 23시,토요일,대전광역시 유성구 송강동,경상사고,0,0,1,0,차대차 - 정면충돌,중앙선침범,건조,맑음,단일로 - 기타,승용,여,30세,상해없음,원동기,남,17세,경상
2015071900100015,2015년 7월 19일 00시,일요일,대전광역시 중구 석교동,경상사고,0,0,3,0,차대차 - 측면직각충돌,신호위반,건조,맑음,교차로 - 교차로안,승용,남,27세,상해없음,승용,남,50세,경상
2015071900100049,2015년 7월 19일 02시,일요일,대전광역시 동구 가양동,중상사고,0,2,0,0,차대차 - 측면직각충돌,신호위반,건조,맑음,교차로 - 교차로안,승용,남,22세,상해없음,승용,남,27세,중상
2015071900100068,2015년 7월 19일 03시,일요일,대전광역시 서구 둔산동,경상사고,0,0,1,0,차대사람 - 횡단중,안전운전불이행,건조,맑음,단일로 - 기타,승용,남,25세,상해없음,보행자,남,27세,경상
2015071900100145,2015년 7월 19일 08시,일요일,대전광역시 서구 갈마동,경상사고,0,0,1,0,차대차 - 기타,안전운전불이행,건조,맑음,교차로 - 교차로부근,승용,남,20세,상해없음,승용,여,54세,경상
2015071900100180,2015년 7월 19일 10시,일요일,대전광역시 유성구 원내동,중상사고,0,1,0,0,차대차 - 기타,신호위반,건조,맑음,교차로 - 교차로안,승용,남,23세,상해없음,승용,여,52세,중상
2015071900100202,2015년 7월 19일 11시,일요일,대전광역시 동구 홍도동,중상사고,0,1,0,0,차대차 - 기타,신호위반,건조,흐림,교차로 - 교차로안,승합,남,56세,상해없음,원동기,남,38세,중상
2015071900100203,2015년 7월 19일 11시,일요일,대전광역시 동구 홍도동,경상사고,0,0,1,0,차대차 - 기타,안전거리미확보,건조,맑음,단일로 - 기타,승용,남,45세,기타불명,승용,여,32세,경상
2015071900100227,2015년 7월 19일 12시,일요일,대전광역시 동구 용전동,경상사고,0,0,2,0,차대차 - 기타,안전운전불이행,건조,맑음,단일로 - 기타,승용,남,79세,기타불명,승용,남,53세,경상
2015071900100228,2015년 7월 19일 12시,일요일,대전광역시 유성구 도룡동,경상사고,0,0,3,1,차대차 - 기타,신호위반,건조,맑음,교차로 - 교차로안,승용,남,54세,상해없음,승용,남,43세,부상신고
2015071900100259,2015년 7월 19일 13시,일요일,대전광역시 중구 대흥동,경상사고,0,0,1,0,차대사람 - 횡단중,보행자보호의무위반,건조,맑음,교차로 - 교차로안,승합,남,44세,상해없음,보행자,여,51세,경상
2015071900100260,2015년 7월 19일 13시,일요일,대전광역시 대덕구 석봉동,경상사고,0,0,2,0,차대차 - 추돌 - 진행중,신호위반,건조,맑음,미분류 - 미분류,승용,여,59세,상해없음,승용,여,35세,경상
2015071900100261,2015년 7월 19일 13시,일요일,대전광역시 서구 탄방동,중상사고,0,1,0,0,차대사람 - 기타,신호위반,건조,맑음,단일로 - 기타,원동기,남,23세,상해없음,보행자,여,66세,중상
2015071900100262,2015년 7월 19일 13시,일요일,대전광역시 서구 월평동,중상사고,0,1,0,0,차대사람 - 기타,안전운전불이행,건조,맑음,단일로 - 기타,승용,남,59세,상해없음,보행자,여,84세,중상
2015071900100330,2015년 7월 19일 15시,일요일,대전광역시 동구 정동,경상사고,0,0,2,0,차대차 - 측면직각충돌,교차로운행방법위반,건조,맑음,교차로 - 교차로안,승용,남,30세,상해없음,승용,남,59세,경상
2015071900100403,2015년 7월 19일 17시,일요일,대전광역시 동구 신흥동,경상사고,0,0,1,0,차대차 - 추돌 - 주정차중,안전운전불이행,건조,맑음,단일로 - 기타,승용,남,65세,상해없음,승용,남,71세,경상
2015071900100404,2015년 7월 19일 17시,일요일,대전광역시 서구 갈마동,경상사고,0,0,1,0,차대차 - 추돌 - 주정차중,안전운전불이행,건조,맑음,단일로 - 기타,승용,남,36세,상해없음,승용,남,65세,경상
2015071900100434,2015년 7월 19일 18시,일요일,대전광역시 유성구 어은동,중상사고,0,1,0,0,차대차 - 기타,안전운전불이행,건조,맑음,단일로 - 기타,승용,남,63세,상해없음,이륜,남,55세,중상
2015071900100463,2015년 7월 19일 19시,일요일,대전광역시 서구 도마동,경상사고,0,0,3,0,차대차 - 추돌 - 주정차중,안전거리미확보,건조,맑음,단일로 - 기타,승용,남,36세,상해없음,승용,남,29세,경상
2015071900100485,2015년 7월 19일 20시,일요일,대전광역시 서구 도안동,경상사고,0,0,1,0,차대차 - 측면직각충돌,교차로운행방법위반,건조,맑음,교차로 - 교차로안,승용,남,34세,상해없음,이륜,남,37세,경상
2015071900100486,2015년 7월 19일 20시,일요일,대전광역시 대덕구 중리동,경상사고,0,0,1,0,차대차 - 기타,신호위반,건조,맑음,교차로 - 교차로안,승용,남,25세,상해없음,승용,여,56세,경상
2015071900100544,2015년 7월 19일 23시,일요일,대전광역시 동구 삼정동,중상사고,0,2,0,0,차량단독 - 공작물충돌,안전운전불이행,건조,맑음,단일로 - 기타,승용,남,22세,중상,,,,
2015072000100070,2015년 7월 20일 06시,월요일,대전광역시 서구 가수원동,경상사고,0,0,1,0,차대차 - 측면직각충돌,불법유턴,건조,맑음,교차로 - 교차로부근,화물,남,52세,상해없음,승합,남,42세,상해없음
2015072000100139,2015년 7월 20일 08시,월요일,대전광역시 대덕구 읍내동,경상사고,0,0,1,0,차대사람 - 기타,안전운전불이행,건조,맑음,교차로 - 교차로부근,승용,여,47세,상해없음,보행자,남,60세,경상
2015072000100140,2015년 7월 20일 08시,월요일,대전광역시 유성구 대정동,중상사고,0,1,1,0,차대차 - 추돌 - 주정차중,안전운전불이행,건조,맑음,단일로 - 기타,승용,남,57세,중상,승용,남,48세,경상
2015072000100172,2015년 7월 20일 09시,월요일,대전광역시 서구 내동,경상사고,0,0,1,0,차대차 - 측면직각충돌,교차로운행방법위반,건조,맑음,교차로 - 교차로안,승용,남,63세,상해없음,승용,여,21세,경상
2015072000100206,2015년 7월 20일 10시,월요일,대전광역시 유성구 구암동,경상사고,0,0,1,0,차대사람 - 길가장자리구역통행중,안전운전불이행,건조,맑음,단일로 - 기타,승합,남,62세,상해없음,보행자,여,31세,경상
2015072000100207,2015년 7월 20일 10시,월요일,대전광역시 서구 월평동,경상사고,0,0,1,0,차대차 - 측면직각충돌,안전운전불이행,건조,맑음,교차로 - 교차로안,승용,남,58세,상해없음,승용,여,40세,경상
2015072000100283,2015년 7월 20일 12시,월요일,대전광역시 중구 중촌동,경상사고,0,0,2,0,차대차 - 측면직각충돌,안전운전불이행,건조,맑음,단일로 - 기타,원동기,남,33세,경상,승용,남,29세,경상
2015072000100284,2015년 7월 20일 12시,월요일,대전광역시 대덕구 읍내동,경상사고,0,0,1,0,차량단독 - 기타,기타,건조,맑음,단일로 - 기타,승합,남,55세,상해없음,,,,
2015072000100316,2015년 7월 20일 13시,월요일,대전광역시 서구 월평동,경상사고,0,0,1,0,차대차 - 추돌 - 진행중,교차로운행방법위반,건조,맑음,교차로 - 교차로안,승용,여,49세,상해없음,이륜,남,24세,경상
2015072000100354,2015년 7월 20일 14시,월요일,대전광역시 중구 산성동,중상사고,0,1,0,0,차대차 - 측면직각충돌,신호위반,건조,맑음,교차로 - 교차로안,승용,남,49세,상해없음,승용,남,80세,중상
2015072000100426,2015년 7월 20일 16시,월요일,대전광역시 동구 소제동,중상사고,0,1,0,0,차대사람 - 횡단중,신호위반,건조,맑음,교차로 - 교차로안,승용,여,58세,상해없음,보행자,여,17세,중상
2015072000100468,2015년 7월 20일 17시,월요일,대전광역시 서구 내동,중상사고,0,1,0,0,차대사람 - 횡단중,보행자보호의무위반,건조,맑음,교차로 - 교차로안,승합,남,47세,상해없음,보행자,여,69세,중상
2015072000100501,2015년 7월 20일 18시,월요일,대전광역시 대덕구 중리동,경상사고,0,0,1,0,차대사람 - 차도통행중,안전운전불이행,건조,맑음,교차로 - 교차로안,승용,남,68세,상해없음,보행자,남,9세,경상
2015072000100527,2015년 7월 20일 19시,월요일,대전광역시 동구 대동,경상사고,0,0,1,0,차대사람 - 기타,보행자보호의무위반,건조,맑음,단일로 - 기타,승용,여,55세,상해없음,보행자,남,7세,경상
2015072000100557,2015년 7월 20일 20시,월요일,대전광역시 동구 용전동,경상사고,0,0,2,0,차대차 - 추돌 - 진행중,안전운전불이행,건조,맑음,단일로 - 기타,승용,남,55세,상해없음,승용,남,27세,경상
2015072000100558,2015년 7월 20일 20시,월요일,대전광역시 서구 탄방동,경상사고,0,0,1,0,차대사람 - 횡단중,신호위반,건조,맑음,교차로 - 교차로부근,승용,남,71세,상해없음,보행자,여,21세,경상
2015072000100675,2015년 7월 20일 23시,월요일,대전광역시 유성구 외삼동,경상사고,0,0,2,0,차대차 - 기타,안전운전불이행,건조,맑음,단일로 - 기타,승용,남,44세,상해없음,승용,남,60세,경상
2015072100100049,2015년 7월 21일 02시,화요일,대전광역시 유성구 대정동,경상사고,0,0,1,0,차대차 - 기타,신호위반,건조,맑음,교차로 - 교차로안,화물,남,43세,상해없음,화물,남,54세,경상
2015072100100057,2015년 7월 21일 03시,화요일,대전광역시 중구 유천동,경상사고,0,0,1,0,차대차 - 측면직각충돌,안전운전불이행,건조,맑음,단일로 - 기타,화물,남,42세,상해없음,자전거,여,56세,경상
2015072100100107,2015년 7월 21일 07시,화요일,대전광역시 대덕구 중리동,경상사고,0,0,1,0,차대차 - 기타,안전거리미확보,습기,비,교차로 - 교차로부근,승용,남,20세,상해없음,승용,여,32세,경상
2015072100100145,2015년 7월 21일 08시,화요일,대전광역시 서구 도안동,경상사고,0,0,2,0,차대차 - 측면직각충돌,안전운전불이행,습기,비,교차로 - 교차로부근,승용,남,62세,경상,승용,여,42세,경상
2015072100100146,2015년 7월 21일 08시,화요일,대전광역시 유성구 장대동,경상사고,0,0,1,0,차대차 - 추돌 - 진행중,안전운전불이행,습기,비,단일로 - 기타,승용,여,31세,상해없음,승용,여,64세,경상
2015072100100147,2015년 7월 21일 08시,화요일,대전광역시 유성구 관평동,경상사고,0,0,1,0,차대차 - 추돌 - 진행중,안전거리미확보,습기,비,단일로 - 기타,화물,남,38세,상해없음,승용,여,39세,경상
2015072100100191,2015년 7월 21일 09시,화요일,대전광역시 대덕구 송촌동,중상사고,0,1,2,0,차대차 - 기타,안전운전불이행,습기,비,교차로 - 교차로안,화물,남,43세,중상,승용,여,42세,경상
2015072100100192,2015년 7월 21일 09시,화요일,대전광역시 유성구 봉명동,경상사고,0,0,1,0,차대차 - 측면직각충돌,교차로운행방법위반,습기,비,교차로 - 교차로부근,승용,여,39세,상해없음,화물,남,38세,경상
2015072100100223,2015년 7월 21일 10시,화요일,대전광역시 동구 가양동,중상사고,0,1,1,0,차대차 - 기타,안전운전불이행,습기,비,단일로 - 횡단보도부근,승합,남,52세,상해없음,승용,남,78세,경상
2015072100100254,2015년 7월 21일 11시,화요일,대전광역시 유성구 반석동,중상사고,0,1,0,0,차대차 - 추돌 - 주정차중,안전거리미확보,습기,흐림,교차로 - 교차로부근,승용,여,43세,상해없음,승용,여,42세,중상
2015072100100398,2015년 7월 21일 16시,화요일,대전광역시 중구 문창동,중상사고,0,1,0,0,차대사람 - 길가장자리구역통행중,안전운전불이행,건조,흐림,교차로 - 교차로안,화물,남,27세,상해없음,보행자,남,72세,중상
2015072100100427,2015년 7월 21일 17시,화요일,대전광역시 대덕구 상서동,중상사고,0,1,0,0,차대차 - 추돌 - 진행중,안전운전불이행,건조,맑음,단일로 - 횡단보도부근,화물,남,53세,상해없음,승용,여,53세,중상
2015072100100472,2015년 7월 21일 18시,화요일,대전광역시 중구 대흥동,중상사고,0,1,0,0,차대차 - 측면직각충돌,중앙선침범,건조,맑음,교차로 - 교차로부근,승용,여,56세,상해없음,원동기,남,67세,중상
2015072100100473,2015년 7월 21일 18시,화요일,대전광역시 중구 태평동,중상사고,0,1,0,0,차대사람 - 기타,안전운전불이행,건조,맑음,교차로 - 교차로부근,승용,남,47세,상해없음,보행자,남,12세,중상
2015072100100474,2015년 7월 21일 18시,화요일,대전광역시 동구 용전동,경상사고,0,0,1,0,차대사람 - 기타,안전운전불이행,습기,비,교차로 - 교차로안,승용,남,32세,상해없음,보행자,남,58세,경상
2015072100100500,2015년 7월 21일 19시,화요일,대전광역시 동구 판암동,중상사고,0,2,1,0,차대차 - 측면직각충돌,안전운전불이행,건조,흐림,교차로 - 교차로안,승용,남,77세,경상,승용,여,59세,중상
2015072100100501,2015년 7월 21일 19시,화요일,대전광역시 서구 갈마동,중상사고,0,1,0,0,차대차 - 기타,안전거리미확보,습기,비,단일로 - 기타,승합,남,57세,상해없음,이륜,남,27세,중상
2015072100100563,2015년 7월 21일 21시,화요일,대전광역시 중구 옥계동,경상사고,0,0,1,0,차대사람 - 횡단중,안전운전불이행,습기,흐림,교차로 - 교차로안,승용,남,54세,상해없음,보행자,남,48세,경상
2015072100100564,2015년 7월 21일 21시,화요일,대전광역시 서구 도마동,경상사고,0,0,1,0,차대사람 - 기타,안전운전불이행,습기,흐림,단일로 - 기타,승용,남,34세,상해없음,보행자,남,69세,경상
2015072100100565,2015년 7월 21일 21시,화요일,대전광역시 유성구 가정동,경상사고,0,0,2,0,차대차 - 추돌 - 주정차중,안전운전불이행,건조,맑음,교차로 - 교차로부근,승합,남,46세,상해없음,승용,남,51세,경상
2015072100100595,2015년 7월 21일 22시,화요일,대전광역시 동구 가양동,중상사고,0,1,0,0,차대사람 - 기타,안전운전불이행,습기,비,단일로 - 기타,승용,남,46세,상해없음,보행자,남,45세,중상
2015072100100596,2015년 7월 21일 22시,화요일,대전광역시 유성구 반석동,경상사고,0,0,1,0,차대차 - 추돌 - 주정차중,안전운전불이행,습기,비,교차로 - 교차로부근,승용,남,49세,상해없음,승합,남,37세,경상
2015072100100624,2015년 7월 21일 23시,화요일,대전광역시 대덕구 읍내동,경상사고,0,0,2,0,차대차 - 정면충돌,중앙선침범,건조,맑음,단일로 - 기타,화물,남,42세,상해없음,승합,남,48세,경상
2015072100100625,2015년 7월 21일 23시,화요일,대전광역시 서구 갈마동,경상사고,0,0,1,0,차량단독 - 공작물충돌,안전운전불이행,습기,비,단일로 - 기타,승용,남,57세,상해없음,,,,
2015072200100020,2015년 7월 22일 00시,수요일,대전광역시 서구 가수원동,경상사고,0,0,1,0,차대차 - 측면직각충돌,신호위반,건조,맑음,교차로 - 교차로안,승용,기타불명,기타불명,기타불명,승용,남,54세,경상
2015072200100035,2015년 7월 22일 01시,수요일,대전광역시 서구 둔산동,경상사고,0,0,1,0,차대차 - 측면직각충돌,중앙선침범,건조,맑음,단일로 - 기타,승용,남,33세,상해없음,승용,여,39세,경상
2015072200100036,2015년 7월 22일 01시,수요일,대전광역시 서구 탄방동,경상사고,0,0,2,0,차대차 - 추돌 - 주정차중,안전운전불이행,습기,비,교차로 - 교차로부근,승용,여,44세,상해없음,승용,남,54세,경상
2015072200100098,2015년 7월 22일 06시,수요일,대전광역시 대덕구 신대동,경상사고,0,0,1,0,차대차 - 추돌 - 진행중,안전운전불이행,습기,흐림,단일로 - 기타,화물,남,41세,상해없음,승용,남,42세,경상
2015072200100133,2015년 7월 22일 07시,수요일,대전광역시 대덕구 송촌동,경상사고,0,0,2,0,차대차 - 추돌 - 진행중,교차로운행방법위반,건조,흐림,교차로 - 교차로안,건설기계,남,44세,상해없음,승용,남,30세,경상
2015072200100134,2015년 7월 22일 07시,수요일,대전광역시 유성구 노은동,경상사고,0,0,1,0,차대사람 - 보도통행중,안전운전불이행,건조,흐림,교차로 - 교차로안,화물,남,36세,상해없음,보행자,남,47세,경상
2015072200100158,2015년 7월 22일 08시,수요일,대전광역시 유성구 하기동,경상사고,0,0,2,0,차대차 - 기타,안전거리미확보,습기,흐림,단일로 - 기타,승용,남,32세,상해없음,승용,남,48세,경상
2015072200100168,2015년 7월 22일 08시,수요일,대전광역시 유성구 화암동,경상사고,0,0,1,0,차대차 - 추돌 - 진행중,안전운전불이행,습기,흐림,단일로 - 기타,승용,남,44세,상해없음,승용,남,75세,경상
2015072200100200,2015년 7월 22일 09시,수요일,대전광역시 중구 석교동,중상사고,0,1,0,0,차대차 - 측면직각충돌,교차로운행방법위반,건조,맑음,교차로 - 교차로부근,화물,남,66세,상해없음,승합,남,38세,상해없음
2015072200100228,2015년 7월 22일 10시,수요일,대전광역시 대덕구 신일동,중상사고,0,3,1,0,차대차 - 추돌 - 진행중,안전운전불이행,건조,맑음,단일로 - 기타,승용,남,32세,중상,화물,남,52세,중상
2015072200100295,2015년 7월 22일 12시,수요일,대전광역시 서구 도마동,경상사고,0,0,1,0,차대사람 - 차도통행중,안전운전불이행,건조,맑음,단일로 - 기타,승용,남,46세,상해없음,보행자,여,79세,경상
2015072200100296,2015년 7월 22일 12시,수요일,대전광역시 유성구 원신흥동,중상사고,0,1,0,0,차대차 - 측면직각충돌,안전운전불이행,건조,맑음,단일로 - 기타,승용,여,34세,상해없음,승용,남,60세,중상
2015072200100333,2015년 7월 22일 13시,수요일,대전광역시 서구 관저동,경상사고,0,0,1,0,차대차 - 추돌 - 진행중,안전운전불이행,건조,맑음,단일로 - 기타,승용,남,51세,상해없음,이륜,남,22세,경상
2015072200100416,2015년 7월 22일 15시,수요일,대전광역시 중구 선화동,중상사고,0,1,0,0,차대차 - 측면직각충돌,차로위반,건조,맑음,단일로 - 기타,승용,남,36세,상해없음,원동기,남,25세,중상
2015072200100417,2015년 7월 22일 15시,수요일,대전광역시 동구 가양동,중상사고,0,1,0,0,차대사람 - 횡단중,안전운전불이행,건조,맑음,교차로 - 교차로안,화물,남,39세,상해없음,보행자,남,75세,중상
2015072200100418,2015년 7월 22일 15시,수요일,대전광역시 유성구 구암동,경상사고,0,0,1,0,차대차 - 추돌 - 주정차중,안전운전불이행,건조,맑음,교차로 - 교차로안,승용,여,27세,상해없음,승용,남,32세,경상
2015072200100456,2015년 7월 22일 16시,수요일,대전광역시 동구 용전동,경상사고,0,0,1,0,차대차 - 추돌 - 진행중,안전운전불이행,건조,맑음,단일로 - 기타,승용,여,54세,상해없음,승용,남,69세,경상
2015072200100498,2015년 7월 22일 17시,수요일,대전광역시 서구 둔산동,부상신고사고,0,0,0,1,차대차 - 측면직각충돌,안전운전불이행,건조,맑음,교차로 - 교차로안,승용,남,90세 이상,상해없음,승용,여,31세,부상신고
2015072200100546,2015년 7월 22일 18시,수요일,대전광역시 중구 태평동,경상사고,0,0,1,0,차대차 - 기타,안전운전불이행,건조,맑음,단일로 - 기타,승용,여,36세,기타불명,자전거,여,21세,경상
2015072200100610,2015년 7월 22일 20시,수요일,대전광역시 대덕구 법동,중상사고,0,1,1,0,차대차 - 추돌 - 진행중,안전운전불이행,습기,비,단일로 - 기타,승용,남,26세,상해없음,이륜,남,55세,중상
2015072200100642,2015년 7월 22일 21시,수요일,대전광역시 유성구 교촌동,중상사고,0,1,0,0,차대차 - 추돌 - 진행중,안전운전불이행,습기,흐림,교차로 - 교차로부근,승용,남,32세,상해없음,승용,남,35세,중상
2015072300100036,2015년 7월 23일 01시,목요일,대전광역시 서구 둔산동,경상사고,0,0,1,0,차대사람 - 차도통행중,안전운전불이행,건조,맑음,단일로 - 기타,승용,남,32세,상해없음,보행자,남,21세,경상
2015072300100045,2015년 7월 23일 02시,목요일,대전광역시 중구 산성동,경상사고,0,0,2,0,차대차 - 정면충돌,중앙선침범,습기,흐림,교차로 - 교차로부근,승용,남,40세,상해없음,승용,남,52세,경상
2015072300100100,2015년 7월 23일 07시,목요일,대전광역시 동구 판암동,중상사고,0,1,1,0,차대차 - 측면직각충돌,직진우회전진행방해,건조,흐림,교차로 - 교차로안,승용,남,35세,상해없음,승합,남,66세,중상
2015072300100138,2015년 7월 23일 08시,목요일,대전광역시 서구 변동,경상사고,0,0,1,0,차대차 - 기타,신호위반,습기,흐림,교차로 - 교차로안,건설기계,남,61세,상해없음,승용,남,25세,경상
2015072300100169,2015년 7월 23일 09시,목요일,대전광역시 동구 성남동,경상사고,0,0,2,0,차대차 - 측면직각충돌,직진우회전진행방해,습기,맑음,교차로 - 교차로안,승용,여,51세,경상,승합,여,51세,경상
2015072300100206,2015년 7월 23일 10시,목요일,대전광역시 중구 문화동,경상사고,0,0,1,0,차대차 - 기타,안전운전불이행,건조,맑음,교차로 - 교차로부근,승용,남,60세,상해없음,승용,여,51세,상해없음
2015072300100207,2015년 7월 23일 10시,목요일,대전광역시 동구 중동,경상사고,0,0,1,0,차대차 - 추돌 - 주정차중,안전운전불이행,건조,맑음,교차로 - 교차로부근,승용,남,29세,상해없음,승용,남,37세,경상
2015072300100274,2015년 7월 23일 12시,목요일,대전광역시 서구 도안동,경상사고,0,0,1,0,차대사람 - 횡단중,신호위반,건조,맑음,교차로 - 교차로안,이륜,남,29세,상해없음,보행자,여,35세,경상
2015072300100275,2015년 7월 23일 12시,목요일,대전광역시 서구 도마동,경상사고,0,0,1,0,차대차 - 기타,교차로운행방법위반,습기,비,단일로 - 기타,화물,남,56세,상해없음,이륜,남,53세,경상
2015072300100276,2015년 7월 23일 12시,목요일,대전광역시 유성구 봉명동,경상사고,0,0,1,0,차대사람 - 보도통행중,보행자보호의무위반,습기,비,단일로 - 횡단보도상,승용,여,45세,상해없음,보행자,남,40세,경상
2015072300100277,2015년 7월 23일 12시,목요일,대전광역시 유성구 노은동,경상사고,0,0,3,0,차대차 - 추돌 - 진행중,안전운전불이행,습기,흐림,단일로 - 기타,승용,남,45세,상해없음,화물,남,48세,경상
2015072300100278,2015년 7월 23일 12시,목요일,대전광역시 유성구 장대동,중상사고,0,1,0,0,차량단독 - 기타,기타,건조,기타,단일로 - 기타,승용,여,55세,상해없음,,,,
2015072300100475,2015년 7월 23일 17시,목요일,대전광역시 동구 효동,경상사고,0,0,2,0,차대차 - 측면직각충돌,안전운전불이행,건조,맑음,교차로 - 교차로안,승용,여,56세,상해없음,승용,여,36세,경상
2015072300100476,2015년 7월 23일 17시,목요일,대전광역시 서구 복수동,경상사고,0,0,2,0,차대차 - 측면직각충돌,안전운전불이행,습기,비,교차로 - 교차로부근,승용,기타불명,기타불명,기타불명,승용,남,38세,경상
2015072300100522,2015년 7월 23일 18시,목요일,대전광역시 서구 가수원동,경상사고,0,0,1,0,차대차 - 측면직각충돌,신호위반,건조,맑음,교차로 - 교차로안,승용,남,68세,상해없음,자전거,남,59세,경상
2015072300100523,2015년 7월 23일 18시,목요일,대전광역시 대덕구 덕암동,중상사고,0,1,1,0,차대차 - 기타,안전운전불이행,건조,맑음,단일로 - 기타,승용,남,59세,상해없음,승용,남,60세,중상
2015072300100605,2015년 7월 23일 20시,목요일,대전광역시 서구 가수원동,경상사고,0,0,7,0,차대차 - 측면직각충돌,신호위반,건조,맑음,교차로 - 교차로안,승용,남,38세,상해없음,승합,남,37세,경상
2015072300100606,2015년 7월 23일 20시,목요일,대전광역시 대덕구 중리동,경상사고,0,0,1,0,차대차 - 측면직각충돌,안전운전불이행,건조,맑음,단일로 - 횡단보도상,화물,남,26세,상해없음,자전거,여,64세,경상
2015072300100607,2015년 7월 23일 20시,목요일,대전광역시 유성구 궁동,경상사고,0,0,1,0,차대차 - 추돌 - 진행중,안전운전불이행,건조,맑음,교차로 - 교차로부근,승용,남,61세,상해없음,승용,남,27세,경상
2015072300100653,2015년 7월 23일 21시,목요일,대전광역시 서구 용문동,경상사고,0,0,1,0,차대차 - 추돌 - 주정차중,안전운전불이행,건조,맑음,교차로 - 교차로부근,승용,남,40세,상해없음,승용,남,43세,경상
2015072300100654,2015년 7월 23일 21시,목요일,대전광역시 유성구 봉명동,경상사고,0,0,3,0,차대차 - 추돌 - 진행중,안전거리미확보,건조,흐림,교차로 - 교차로안,승용,여,54세,경상,승용,남,32세,경상
2015072300100711,2015년 7월 23일 22시,목요일,대전광역시 동구 소제동,경상사고,0,0,1,0,차대차 - 추돌 - 진행중,안전운전불이행,건조,맑음,단일로 - 기타,승용,남,39세,상해없음,승용,여,50세,경상
2015072300100712,2015년 7월 23일 22시,목요일,대전광역시 서구 갈마동,경상사고,0,0,1,0,차대차 - 기타,중앙선침범,습기,비,단일로 - 기타,승용,남,63세,상해없음,승용,남,32세,경상