사고번호,사고일시,요일,시군구,사고내용,사망자수,중상자수,경상자수,부상신고자수,사고유형,법규위반,노면상태,기상상태,도로형태,가해운전자 차종,가해운전자 성별,가해운전자 연령,가해운전자 상해정도,피해운전자 차종,피해운전자 성별,피해운전자 연령,피해운전자 상해정도
2015072400100038,2015년 7월 24일 00시,금요일,대전광역시 대덕구 중리동,경상사고,0,0,1,0,차대사람 - 횡단중,보행자보호의무위반,건조,맑음,단일로 - 횡단보도상,승용,남,40세,상해없음,보행자,남,48세,경상
2015072400100039,2015년 7월 24일 00시,금요일,대전광역시 서구 둔산동,중상사고,0,1,0,0,차대차 - 추돌 - 진행중,신호위반,건조,맑음,교차로 - 교차로안,승용,여,19세,상해없음,원동기,남,26세,중상
2015072400100078,2015년 7월 24일 02시,금요일,대전광역시 대덕구 중리동,경상사고,0,0,2,0,차대차 - 기타,중앙선침범,건조,맑음,단일로 - 기타,승용,남,26세,상해없음,승용,여,50세,기타불명
2015072400100079,2015년 7월 24일 02시,금요일,대전광역시 서구 갈마동,중상사고,0,1,0,0,차대차 - 측면직각충돌,신호위반,습기,흐림,교차로 - 교차로안,승용,남,46세,기타불명,승용,남,58세,중상
2015072400100097,2015년 7월 24일 03시,금요일,대전광역시 서구 갈마동,경상사고,0,0,1,0,차대사람 - 차도통행중,안전운전불이행,건조,맑음,단일로 - 기타,승용,남,23세,상해없음,보행자,남,20세,경상
2015072400100271,2015년 7월 24일 10시,금요일,대전광역시 중구 은행동,경상사고,0,0,1,0,차대차 - 측면직각충돌,안전운전불이행,건조,맑음,단일로 - 기타,화물,남,55세,상해없음,승용,남,54세,경상
2015072400100316,2015년 7월 24일 11시,금요일,대전광역시 중구 태평동,경상사고,0,0,2,0,차대차 - 기타,신호위반,습기,비,단일로 - 기타,승용,여,55세,상해없음,승용,남,30세,경상
2015072400100381,2015년 7월 24일 13시,금요일,대전광역시 서구 월평동,경상사고,0,0,1,0,차대차 - 기타,안전운전불이행,습기,비,교차로 - 교차로부근,승용,남,53세,상해없음,이륜,남,54세,경상
2015072400100382,2015년 7월 24일 13시,금요일,대전광역시 유성구 도룡동,경상사고,0,0,1,0,차대차 - 측면직각충돌,안전거리미확보,건조,맑음,단일로 - 기타,승용,남,59세,상해없음,승용,여,29세,경상
2015072400100416,2015년 7월 24일 14시,금요일,대전광역시 중구 대흥동,경상사고,0,0,3,0,차대차 - 추돌 - 주정차중,안전운전불이행,습기,비,교차로 - 교차로부근,승용,남,45세,상해없음,승용,남,48세,경상
2015072400100417,2015년 7월 24일 14시,금요일,대전광역시 동구 성남동,경상사고,0,0,1,0,차대차 - 측면직각충돌,안전운전불이행,건조,맑음,교차로 - 교차로안,승용,남,25세,상해없음,자전거,남,57세,경상
2015072400100461,2015년 7월 24일 15시,금요일,대전광역시 서구 둔산동,경상사고,0,0,2,0,차대차 - 기타,직진우회전진행방해,습기,비,교차로 - 교차로안,승용,여,34세,상해없음,승용,남,27세,경상
2015072400100496,2015년 7월 24일 16시,금요일,대전광역시 중구 부사동,경상사고,0,0,1,0,차대사람 - 기타,안전운전불이행,습기,흐림,교차로 - 교차로안,승용,남,60세,상해없음,보행자,여,67세,경상
2015072400100497,2015년 7월 24일 16시,금요일,대전광역시 유성구 장대동,경상사고,0,0,2,0,차대차 - 측면직각충돌,신호위반,건조,맑음,교차로 - 교차로안,승용,남,68세,상해없음,승용,남,43세,경상
2015072400100498,2015년 7월 24일 16시,금요일,대전광역시 서구 만년동,경상사고,0,0,2,0,차대차 - 추돌 - 진행중,안전운전불이행,습기,비,교차로 - 교차로부근,승용,남,57세,상해없음,승용,남,57세,경상
2015072400100541,2015년 7월 24일 17시,금요일,대전광역시 동구 낭월동,중상사고,0,1,0,0,차대차 - 기타,안전운전불이행,습기,흐림,교차로 - 교차로안,화물,남,38세,기타불명,승용,남,58세,중상
2015072400100665,2015년 7월 24일 20시,금요일,대전광역시 대덕구 석봉동,중상사고,0,1,0,0,차대사람 - 기타,교차로운행방법위반,건조,흐림,교차로 - 교차로부근,화물,남,57세,상해없음,보행자,남,49세,중상
2015072400100744,2015년 7월 24일 22시,금요일,대전광역시 서구 괴정동,경상사고,0,0,2,0,차대차 - 추돌 - 주정차중,안전운전불이행,건조,맑음,교차로 - 교차로부근,승용,남,64세,상해없음,승용,남,29세,경상
2015072400100780,2015년 7월 24일 23시,금요일,대전광역시 서구 내동,경상사고,0,0,2,0,차대차 - 추돌 - 진행중,안전운전불이행,건조,맑음,교차로 - 교차로부근,승용,여,38세,상해없음,승용,남,45세,경상
2015072500100026,2015년 7월 25일 00시,토요일,대전광역시 서구 관저동,중상사고,0,1,0,0,차대사람 - 차도통행중,안전운전불이행,건조,맑음,교차로 - 교차로부근,승용,여,46세,상해없음,보행자,남,37세,중상
2015072500100027,2015년 7월 25일 00시,토요일,대전광역시 유성구 송강동,경상사고,0,0,1,0,차대차 - 기타,안전운전불이행,습기,맑음,교차로 - 교차로부근,승용,남,42세,상해없음,원동기,남,17세,경상
2015072500100028,2015년 7월 25일 00시,토요일,대전광역시 서구 월평동,경상사고,0,0,1,0,차대사람 - 기타,안전운전불이행,건조,맑음,교차로 - 교차로안,승용,남,32세,상해없음,보행자,남,42세,경상
2015072500100086,2015년 7월 25일 02시,토요일,대전광역시 유성구 노은동,경상사고,0,0,4,0,차대차 - 추돌 - 주정차중,안전운전불이행,건조,맑음,교차로 - 교차로부근,승용,남,30세,상해없음,화물,남,57세,경상
2015072500100103,2015년 7월 25일 03시,토요일,대전광역시 중구 오류동,경상사고,0,0,2,0,차대차 - 측면직각충돌,안전거리미확보,건조,맑음,단일로 - 기타,승용,남,68세,상해없음,원동기,남,16세,경상
2015072500100169,2015년 7월 25일 06시,토요일,대전광역시 유성구 도룡동,경상사고,0,0,1,0,차대차 - 측면직각충돌,신호위반,건조,맑음,교차로 - 교차로안,화물,남,62세,상해없음,승용,남,30세,경상
2015072500100217,2015년 7월 25일 08시,토요일,대전광역시 서구 둔산동,중상사고,0,1,0,0,차대사람 - 횡단중,신호위반,건조,맑음,교차로 - 교차로안,승용,여,47세,상해없음,보행자,여,55세,중상
2015072500100273,2015년 7월 25일 10시,토요일,대전광역시 유성구 하기동,경상사고,0,0,1,0,차대차 - 기타,안전운전불이행,건조,맑음,단일로 - 횡단보도부근,승용,남,56세,상해없음,자전거,여,17세,경상
2015072500100316,2015년 7월 25일 11시,토요일,대전광역시 동구 삼성동,경상사고,0,0,1,0,차대차 - 추돌 - 진행중,안전거리미확보,건조,맑음,교차로 - 교차로안,원동기,남,25세,상해없음,승용,여,34세,경상
2015072500100317,2015년 7월 25일 11시,토요일,대전광역시 유성구 원촌동,중상사고,0,1,0,0,차량단독 - 기타,기타,건조,맑음,단일로 - 기타,승합,남,47세,상해없음,,,,
2015072500100346,2015년 7월 25일 12시,토요일,대전광역시 서구 탄방동,경상사고,0,0,1,0,차대차 - 추돌 - 진행중,안전운전불이행,건조,맑음,단일로 - 기타,승용,여,42세,상해없음,원동기,남,20세,경상
2015072500100434,2015년 7월 25일 15시,토요일,대전광역시 중구 대흥동,경상사고,0,0,3,0,차대차 - 추돌 - 진행중,교차로운행방법위반,건조,맑음,교차로 - 교차로안,승용,여,57세,경상,승용,여,43세,경상
2015072500100435,2015년 7월 25일 15시,토요일,대전광역시 서구 평촌동,중상사고,0,1,0,0,차대차 - 측면직각충돌,안전운전불이행,건조,맑음,단일로 - 기타,승용,여,66세,상해없음,이륜,남,75세,중상
2015072500100436,2015년 7월 25일 15시,토요일,대전광역시 서구 가장동,경상사고,0,0,1,0,차대사람 - 보도통행중,안전운전불이행,건조,맑음,단일로 - 기타,이륜,남,54세,상해없음,보행자,여,28세,경상
2015072500100437,2015년 7월 25일 15시,토요일,대전광역시 서구 탄방동,경상사고,0,0,1,0,차대차 - 기타,중앙선침범,건조,맑음,단일로 - 기타,원동기,남,56세,상해없음,승용,남,46세,경상
2015072500100466,2015년 7월 25일 16시,토요일,대전광역시 중구 산성동,경상사고,0,0,1,0,차대차 - 추돌 - 주정차중,안전운전불이행,건조,맑음,단일로 - 기타,승용,남,43세,상해없음,화물,남,70세,경상
2015072500100467,2015년 7월 25일 16시,토요일,대전광역시 대덕구 오정동,경상사고,0,0,1,0,차대차 - 기타,안전거리미확보,건조,맑음,교차로 - 교차로부근,승용,여,35세,상해없음,승용,여,45세,경상
2015072500100468,2015년 7월 25일 16시,토요일,대전광역시 서구 둔산동,경상사고,0,0,2,0,차대차 - 추돌 - 진행중,안전운전불이행,건조,맑음,기타 - 기타,승용,여,25세,상해없음,승용,남,25세,경상
2015072500100508,2015년 7월 25일 17시,토요일,대전광역시 서구 괴정동,경상사고,0,0,2,0,차대차 - 측면직각충돌,직진우회전진행방해,건조,맑음,교차로 - 교차로안,승용,남,76세,상해없음,승용,남,61세,경상
2015072500100621,2015년 7월 25일 20시,토요일,대전광역시 동구 가양동,경상사고,0,0,1,0,차대사람 - 길가장자리구역통행중,안전운전불이행,건조,맑음,단일로 - 기타,승용,여,38세,상해없음,보행자,남,61세,경상
2015072500100622,2015년 7월 25일 20시,토요일,대전광역시 서구 관저동,경상사고,0,0,1,0,차대차 - 기타,신호위반,건조,맑음,교차로 - 교차로부근,승용,남,60세,상해없음,자전거,남,39세,경상
2015072500100668,2015년 7월 25일 21시,토요일,대전광역시 중구 대흥동,경상사고,0,0,3,0,차대차 - 추돌 - 주정차중,안전거리미확보,건조,맑음,단일로 - 기타,승합,남,22세,상해없음,승용,남,32세,경상
2015072500100702,2015년 7월 25일 22시,토요일,대전광역시 서구 갈마동,경상사고,0,0,1,0,차대차 - 측면직각충돌,중앙선침범,건조,맑음,교차로 - 교차로부근,승용,남,39세,상해없음,승용,남,59세,경상
2015072500100734,2015년 7월 25일 23시,토요일,대전광역시 서구 둔산동,경상사고,0,0,1,0,차대차 - 측면직각충돌,안전거리미확보,건조,맑음,단일로 - 기타,승용,여,34세,상해없음,승용,남,29세,경상
2015072600100036,2015년 7월 26일 01시,일요일,대전광역시 중구 석교동,경상사고,0,0,2,0,차대차 - 측면직각충돌,안전거리미확보,건조,맑음,단일로 - 기타,승용,남,35세,경상,승용,남,27세,경상
2015072600100037,2015년 7월 26일 01시,일요일,대전광역시 서구 괴정동,경상사고,0,0,1,0,차대사람 - 길가장자리구역통행중,안전운전불이행,건조,맑음,단일로 - 기타,승용,남,23세,기타불명,보행자,남,23세,경상
2015072600100171,2015년 7월 26일 10시,일요일,대전광역시 유성구 방동,경상사고,0,0,1,0,차대차 - 기타,안전거리미확보,건조,맑음,교차로 - 교차로부근,화물,남,77세,상해없음,승용,남,49세,경상
2015072600100195,2015년 7월 26일 11시,일요일,대전광역시 유성구 노은동,경상사고,0,0,1,0,차대차 - 추돌 - 진행중,안전운전불이행,건조,맑음,단일로 - 기타,승용,여,44세,상해없음,승용,남,58세,경상
2015072600100342,2015년 7월 26일 16시,일요일,대전광역시 동구 가양동,경상사고,0,0,1,0,차대차 - 측면직각충돌,중앙선침범,건조,맑음,단일로 - 기타,승용,남,27세,상해없음,승용,남,25세,경상
2015072600100450,2015년 7월 26일 20시,일요일,대전광역시 중구 오류동,중상사고,0,1,0,0,차대차 - 기타,신호위반,건조,맑음,교차로 - 교차로안,승용,남,24세,상해없음,원동기,남,28세,중상
2015072600100451,2015년 7월 26일 20시,일요일,대전광역시 서구 둔산동,경상사고,0,0,1,0,차대차 - 기타,안전거리미확보,건조,맑음,단일로 - 기타,승용,남,54세,상해없음,승용,여,40세,경상
2015072600100476,2015년 7월 26일 21시,일요일,대전광역시 서구 갈마동,중상사고,0,3,1,0,차대차 - 기타,신호위반,건조,맑음,교차로 - 교차로안,승용,남,21세,상해없음,승용,남,44세,중상
2015072600100496,2015년 7월 26일 22시,일요일,대전광역시 서구 둔산동,경상사고,0,0,1,0,차대차 - 추돌 - 진행중,안전거리미확보,건조,맑음,교차로 - 교차로부근,승합,남,43세,상해없음,원동기,남,28세,경상
2015072700100010,2015년 7월 27일 00시,월요일,대전광역시 서구 둔산동,부상신고사고,0,0,0,1,차대차 - 기타,안전운전불이행,건조,맑음,단일로 - 기타,승용,남,30세,상해없음,원동기,남,22세,부상신고
2015072700100032,2015년 7월 27일 03시,월요일,대전광역시 유성구 봉명동,경상사고,0,0,1,0,차대차 - 측면직각충돌,신호위반,건조,맑음,교차로 - 교차로안,승용,남,53세,상해없음,승용,남,55세,경상
2015072700100043,2015년 7월 27일 04시,월요일,대전광역시 유성구 전민동,중상사고,0,1,0,0,차대사람 - 기타,안전운전불이행,건조,맑음,교차로 - 교차로안,화물,남,34세,상해없음,보행자,남,22세,중상
2015072700100162,2015년 7월 27일 09시,월요일,대전광역시 동구 삼성동,경상사고,0,0,1,0,차대차 - 측면직각충돌,안전운전불이행,건조,흐림,단일로 - 기타,승용,남,62세,기타불명,자전거,여,49세,경상
2015072700100199,2015년 7월 27일 10시,월요일,대전광역시 중구 태평동,경상사고,0,0,1,0,차대차 - 추돌 - 진행중,안전거리미확보,건조,맑음,단일로 - 기타,승용,남,50세,상해없음,화물,남,49세,경상
2015072700100237,2015년 7월 27일 11시,월요일,대전광역시 동구 용전동,경상사고,0,0,1,0,차대차 - 측면직각충돌,교차로운행방법위반,건조,맑음,교차로 - 교차로안,승용,남,51세,상해없음,원동기,남,43세,경상
2015072700100279,2015년 7월 27일 13시,월요일,대전광역시 중구 은행동,경상사고,0,0,1,0,차대차 - 측면직각충돌,안전거리미확보,건조,맑음,교차로 - 교차로안,승용,남,55세,상해없음,승용,남,26세,경상
2015072700100312,2015년 7월 27일 14시,월요일,대전광역시 동구 가양동,경상사고,0,0,1,0,차대차 - 측면직각충돌,직진우회전진행방해,건조,맑음,교차로 - 교차로안,승용,남,50세,상해없음,승용,남,39세,경상
2015072700100347,2015년 7월 27일 15시,월요일,대전광역시 유성구 구암동,경상사고,0,0,1,0,차대차 - 추돌 - 진행중,안전운전불이행,건조,맑음,단일로 - 기타,승용,여,60세,상해없음,승용,남,50세,경상
2015072700100348,2015년 7월 27일 15시,월요일,대전광역시 서구 둔산동,경상사고,0,0,1,0,차대차 - 추돌 - 진행중,안전거리미확보,습기,비,교차로 - 교차로부근,승용,여,45세,상해없음,승용,여,43세,경상
2015072700100438,2015년 7월 27일 17시,월요일,대전광역시 유성구 신봉동,경상사고,0,0,1,0,차대차 - 기타,안전운전불이행,건조,맑음,단일로 - 기타,승용,남,27세,상해없음,승용,여,36세,경상
2015072700100542,2015년 7월 27일 20시,월요일,대전광역시 서구 흑석동,중상사고,0,1,0,0,차대차 - 추돌 - 주정차중,안전운전불이행,습기,비,단일로 - 기타,승용,남,73세,상해없음,화물,남,57세,상해없음
2015072700100580,2015년 7월 27일 21시,월요일,대전광역시 중구 중촌동,중상사고,0,1,0,0,차대차 - 측면직각충돌,안전거리미확보,습기,흐림,단일로 - 기타,이륜,남,51세,중상,승용,여,30세,상해없음
2015072700100609,2015년 7월 27일 22시,월요일,대전광역시 중구 태평동,경상사고,0,0,1,0,차대차 - 측면직각충돌,안전운전불이행,습기,흐림,단일로 - 기타,자전거,남,37세,상해없음,자전거,남,15세,경상
2015072700100610,2015년 7월 27일 22시,월요일,대전광역시 유성구 구암동,중상사고,0,1,0,0,차대차 - 측면직각충돌,신호위반,건조,맑음,교차로 - 교차로안,승용,여,47세,상해없음,승용,남,44세,중상
2015072700100641,2015년 7월 27일 23시,월요일,대전광역시 동구 성남동,경상사고,0,0,4,0,차대차 - 추돌 - 주정차중,안전운전불이행,건조,맑음,단일로 - 기타,승용,남,59세,상해없음,승용,남,39세,경상
2015072800100012,2015년 7월 28일 00시,화요일,대전광역시 서구 둔산동,경상사고,0,0,1,0,차대차 - 추돌 - 진행중,안전운전불이행,건조,맑음,단일로 - 기타,승합,남,32세,상해없음,승용,남,32세,상해없음
2015072800100067,2015년 7월 28일 04시,화요일,대전광역시 서구 월평동,경상사고,0,0,1,0,차대차 - 추돌 - 주정차중,안전거리미확보,건조,맑음,교차로 - 교차로부근,화물,남,37세,상해없음,승용,여,51세,경상
2015072800100270,2015년 7월 28일 12시,화요일,대전광역시 서구 도마동,경상사고,0,0,1,0,차량단독 - 기타,안전운전불이행,건조,맑음,교차로 - 교차로부근,승합,남,52세,상해없음,,,,
2015072800100355,2015년 7월 28일 14시,화요일,대전광역시 대덕구 오정동,중상사고,0,1,0,0,차대차 - 기타,안전운전불이행,건조,맑음,단일로 - 기타,승용,여,48세,상해없음,승용,남,33세,상해없음
2015072800100440,2015년 7월 28일 17시,화요일,대전광역시 유성구 구암동,경상사고,0,0,3,0,차대차 - 측면직각충돌,안전운전불이행,건조,맑음,기타 - 기타,승용,여,33세,상해없음,화물,남,48세,상해없음
2015072800100454,2015년 7월 28일 17시,화요일,대전광역시 서구 가수원동,경상사고,0,0,1,0,차대사람 - 횡단중,보행자보호의무위반,건조,맑음,기타 - 기타,승용,남,24세,상해없음,보행자,남,7세,경상
2015072800100455,2015년 7월 28일 17시,화요일,대전광역시 유성구 상대동,경상사고,0,0,1,0,차대차 - 추돌 - 진행중,안전운전불이행,건조,맑음,단일로 - 기타,원동기,남,75세,경상,화물,남,53세,상해없음
2015072800100493,2015년 7월 28일 18시,화요일,대전광역시 대덕구 목상동,중상사고,0,1,0,0,차대차 - 기타,안전운전불이행,건조,맑음,교차로 - 교차로안,승용,남,62세,상해없음,이륜,남,50세,중상
2015072800100494,2015년 7월 28일 18시,화요일,대전광역시 유성구 송정동,경상사고,0,0,1,0,차대차 - 추돌 - 진행중,안전거리미확보,건조,맑음,단일로 - 기타,승용,남,50세,상해없음,승용,남,20세,경상
2015072800100526,2015년 7월 28일 19시,화요일,대전광역시 서구 용문동,경상사고,0,0,1,0,차대차 - 측면직각충돌,안전운전불이행,건조,맑음,교차로 - 교차로부근,승용,여,40세,상해없음,승용,남,54세,경상
2015072800100527,2015년 7월 28일 19시,화요일,대전광역시 대덕구 오정동,경상사고,0,0,1,0,차대차 - 측면직각충돌,안전운전불이행,건조,맑음,교차로 - 교차로부근,화물,남,57세,상해없음,자전거,남,70세,경상
2015072800100566,2015년 7월 28일 20시,화요일,대전광역시 유성구 상대동,중상사고,0,1,1,0,차대차 - 추돌 - 진행중,안전거리미확보,건조,맑음,단일로 - 기타,승용,남,56세,상해없음,승용,남,39세,중상
2015072800100598,2015년 7월 28일 21시,화요일,대전광역시 서구 둔산동,경상사고,0,0,1,0,차대사람 - 횡단중,보행자보호의무위반,건조,맑음,단일로 - 횡단보도상,승용,남,29세,상해없음,보행자,여,40세,경상
2015072800100631,2015년 7월 28일 22시,화요일,대전광역시 서구 둔산동,경상사고,0,0,2,0,차대차 - 추돌 - 진행중,안전운전불이행,건조,맑음,단일로 - 기타,승용,남,47세,상해없음,승용,남,48세,경상
2015072800100664,2015년 7월 28일 23시,화요일,대전광역시 서구 용문동,경상사고,0,0,2,0,차대차 - 측면직각충돌,안전운전불이행,건조,맑음,단일로 - 기타,승용,남,48세,상해없음,승용,여,39세,기타불명
2015072800100665,2015년 7월 28일 23시,화요일,대전광역시 서구 월평동,중상사고,0,1,2,0,차대차 - 추돌 - 주정차중,안전거리미확보,건조,맑음,단일로 - 기타,승용,남,41세,상해없음,승용,남,54세,경상
2015072900100046,2015년 7월 29일 02시,수요일,대전광역시 유성구 봉명동,중상사고,0,1,0,0,차대차 - 측면직각충돌,신호위반,건조,맑음,교차로 - 교차로안,승용,남,35세,상해없음,승용,남,59세,중상
2015072900100051,2015년 7월 29일 03시,수요일,대전광역시 중구 유천동,경상사고,0,0,5,0,차대차 - 측면직각충돌,안전운전불이행,건조,맑음,단일로 - 기타,승용,남,33세,상해없음,승용,남,20세,경상
2015072900100071,2015년 7월 29일 06시,수요일,대전광역시 유성구 도룡동,중상사고,0,2,0,0,차대차 - 정면충돌,중앙선침범,습기,비,단일로 - 기타,화물,남,39세,상해없음,승용,남,51세,중상
2015072900100097,2015년 7월 29일 07시,수요일,대전광역시 중구 문화동,중상사고,0,1,0,0,차대사람 - 횡단중,안전운전불이행,습기,비,교차로 - 교차로안,승용,남,31세,상해없음,보행자,여,27세,중상
2015072900100255,2015년 7월 29일 12시,수요일,대전광역시 서구 탄방동,경상사고,0,0,1,0,차대차 - 측면직각충돌,신호위반,건조,맑음,교차로 - 교차로안,승용,여,61세,상해없음,승용,여,47세,경상
2015072900100396,2015년 7월 29일 16시,수요일,대전광역시 중구 문화동,중상사고,0,1,0,0,차대차 - 측면직각충돌,안전운전불이행,건조,맑음,미분류 - 미분류,승용,여,59세,상해없음,승용,여,52세,중상
2015072900100397,2015년 7월 29일 16시,수요일,대전광역시 서구 월평동,경상사고,0,0,6,0,차대차 - 추돌 - 진행중,안전거리미확보,건조,맑음,단일로 - 기타,승합,여,45세,상해없음,화물,남,68세,경상
2015072900100514,2015년 7월 29일 19시,수요일,대전광역시 동구 원동,경상사고,0,0,1,0,차대사람 - 기타,안전운전불이행,건조,맑음,교차로 - 교차로안,승용,남,65세,상해없음,보행자,여,57세,경상
2015072900100553,2015년 7월 29일 20시,수요일,대전광역시 중구 대흥동,경상사고,0,0,1,0,차대차 - 측면직각충돌,안전운전불이행,건조,흐림,교차로 - 교차로안,승용,남,34세,상해없음,화물,남,34세,경상
2015072900100656,2015년 7월 29일 23시,수요일,대전광역시 서구 내동,경상사고,0,0,2,0,차대차 - 측면직각충돌,안전운전불이행,건조,맑음,교차로 - 교차로안,승용,남,61세,상해없음,승용,남,43세,경상
2015073000100019,2015년 7월 30일 00시,목요일,대전광역시 서구 둔산동,부상신고사고,0,0,0,1,차대사람 - 기타,안전운전불이행,건조,맑음,단일로 - 기타,승용,남,47세,상해없음,보행자,남,24세,부상신고
2015073000100020,2015년 7월 30일 00시,목요일,대전광역시 유성구 봉명동,중상사고,0,2,1,0,차대차 - 측면직각충돌,신호위반,건조,맑음,교차로 - 교차로안,화물,남,37세,상해없음,승용,남,26세,중상
2015073000100037,2015년 7월 30일 01시,목요일,대전광역시 서구 둔산동,경상사고,0,0,1,0,차대사람 - 횡단중,안전운전불이행,건조,맑음,교차로 - 교차로안,승용,남,40세,상해없음,보행자,남,22세,경상
2015073000100073,2015년 7월 30일 05시,목요일,대전광역시 대덕구 비래동,경상사고,0,0,1,0,차대사람 - 기타,안전운전불이행,건조,맑음,기타 - 기타,승용,남,68세,상해없음,보행자,남,33세,경상
2015073000100131,2015년 7월 30일 08시,목요일,대전광역시 동구 정동,중상사고,0,1,0,0,차대차 - 기타,교차로운행방법위반,건조,맑음,교차로 - 교차로안,승용,남,55세,상해없음,이륜,남,36세,중상
2015073000100231,2015년 7월 30일 11시,목요일,대전광역시 서구 변동,경상사고,0,0,1,0,차대차 - 측면직각충돌,교차로운행방법위반,건조,맑음,교차로 - 교차로안,승용,남,60세,상해없음,자전거,여,64세,경상
2015073000100343,2015년 7월 30일 14시,목요일,대전광역시 동구 용전동,경상사고,0,0,2,2,차대차 - 추돌 - 진행중,안전거리미확보,건조,맑음,단일로 - 기타,승용,남,20세,상해없음,승용,여,59세,경상
2015073000100344,2015년 7월 30일 14시,목요일,대전광역시 서구 갈마동,경상사고,0,0,1,0,차대차 - 추돌 - 진행중,안전운전불이행,건조,맑음,교차로 - 교차로부근,승합,남,40세,상해없음,원동기,남,81세,경상
2015073000100395,2015년 7월 30일 15시,목요일,대전광역시 중구 유천동,경상사고,0,0,1,0,차대차 - 기타,교차로운행방법위반,건조,맑음,교차로 - 교차로안,승용,남,36세,상해없음,승용,여,51세,경상
2015073000100396,2015년 7월 30일 15시,목요일,대전광역시 중구 부사동,경상사고,0,0,2,0,차대차 - 측면직각충돌,안전운전불이행,건조,맑음,단일로 - 기타,이륜,남,41세,경상,승용,여,31세,경상
2015073000100474,2015년 7월 30일 17시,목요일,대전광역시 서구 둔산동,경상사고,0,0,1,0,차대사람 - 기타,안전운전불이행,건조,맑음,단일로 - 기타,승용,여,56세,상해없음,보행자,남,25세,경상
2015073000100515,2015년 7월 30일 18시,목요일,대전광역시 동구 가양동,중상사고,0,1,0,0,차대사람 - 기타,안전운전불이행,건조,맑음,단일로 - 기타,이륜,남,52세,상해없음,보행자,여,27세,중상
2015073000100516,2015년 7월 30일 18시,목요일,대전광역시 유성구 장대동,경상사고,0,0,1,0,차대차 - 측면직각충돌,안전운전불이행,건조,맑음,단일로 - 기타,승용,남,49세,상해없음,화물,남,30세,경상
2015073000100550,2015년 7월 30일 19시,목요일,대전광역시 중구 중촌동,중상사고,0,1,0,0,차대차 - 측면직각충돌,차로위반,건조,흐림,단일로 - 기타,승용,남,63세,상해없음,원동기,남,45세,중상
2015073000100551,2015년 7월 30일 19시,목요일,대전광역시 유성구 관평동,경상사고,0,0,1,0,차대차 - 측면직각충돌,안전운전불이행,건조,맑음,교차로 - 교차로안,화물,남,53세,상해없음,승용,여,28세,경상
2015073000100583,2015년 7월 30일 20시,목요일,대전광역시 동구 판암동,경상사고,0,0,1,0,차대사람 - 기타,안전운전불이행,건조,맑음,교차로 - 교차로부근,이륜,남,22세,상해없음,보행자,남,30세,경상
2015073000100584,2015년 7월 30일 20시,목요일,대전광역시 유성구 노은동,중상사고,0,1,0,0,차대사람 - 횡단중,안전운전불이행,건조,맑음,단일로 - 기타,승용,여,49세,상해없음,보행자,여,76세,중상
2015073000100585,2015년 7월 30일 20시,목요일,대전광역시 유성구 대정동,경상사고,0,0,2,0,차대차 - 추돌 - 진행중,안전거리미확보,건조,맑음,교차로 - 교차로안,승용,남,28세,상해없음,승용,남,42세,경상
2015073000100660,2015년 7월 30일 22시,목요일,대전광역시 대덕구 송촌동,부상신고사고,0,0,0,1,차대사람 - 기타,안전운전불이행,건조,맑음,교차로 - 교차로안,기타불명,기타불명,기타불명,기타불명,보행자,남,17세,부상신고
2015073000100688,2015년 7월 30일 23시,목요일,대전광역시 서구 월평동,경상사고,0,0,3,0,차대차 - 추돌 - 주정차중,안전운전불이행,건조,맑음,교차로 - 교차로부근,승용,남,39세,상해없음,승용,남,49세,경상
2015073100100019,2015년 7월 31일 00시,금요일,대전광역시 중구 은행동,중상사고,0,1,0,0,차대사람 - 기타,안전운전불이행,건조,맑음,단일로 - 횡단보도부근,승용,남,54세,상해없음,보행자,남,47세,중상
2015073100100020,2015년 7월 31일 00시,금요일,대전광역시 대덕구 송촌동,경상사고,0,0,3,0,차대차 - 기타,직진우회전진행방해,건조,맑음,미분류 - 미분류,승용,남,33세,상해없음,승용,남,58세,경상
2015073100100021,2015년 7월 31일 00시,금요일,대전광역시 유성구 구성동,경상사고,0,0,1,0,차대차 - 추돌 - 진행중,안전운전불이행,건조,맑음,교차로 - 교차로부근,승용,남,37세,상해없음,승용,여,48세,경상
2015073100100058,2015년 7월 31일 03시,금요일,대전광역시 서구 가장동,경상사고,0,0,2,0,차대차 - 측면직각충돌,신호위반,건조,맑음,교차로 - 교차로안,승용,남,54세,상해없음,승용,남,27세,경상
2015073100100106,2015년 7월 31일 07시,금요일,대전광역시 중구 석교동,경상사고,0,0,1,0,차대차 - 기타,안전운전불이행,건조,맑음,교차로 - 교차로안,승용,여,62세,상해없음,자전거,여,63세,경상
2015073100100138,2015년 7월 31일 08시,금요일,대전광역시 중구 목동,경상사고,0,0,3,0,차대차 - 추돌 - 진행중,안전운전불이행,건조,맑음,교차로 - 교차로안,승용,남,39세,상해없음,승용,남,60세,경상
2015073100100139,2015년 7월 31일 08시,금요일,대전광역시 서구 정림동,경상사고,0,0,1,0,차대차 - 측면직각충돌,안전운전불이행,건조,맑음,교차로 - 교차로안,승용,남,62세,상해없음,승용,남,45세,경상