사고번호,사고일시,요일,시군구,사고내용,사망자수,중상자수,경상자수,부상신고자수,사고유형,법규위반,노면상태,기상상태,도로형태,가해운전자 차종,가해운전자 성별,가해운전자 연령,가해운전자 상해정도,피해운전자 차종,피해운전자 성별,피해운전자 연령,피해운전자 상해정도
2015080600100098,2015년 8월 6일 07시,목요일,대전광역시 동구 인동,경상사고,0,0,1,0,차대차 - 추돌 - 주정차중,안전운전불이행,건조,맑음,교차로 - 교차로안,승용,남,46세,상해없음,승용,남,46세,경상
2015080600100131,2015년 8월 6일 08시,목요일,대전광역시 서구 복수동,경상사고,0,0,1,0,차대차 - 추돌 - 진행중,안전운전불이행,건조,맑음,단일로 - 기타,화물,남,54세,상해없음,승용,남,24세,경상
2015080600100132,2015년 8월 6일 08시,목요일,대전광역시 대덕구 대화동,경상사고,0,0,1,0,차대차 - 측면직각충돌,안전거리미확보,건조,맑음,단일로 - 기타,승용,남,69세,상해없음,승용,여,31세,경상
2015080600100165,2015년 8월 6일 09시,목요일,대전광역시 동구 삼성동,경상사고,0,0,1,0,차대차 - 추돌 - 진행중,안전거리미확보,건조,맑음,단일로 - 기타,승용,여,43세,상해없음,승용,남,59세,경상
2015080600100166,2015년 8월 6일 09시,목요일,대전광역시 대덕구 읍내동,경상사고,0,0,2,0,차대차 - 기타,안전운전불이행,건조,맑음,교차로 - 교차로부근,승용,여,44세,상해없음,승용,여,33세,경상
2015080600100189,2015년 8월 6일 10시,목요일,대전광역시 서구 가수원동,경상사고,0,0,1,0,차대차 - 측면직각충돌,안전운전불이행,건조,맑음,기타 - 기타,건설기계,남,45세,상해없음,승용,여,55세,경상
2015080600100260,2015년 8월 6일 12시,목요일,대전광역시 서구 변동,중상사고,0,2,1,0,차대차 - 추돌 - 진행중,안전운전불이행,건조,맑음,교차로 - 교차로부근,승용,남,39세,상해없음,승용,여,44세,중상
2015080600100294,2015년 8월 6일 13시,목요일,대전광역시 서구 둔산동,경상사고,0,0,4,0,차대차 - 기타,안전운전불이행,건조,맑음,교차로 - 교차로부근,승용,여,46세,상해없음,승용,남,36세,경상
2015080600100419,2015년 8월 6일 16시,목요일,대전광역시 동구 중동,경상사고,0,0,1,0,차대차 - 기타,안전운전불이행,건조,맑음,단일로 - 기타,승용,여,39세,상해없음,승용,남,66세,경상
2015080600100420,2015년 8월 6일 16시,목요일,대전광역시 대덕구 송촌동,경상사고,0,0,1,0,차대사람 - 횡단중,보행자보호의무위반,건조,맑음,교차로 - 교차로부근,승용,남,62세,상해없음,보행자,여,6세,경상
2015080600100421,2015년 8월 6일 16시,목요일,대전광역시 유성구 용산동,경상사고,0,0,2,0,차대차 - 기타,직진우회전진행방해,건조,맑음,교차로 - 교차로안,승용,남,29세,상해없음,승용,남,41세,상해없음
2015080600100464,2015년 8월 6일 17시,목요일,대전광역시 유성구 송강동,경상사고,0,0,1,0,차대사람 - 횡단중,보행자보호의무위반,건조,맑음,교차로 - 교차로부근,이륜,남,17세,상해없음,보행자,여,68세,경상
2015080600100505,2015년 8월 6일 18시,목요일,대전광역시 동구 삼성동,경상사고,0,0,1,0,차대차 - 기타,안전운전불이행,건조,맑음,교차로 - 교차로부근,승용,남,60세,상해없음,승용,남,43세,경상
2015080600100506,2015년 8월 6일 18시,목요일,대전광역시 유성구 장대동,경상사고,0,0,1,0,차대차 - 측면직각충돌,교차로운행방법위반,건조,맑음,교차로 - 교차로안,승용,여,34세,상해없음,승용,남,34세,경상
2015080600100551,2015년 8월 6일 19시,목요일,대전광역시 중구 문화동,중상사고,0,1,0,0,차대사람 - 차도통행중,안전운전불이행,건조,맑음,교차로 - 교차로부근,자전거,남,15세,상해없음,보행자,여,52세,중상
2015080600100594,2015년 8월 6일 20시,목요일,대전광역시 유성구 구암동,경상사고,0,0,1,0,차대차 - 기타,안전운전불이행,건조,맑음,교차로 - 교차로안,자전거,남,14세,경상,화물,남,28세,상해없음
2015080600100640,2015년 8월 6일 21시,목요일,대전광역시 서구 도마동,경상사고,0,0,1,0,차대사람 - 횡단중,안전운전불이행,건조,맑음,단일로 - 횡단보도부근,승용,여,49세,상해없음,보행자,여,43세,경상
2015080600100667,2015년 8월 6일 22시,목요일,대전광역시 중구 대흥동,경상사고,0,0,3,0,차대차 - 측면직각충돌,차로위반,건조,맑음,단일로 - 기타,승용,남,22세,상해없음,승용,남,35세,경상
2015080600100668,2015년 8월 6일 22시,목요일,대전광역시 동구 중동,중상사고,0,1,0,0,차대사람 - 횡단중,신호위반,건조,맑음,단일로 - 횡단보도상,승용,남,60세,상해없음,보행자,남,24세,중상
2015080700100040,2015년 8월 7일 01시,금요일,대전광역시 동구 원동,경상사고,0,0,1,0,차대사람 - 기타,안전운전불이행,건조,맑음,단일로 - 기타,승용,남,39세,상해없음,보행자,남,53세,경상
2015080700100051,2015년 8월 7일 02시,금요일,대전광역시 대덕구 오정동,중상사고,0,1,0,0,차대차 - 측면직각충돌,직진우회전진행방해,건조,맑음,교차로 - 교차로안,승용,남,65세,상해없음,이륜,남,54세,중상
2015080700100064,2015년 8월 7일 04시,금요일,대전광역시 유성구 봉명동,경상사고,0,0,1,0,차대차 - 추돌 - 주정차중,안전운전불이행,건조,맑음,교차로 - 교차로안,승용,남,34세,상해없음,승용,남,36세,경상
2015080700100065,2015년 8월 7일 04시,금요일,대전광역시 유성구 원신흥동,경상사고,0,0,1,0,차대차 - 측면직각충돌,신호위반,건조,맑음,교차로 - 교차로안,승용,남,57세,상해없음,승용,남,67세,경상
2015080700100153,2015년 8월 7일 08시,금요일,대전광역시 동구 성남동,경상사고,0,0,3,0,차대차 - 기타,안전거리미확보,건조,맑음,교차로 - 교차로부근,건설기계,남,47세,상해없음,승용,남,71세,경상
2015080700100154,2015년 8월 7일 08시,금요일,대전광역시 대덕구 오정동,중상사고,0,1,4,0,차대차 - 추돌 - 주정차중,안전운전불이행,건조,맑음,교차로 - 교차로안,승용,남,69세,상해없음,이륜,남,61세,중상
2015080700100188,2015년 8월 7일 09시,금요일,대전광역시 중구 선화동,경상사고,0,0,1,0,차대차 - 추돌 - 주정차중,안전운전불이행,건조,맑음,단일로 - 기타,승용,남,57세,기타불명,이륜,남,51세,경상
2015080700100189,2015년 8월 7일 09시,금요일,대전광역시 동구 중동,중상사고,0,1,0,0,차대차 - 추돌 - 주정차중,안전운전불이행,건조,맑음,단일로 - 기타,승용,남,55세,상해없음,승용,여,56세,중상
2015080700100282,2015년 8월 7일 12시,금요일,대전광역시 서구 월평동,경상사고,0,0,1,0,차량단독 - 기타,기타,건조,맑음,단일로 - 기타,승합,남,31세,상해없음,,,,
2015080700100311,2015년 8월 7일 13시,금요일,대전광역시 서구 관저동,경상사고,0,0,1,0,차대차 - 추돌 - 주정차중,안전운전불이행,건조,맑음,단일로 - 기타,화물,남,54세,상해없음,이륜,남,18세,경상
2015080700100343,2015년 8월 7일 14시,금요일,대전광역시 대덕구 신탄진동,사망사고,1,0,0,0,차대사람 - 기타,안전운전불이행,건조,맑음,단일로 - 횡단보도상,화물,남,54세,상해없음,보행자,여,79세,사망
2015080700100344,2015년 8월 7일 14시,금요일,대전광역시 서구 둔산동,경상사고,0,0,1,0,차대차 - 측면직각충돌,신호위반,건조,맑음,교차로 - 교차로안,이륜,남,22세,상해없음,승용,남,58세,경상
2015080700100455,2015년 8월 7일 17시,금요일,대전광역시 동구 용전동,경상사고,0,0,1,0,차대차 - 추돌 - 진행중,안전운전불이행,건조,맑음,교차로 - 교차로부근,이륜,남,31세,상해없음,승용,남,58세,경상
2015080700100504,2015년 8월 7일 18시,금요일,대전광역시 대덕구 오정동,중상사고,0,1,0,0,차대사람 - 기타,기타,건조,맑음,미분류 - 미분류,승용,남,63세,상해없음,보행자,여,66세,중상
2015080700100505,2015년 8월 7일 18시,금요일,대전광역시 대덕구 중리동,경상사고,0,0,2,0,차대차 - 추돌 - 진행중,안전거리미확보,건조,맑음,교차로 - 교차로부근,승용,남,53세,상해없음,화물,남,42세,경상
2015080700100566,2015년 8월 7일 20시,금요일,대전광역시 서구 용문동,중상사고,0,1,0,0,차대차 - 추돌 - 진행중,안전운전불이행,건조,맑음,기타 - 기타,승용,남,29세,상해없음,이륜,남,52세,중상
2015080700100567,2015년 8월 7일 20시,금요일,대전광역시 서구 관저동,경상사고,0,0,1,0,차대차 - 측면직각충돌,안전운전불이행,건조,맑음,교차로 - 교차로부근,승용,남,49세,상해없음,이륜,남,41세,경상
2015080700100568,2015년 8월 7일 20시,금요일,대전광역시 유성구 도룡동,경상사고,0,0,4,0,차대차 - 측면직각충돌,신호위반,건조,맑음,교차로 - 교차로안,승용,남,32세,상해없음,승용,남,65세,경상
2015080700100610,2015년 8월 7일 21시,금요일,대전광역시 중구 태평동,경상사고,0,0,1,0,차대차 - 측면직각충돌,신호위반,건조,맑음,단일로 - 횡단보도상,승용,여,51세,상해없음,자전거,남,45세,경상
2015080700100611,2015년 8월 7일 21시,금요일,대전광역시 대덕구 송촌동,부상신고사고,0,0,0,6,차대차 - 정면충돌,중앙선침범,건조,맑음,교차로 - 교차로부근,승용,남,19세,기타불명,승용,남,44세,부상신고
2015080700100639,2015년 8월 7일 22시,금요일,대전광역시 유성구 학하동,경상사고,0,0,1,0,차대차 - 기타,안전운전불이행,건조,맑음,단일로 - 기타,승용,여,35세,상해없음,승용,여,59세,경상
2015080800100072,2015년 8월 8일 03시,토요일,대전광역시 동구 효동,경상사고,0,0,2,0,차대차 - 추돌 - 주정차중,안전운전불이행,건조,맑음,교차로 - 교차로부근,승용,남,23세,기타불명,승용,여,24세,경상
2015080800100073,2015년 8월 8일 03시,토요일,대전광역시 대덕구 법동,경상사고,0,0,1,0,차대차 - 추돌 - 진행중,안전운전불이행,건조,맑음,교차로 - 교차로안,승용,남,58세,상해없음,승용,남,52세,경상
2015080800100074,2015년 8월 8일 03시,토요일,대전광역시 서구 둔산동,경상사고,0,0,1,0,차대사람 - 기타,안전운전불이행,건조,맑음,단일로 - 기타,승용,남,46세,상해없음,보행자,남,18세,경상
2015080800100143,2015년 8월 8일 07시,토요일,대전광역시 중구 오류동,경상사고,0,0,3,0,차대차 - 측면직각충돌,신호위반,건조,맑음,교차로 - 교차로안,화물,남,61세,상해없음,승용,여,39세,경상
2015080800100218,2015년 8월 8일 10시,토요일,대전광역시 유성구 원내동,경상사고,0,0,1,0,차대사람 - 횡단중,안전운전불이행,건조,맑음,교차로 - 교차로안,승용,여,62세,상해없음,보행자,남,57세,경상
2015080800100219,2015년 8월 8일 10시,토요일,대전광역시 서구 월평동,경상사고,0,0,1,0,차대차 - 추돌 - 진행중,안전운전불이행,건조,맑음,단일로 - 기타,승용,남,58세,상해없음,승용,남,43세,상해없음
2015080800100220,2015년 8월 8일 10시,토요일,대전광역시 유성구 궁동,경상사고,0,0,1,0,차대차 - 기타,안전운전불이행,건조,맑음,단일로 - 기타,화물,남,32세,상해없음,원동기,남,21세,경상
2015080800100263,2015년 8월 8일 11시,토요일,대전광역시 중구 선화동,경상사고,0,0,1,0,차대차 - 측면직각충돌,차로위반,건조,맑음,교차로 - 교차로부근,화물,남,48세,상해없음,승용,남,42세,경상
2015080800100264,2015년 8월 8일 11시,토요일,대전광역시 동구 용전동,사망사고,1,0,0,0,차대차 - 측면직각충돌,안전운전불이행,건조,맑음,교차로 - 교차로안,원동기,남,59세,사망,승용,남,33세,상해없음
2015080800100265,2015년 8월 8일 11시,토요일,대전광역시 대덕구 신탄진동,경상사고,0,0,1,0,차대차 - 추돌 - 진행중,중앙선침범,건조,맑음,단일로 - 기타,승용,남,47세,상해없음,승용,여,33세,경상
2015080800100294,2015년 8월 8일 12시,토요일,대전광역시 동구 용전동,경상사고,0,0,2,0,차대차 - 측면직각충돌,교차로운행방법위반,건조,맑음,교차로 - 교차로안,승합,여,43세,상해없음,승용,남,54세,경상
2015080800100295,2015년 8월 8일 12시,토요일,대전광역시 대덕구 송촌동,부상신고사고,0,0,0,1,차대차 - 기타,직진우회전진행방해,건조,맑음,교차로 - 교차로안,승용,여,47세,상해없음,원동기,남,28세,부상신고
2015080800100296,2015년 8월 8일 12시,토요일,대전광역시 서구 탄방동,중상사고,0,1,0,0,차대차 - 추돌 - 진행중,안전거리미확보,건조,맑음,교차로 - 교차로부근,이륜,남,47세,상해없음,승용,남,31세,상해없음
2015080800100337,2015년 8월 8일 13시,토요일,대전광역시 대덕구 상서동,경상사고,0,0,2,0,차대차 - 추돌 - 진행중,차로위반,건조,맑음,단일로 - 기타,승합,남,68세,상해없음,승용,여,43세,경상
2015080800100371,2015년 8월 8일 14시,토요일,대전광역시 유성구 용계동,경상사고,0,0,2,0,차대차 - 측면직각충돌,중앙선침범,습기,비,단일로 - 기타,승용,남,34세,상해없음,승용,남,46세,경상
2015080800100418,2015년 8월 8일 15시,토요일,대전광역시 중구 안영동,중상사고,0,1,8,0,차대차 - 측면직각충돌,안전운전불이행,건조,맑음,교차로 - 교차로안,승용,남,73세,상해없음,승용,남,60세,경상
2015080800100419,2015년 8월 8일 15시,토요일,대전광역시 서구 괴곡동,경상사고,0,0,1,0,차대차 - 추돌 - 주정차중,안전운전불이행,습기,비,기타 - 기타,승용,남,31세,상해없음,승용,여,52세,경상
2015080800100456,2015년 8월 8일 16시,토요일,대전광역시 서구 장안동,중상사고,0,1,0,0,차대차 - 추돌 - 진행중,안전운전불이행,습기,흐림,단일로 - 기타,이륜,남,69세,중상,승용,남,27세,상해없음
2015080800100550,2015년 8월 8일 18시,토요일,대전광역시 서구 만년동,중상사고,0,1,0,0,차량단독 - 기타,안전운전불이행,건조,맑음,단일로 - 기타,자전거,남,86세,중상,,,,
2015080800100675,2015년 8월 8일 22시,토요일,대전광역시 동구 성남동,경상사고,0,0,1,0,차대차 - 측면직각충돌,안전거리미확보,건조,맑음,단일로 - 기타,승용,기타불명,기타불명,기타불명,승합,남,46세,상해없음
2015080800100676,2015년 8월 8일 22시,토요일,대전광역시 동구 천동,경상사고,0,0,1,0,차대차 - 측면직각충돌,안전운전불이행,건조,맑음,단일로 - 기타,승용,여,35세,상해없음,이륜,남,48세,경상
2015080800100677,2015년 8월 8일 22시,토요일,대전광역시 대덕구 송촌동,경상사고,0,0,1,0,차대사람 - 기타,안전운전불이행,건조,맑음,교차로 - 교차로안,승용,남,63세,상해없음,보행자,남,29세,경상
2015080900100016,2015년 8월 9일 00시,일요일,대전광역시 유성구 어은동,경상사고,0,0,3,0,차대차 - 기타,안전운전불이행,건조,맑음,교차로 - 교차로안,승용,남,57세,상해없음,승용,남,47세,경상
2015080900100050,2015년 8월 9일 02시,일요일,대전광역시 동구 용전동,부상신고사고,0,0,0,1,차대차 - 추돌 - 진행중,중앙선침범,건조,맑음,단일로 - 기타,승용,남,24세,상해없음,승용,남,48세,부상신고
2015080900100051,2015년 8월 9일 02시,일요일,대전광역시 서구 둔산동,경상사고,0,0,1,0,차대차 - 추돌 - 진행중,안전운전불이행,건조,맑음,교차로 - 교차로부근,승용,남,30세,상해없음,승용,남,58세,경상
2015080900100081,2015년 8월 9일 05시,일요일,대전광역시 대덕구 중리동,중상사고,0,1,0,0,차대사람 - 기타,안전운전불이행,건조,맑음,기타 - 기타,승용,여,48세,상해없음,보행자,남,39세,중상
2015080900100157,2015년 8월 9일 10시,일요일,대전광역시 중구 은행동,중상사고,0,1,2,0,차대차 - 측면직각충돌,신호위반,건조,맑음,교차로 - 교차로안,승합,남,77세,상해없음,승합,남,46세,경상
2015080900100230,2015년 8월 9일 13시,일요일,대전광역시 유성구 용계동,중상사고,0,3,0,0,차대차 - 측면직각충돌,신호위반,건조,맑음,교차로 - 교차로안,승용,남,43세,중상,승용,남,68세,중상
2015080900100308,2015년 8월 9일 16시,일요일,대전광역시 서구 월평동,경상사고,0,0,1,0,차대사람 - 기타,안전운전불이행,건조,맑음,교차로 - 교차로안,승용,여,26세,상해없음,보행자,여,56세,경상
2015080900100369,2015년 8월 9일 18시,일요일,대전광역시 서구 관저동,경상사고,0,0,1,0,차대차 - 추돌 - 주정차중,안전운전불이행,건조,맑음,단일로 - 기타,승용,남,39세,상해없음,승용,남,31세,경상
2015080900100370,2015년 8월 9일 18시,일요일,대전광역시 대덕구 중리동,경상사고,0,0,1,0,차대차 - 추돌 - 주정차중,차로위반,건조,맑음,교차로 - 교차로부근,승용,여,57세,상해없음,승용,남,60세,경상
2015080900100371,2015년 8월 9일 18시,일요일,대전광역시 유성구 가정동,중상사고,0,1,1,0,차대차 - 측면직각충돌,신호위반,건조,맑음,교차로 - 교차로안,승용,남,58세,상해없음,승합,남,30세,경상
2015080900100372,2015년 8월 9일 18시,일요일,대전광역시 유성구 복용동,경상사고,0,0,1,0,차대차 - 측면직각충돌,신호위반,건조,맑음,교차로 - 교차로안,기타불명,기타불명,기타불명,기타불명,이륜,남,44세,경상
2015080900100407,2015년 8월 9일 19시,일요일,대전광역시 중구 대사동,중상사고,0,1,1,0,차대차 - 추돌 - 진행중,차로위반,건조,맑음,단일로 - 기타,승용,남,25세,상해없음,승용,남,48세,경상
2015080900100441,2015년 8월 9일 20시,일요일,대전광역시 서구 도마동,중상사고,0,1,2,0,차대차 - 추돌 - 진행중,안전거리미확보,건조,맑음,단일로 - 기타,승용,남,34세,상해없음,승용,남,26세,경상
2015080900100442,2015년 8월 9일 20시,일요일,대전광역시 서구 월평동,경상사고,0,0,1,0,차대사람 - 횡단중,보행자보호의무위반,건조,맑음,교차로 - 교차로부근,승용,남,44세,상해없음,보행자,여,46세,경상
2015080900100490,2015년 8월 9일 22시,일요일,대전광역시 중구 산성동,사망사고,1,0,0,0,차대차 - 기타,안전운전불이행,건조,맑음,단일로 - 기타,승용,여,71세,상해없음,자전거,남,82세,사망
2015081000100027,2015년 8월 10일 02시,월요일,대전광역시 유성구 구성동,중상사고,0,1,0,0,차량단독 - 공작물충돌,안전운전불이행,건조,맑음,단일로 - 기타,승용,남,26세,상해없음,,,,
2015081000100048,2015년 8월 10일 04시,월요일,대전광역시 유성구 학하동,중상사고,0,1,0,0,차대차 - 측면직각충돌,신호위반,건조,맑음,교차로 - 교차로안,승용,남,56세,상해없음,승용,남,39세,중상
2015081000100121,2015년 8월 10일 08시,월요일,대전광역시 서구 변동,경상사고,0,0,1,0,차대사람 - 횡단중,보행자보호의무위반,건조,맑음,교차로 - 교차로안,승용,여,32세,상해없음,보행자,여,22세,경상
2015081000100149,2015년 8월 10일 09시,월요일,대전광역시 중구 부사동,중상사고,0,1,0,0,차대차 - 추돌 - 진행중,안전거리미확보,건조,맑음,교차로 - 교차로안,승용,여,43세,상해없음,승용,남,72세,중상
2015081000100184,2015년 8월 10일 10시,월요일,대전광역시 중구 문화동,경상사고,0,0,1,0,차대차 - 측면직각충돌,안전운전불이행,건조,맑음,교차로 - 교차로안,자전거,남,68세,경상,승용,여,38세,상해없음
2015081000100221,2015년 8월 10일 11시,월요일,대전광역시 서구 월평동,중상사고,0,1,0,0,차대차 - 추돌 - 진행중,안전운전불이행,건조,맑음,교차로 - 교차로안,승용,여,32세,기타불명,승용,남,30세,중상
2015081000100299,2015년 8월 10일 13시,월요일,대전광역시 유성구 원신흥동,경상사고,0,0,1,0,차대차 - 측면직각충돌,신호위반,건조,맑음,교차로 - 교차로안,승용,여,59세,상해없음,승용,남,35세,경상
2015081000100340,2015년 8월 10일 14시,월요일,대전광역시 중구 목동,경상사고,0,0,1,0,차대사람 - 보도통행중,기타,건조,흐림,교차로 - 교차로부근,승용,남,52세,상해없음,보행자,여,43세,경상
2015081000100341,2015년 8월 10일 14시,월요일,대전광역시 중구 부사동,경상사고,0,0,1,0,차대차 - 측면직각충돌,안전운전불이행,건조,맑음,교차로 - 교차로안,원동기,남,18세,경상,화물,남,26세,상해없음
2015081000100342,2015년 8월 10일 14시,월요일,대전광역시 유성구 봉명동,중상사고,0,1,0,0,차대차 - 측면직각충돌,신호위반,건조,맑음,교차로 - 교차로안,승용,남,27세,상해없음,원동기,남,26세,중상
2015081000100460,2015년 8월 10일 17시,월요일,대전광역시 유성구 지족동,경상사고,0,0,3,1,차대차 - 측면직각충돌,안전운전불이행,건조,맑음,단일로 - 기타,승용,여,33세,상해없음,승합,남,36세,경상
2015081000100508,2015년 8월 10일 18시,월요일,대전광역시 중구 유천동,중상사고,0,2,2,0,차대사람 - 기타,안전운전불이행,건조,맑음,교차로 - 교차로부근,승용,남,35세,경상,보행자,여,53세,중상
2015081000100509,2015년 8월 10일 18시,월요일,대전광역시 유성구 구성동,경상사고,0,0,1,0,차대차 - 기타,안전운전불이행,건조,맑음,교차로 - 교차로부근,원동기,남,22세,상해없음,자전거,여,28세,경상
2015081000100510,2015년 8월 10일 18시,월요일,대전광역시 유성구 봉명동,경상사고,0,0,1,0,차대사람 - 기타,안전운전불이행,건조,맑음,단일로 - 기타,원동기,남,34세,상해없음,보행자,남,64세,경상
2015081000100551,2015년 8월 10일 19시,월요일,대전광역시 중구 침산동,중상사고,0,1,0,0,차대사람 - 차도통행중,안전운전불이행,건조,맑음,단일로 - 기타,승용,남,43세,상해없음,보행자,여,73세,중상
2015081000100552,2015년 8월 10일 19시,월요일,대전광역시 중구 문화동,경상사고,0,0,1,0,차대차 - 추돌 - 주정차중,안전운전불이행,건조,맑음,교차로 - 교차로부근,승용,남,53세,상해없음,승용,남,39세,경상
2015081000100615,2015년 8월 10일 21시,월요일,대전광역시 유성구 도룡동,경상사고,0,0,2,0,차대차 - 추돌 - 진행중,안전운전불이행,건조,맑음,교차로 - 교차로부근,승용,남,52세,상해없음,승용,남,44세,경상
2015081000100616,2015년 8월 10일 21시,월요일,대전광역시 유성구 학하동,중상사고,0,3,0,0,차대차 - 추돌 - 진행중,안전운전불이행,건조,맑음,단일로 - 기타,승용,남,55세,상해없음,화물,남,73세,중상
2015081000100649,2015년 8월 10일 22시,월요일,대전광역시 유성구 관평동,중상사고,0,1,0,0,차대사람 - 기타,안전운전불이행,건조,맑음,단일로 - 기타,승용,남,44세,상해없음,보행자,남,45세,중상
2015081000100675,2015년 8월 10일 23시,월요일,대전광역시 중구 유천동,중상사고,0,1,1,0,차대차 - 측면직각충돌,안전운전불이행,건조,맑음,단일로 - 기타,승용,남,51세,상해없음,승용,남,61세,중상
2015081000100676,2015년 8월 10일 23시,월요일,대전광역시 중구 문화동,경상사고,0,0,1,0,차대차 - 기타,안전운전불이행,건조,맑음,단일로 - 기타,승용,남,28세,상해없음,승용,여,52세,경상
2015081100100069,2015년 8월 11일 05시,화요일,대전광역시 서구 둔산동,중상사고,0,1,0,0,차대차 - 측면직각충돌,교차로운행방법위반,건조,맑음,교차로 - 교차로안,승용,남,20세,상해없음,승합,남,65세,중상
2015081100100081,2015년 8월 11일 06시,화요일,대전광역시 유성구 구암동,경상사고,0,0,1,0,차대차 - 기타,신호위반,건조,맑음,단일로 - 횡단보도상,화물,남,33세,상해없음,자전거,남,11세,경상
2015081100100100,2015년 8월 11일 07시,화요일,대전광역시 유성구 봉명동,경상사고,0,0,1,0,차대차 - 추돌 - 진행중,안전거리미확보,건조,맑음,교차로 - 교차로안,승합,남,38세,상해없음,승용,여,31세,경상
2015081100100140,2015년 8월 11일 08시,화요일,대전광역시 유성구 원내동,경상사고,0,0,3,0,차대차 - 측면직각충돌,교차로운행방법위반,건조,맑음,교차로 - 교차로안,승용,여,43세,경상,승용,남,24세,경상
2015081100100200,2015년 8월 11일 10시,화요일,대전광역시 중구 대흥동,중상사고,0,1,2,0,차대차 - 기타,중앙선침범,건조,맑음,교차로 - 교차로부근,승용,남,26세,상해없음,승용,여,54세,경상
2015081100100201,2015년 8월 11일 10시,화요일,대전광역시 중구 유천동,부상신고사고,0,0,0,1,차대사람 - 기타,교차로운행방법위반,건조,맑음,교차로 - 교차로부근,승용,여,37세,상해없음,보행자,여,34세,부상신고
2015081100100304,2015년 8월 11일 13시,화요일,대전광역시 중구 목동,경상사고,0,0,1,0,차대차 - 기타,기타,건조,맑음,단일로 - 기타,승용,남,44세,상해없음,자전거,남,13세,경상
2015081100100305,2015년 8월 11일 13시,화요일,대전광역시 동구 하소동,중상사고,0,4,0,0,차대차 - 측면직각충돌,교차로운행방법위반,건조,맑음,교차로 - 교차로안,특수,남,49세,상해없음,승용,남,76세,중상
2015081100100417,2015년 8월 11일 16시,화요일,대전광역시 서구 도마동,경상사고,0,0,4,0,차대차 - 측면직각충돌,안전운전불이행,건조,맑음,단일로 - 기타,승용,남,29세,상해없음,승용,여,35세,경상
2015081100100418,2015년 8월 11일 16시,화요일,대전광역시 대덕구 중리동,경상사고,0,0,1,0,차대차 - 기타,교차로운행방법위반,건조,맑음,교차로 - 교차로안,승용,여,53세,상해없음,승용,남,28세,상해없음
2015081100100503,2015년 8월 11일 18시,화요일,대전광역시 대덕구 상서동,경상사고,0,0,1,0,차대차 - 기타,중앙선침범,건조,맑음,단일로 - 기타,승용,남,39세,상해없음,승용,남,51세,경상
2015081100100544,2015년 8월 11일 19시,화요일,대전광역시 중구 태평동,중상사고,0,1,0,0,차대사람 - 보도통행중,안전운전불이행,건조,맑음,단일로 - 기타,승용,남,63세,상해없음,보행자,여,13세,중상
2015081100100545,2015년 8월 11일 19시,화요일,대전광역시 서구 도마동,경상사고,0,0,1,0,차대차 - 정면충돌,중앙선침범,건조,맑음,교차로 - 교차로부근,자전거,남,24세,경상,승용,여,27세,상해없음
2015081100100590,2015년 8월 11일 20시,화요일,대전광역시 중구 태평동,경상사고,0,0,1,0,차대차 - 추돌 - 주정차중,안전거리미확보,건조,맑음,단일로 - 횡단보도부근,승용,남,50세,상해없음,화물,남,33세,상해없음
2015081100100591,2015년 8월 11일 20시,화요일,대전광역시 동구 판암동,중상사고,0,2,0,0,차대차 - 측면직각충돌,안전거리미확보,건조,맑음,단일로 - 기타,승용,남,52세,상해없음,화물,남,44세,중상
2015081100100637,2015년 8월 11일 21시,화요일,대전광역시 대덕구 대화동,경상사고,0,0,1,0,차대사람 - 기타,안전운전불이행,건조,맑음,기타 - 기타,자전거,남,44세,상해없음,보행자,남,48세,경상
2015081100100717,2015년 8월 11일 23시,화요일,대전광역시 중구 석교동,중상사고,0,1,5,0,차대차 - 추돌 - 진행중,안전운전불이행,건조,맑음,교차로 - 교차로부근,승용,여,36세,상해없음,승용,남,27세,중상
2015081200100106,2015년 8월 12일 07시,수요일,대전광역시 서구 만년동,경상사고,0,0,1,0,차대차 - 정면충돌,중앙선침범,건조,맑음,단일로 - 교량,승용,남,29세,상해없음,승용,여,45세,경상
2015081200100232,2015년 8월 12일 11시,수요일,대전광역시 대덕구 비래동,경상사고,0,0,1,0,차대차 - 추돌 - 진행중,안전거리미확보,건조,맑음,단일로 - 기타,승용,남,60세,상해없음,승용,여,34세,경상
2015081200100266,2015년 8월 12일 12시,수요일,대전광역시 중구 목동,경상사고,0,0,1,0,차대차 - 기타,안전운전불이행,건조,맑음,단일로 - 기타,이륜,남,45세,상해없음,자전거,남,15세,경상
2015081200100365,2015년 8월 12일 15시,수요일,대전광역시 유성구 봉명동,경상사고,0,0,2,0,차대차 - 측면직각충돌,안전운전불이행,건조,맑음,교차로 - 교차로안,승용,여,54세,상해없음,승용,남,25세,경상
2015081200100366,2015년 8월 12일 15시,수요일,대전광역시 서구 용문동,경상사고,0,0,1,0,차대차 - 기타,안전운전불이행,건조,맑음,단일로 - 기타,승용,남,33세,상해없음,승용,남,27세,경상
2015081200100367,2015년 8월 12일 15시,수요일,대전광역시 유성구 탑립동,경상사고,0,0,1,0,차대사람 - 기타,안전운전불이행,건조,맑음,단일로 - 기타,자전거,남,37세,상해없음,보행자,남,68세,경상