사고번호,사고일시,요일,시군구,사고내용,사망자수,중상자수,경상자수,부상신고자수,사고유형,법규위반,노면상태,기상상태,도로형태,가해운전자 차종,가해운전자 성별,가해운전자 연령,가해운전자 상해정도,피해운전자 차종,피해운전자 성별,피해운전자 연령,피해운전자 상해정도
2015081200100446,2015년 8월 12일 17시,수요일,대전광역시 중구 사정동,경상사고,0,0,1,0,차대차 - 기타,안전운전불이행,건조,맑음,단일로 - 기타,승용,남,65세,상해없음,화물,남,31세,경상
2015081200100447,2015년 8월 12일 17시,수요일,대전광역시 대덕구 중리동,경상사고,0,0,1,0,차대차 - 추돌 - 진행중,안전운전불이행,건조,맑음,단일로 - 기타,화물,남,51세,상해없음,원동기,남,33세,경상
2015081200100448,2015년 8월 12일 17시,수요일,대전광역시 서구 둔산동,경상사고,0,0,1,0,차대차 - 측면직각충돌,안전운전불이행,건조,맑음,교차로 - 교차로부근,승용,남,62세,상해없음,이륜,남,24세,경상
2015081200100493,2015년 8월 12일 18시,수요일,대전광역시 중구 대흥동,경상사고,0,0,1,0,차대차 - 기타,중앙선침범,건조,맑음,단일로 - 기타,승용,남,43세,상해없음,승용,남,31세,경상
2015081200100494,2015년 8월 12일 18시,수요일,대전광역시 서구 둔산동,경상사고,0,0,1,0,차대차 - 측면직각충돌,신호위반,건조,맑음,교차로 - 교차로안,승용,남,78세,상해없음,승용,남,25세,경상
2015081200100528,2015년 8월 12일 19시,수요일,대전광역시 서구 둔산동,중상사고,0,1,0,0,차대차 - 추돌 - 진행중,안전운전불이행,건조,맑음,교차로 - 교차로부근,승합,남,56세,상해없음,승용,여,50세,중상
2015081200100631,2015년 8월 12일 22시,수요일,대전광역시 중구 부사동,경상사고,0,0,1,0,차대차 - 추돌 - 주정차중,안전거리미확보,건조,맑음,단일로 - 기타,승용,남,28세,상해없음,승합,남,47세,상해없음
2015081200100632,2015년 8월 12일 22시,수요일,대전광역시 서구 관저동,경상사고,0,0,1,0,차대차 - 기타,신호위반,건조,맑음,교차로 - 교차로안,승용,남,22세,상해없음,승용,남,66세,경상
2015081300100042,2015년 8월 13일 01시,목요일,대전광역시 동구 소제동,중상사고,0,1,0,0,차대사람 - 차도통행중,안전운전불이행,건조,흐림,단일로 - 기타,승용,남,29세,상해없음,보행자,여,54세,중상
2015081300100061,2015년 8월 13일 03시,목요일,대전광역시 중구 대흥동,경상사고,0,0,1,0,차대차 - 측면직각충돌,신호위반,건조,맑음,교차로 - 교차로안,승용,남,23세,상해없음,화물,남,76세,경상
2015081300100078,2015년 8월 13일 05시,목요일,대전광역시 동구 삼성동,중상사고,0,1,0,0,차대사람 - 차도통행중,안전운전불이행,건조,맑음,단일로 - 기타,승합,남,44세,상해없음,보행자,여,79세,중상
2015081300100089,2015년 8월 13일 06시,목요일,대전광역시 유성구 봉명동,중상사고,0,1,2,0,차대차 - 측면직각충돌,차로위반,건조,맑음,교차로 - 교차로부근,승용,남,28세,상해없음,승용,남,60세,경상
2015081300100113,2015년 8월 13일 07시,목요일,대전광역시 서구 월평동,경상사고,0,0,1,0,차대차 - 기타,안전운전불이행,건조,맑음,교차로 - 교차로안,승용,남,64세,상해없음,자전거,남,24세,경상
2015081300100149,2015년 8월 13일 08시,목요일,대전광역시 대덕구 오정동,경상사고,0,0,1,0,차대차 - 측면직각충돌,차로위반,건조,맑음,단일로 - 기타,승용,남,68세,상해없음,승용,남,24세,경상
2015081300100150,2015년 8월 13일 08시,목요일,대전광역시 대덕구 덕암동,경상사고,0,0,1,0,차대차 - 추돌 - 주정차중,중앙선침범,건조,맑음,교차로 - 교차로부근,승용,남,32세,상해없음,화물,남,40세,경상
2015081300100237,2015년 8월 13일 11시,목요일,대전광역시 중구 오류동,중상사고,0,1,0,0,차대사람 - 기타,안전운전불이행,건조,맑음,단일로 - 기타,승용,남,41세,상해없음,보행자,여,74세,중상
2015081300100276,2015년 8월 13일 12시,목요일,대전광역시 중구 대흥동,경상사고,0,0,1,0,차대차 - 기타,안전운전불이행,건조,맑음,단일로 - 기타,승용,여,32세,상해없음,자전거,남,7세,경상
2015081300100277,2015년 8월 13일 12시,목요일,대전광역시 중구 유천동,경상사고,0,0,1,0,차대사람 - 길가장자리구역통행중,안전운전불이행,건조,맑음,교차로 - 교차로안,승용,남,81세,상해없음,보행자,남,28세,경상
2015081300100307,2015년 8월 13일 13시,목요일,대전광역시 중구 산성동,경상사고,0,0,2,0,차대차 - 추돌 - 주정차중,안전운전불이행,건조,맑음,단일로 - 기타,승용,여,60세,상해없음,승용,여,42세,경상
2015081300100308,2015년 8월 13일 13시,목요일,대전광역시 서구 내동,경상사고,0,0,1,0,차대사람 - 횡단중,보행자보호의무위반,건조,맑음,교차로 - 교차로안,승용,남,29세,상해없음,보행자,남,7세,경상
2015081300100309,2015년 8월 13일 13시,목요일,대전광역시 유성구 봉명동,경상사고,0,0,3,0,차대차 - 측면직각충돌,신호위반,건조,맑음,교차로 - 교차로안,승용,여,58세,상해없음,승용,여,35세,경상
2015081300100331,2015년 8월 13일 14시,목요일,대전광역시 대덕구 송촌동,중상사고,0,1,0,0,차대차 - 측면직각충돌,안전운전불이행,건조,맑음,단일로 - 기타,승용,여,58세,상해없음,승용,남,47세,중상
2015081300100380,2015년 8월 13일 15시,목요일,대전광역시 중구 대사동,경상사고,0,0,2,0,차대차 - 측면직각충돌,중앙선침범,건조,맑음,단일로 - 기타,화물,남,58세,상해없음,승용,여,36세,경상
2015081300100381,2015년 8월 13일 15시,목요일,대전광역시 대덕구 신탄진동,경상사고,0,0,1,0,차대차 - 추돌 - 주정차중,안전거리미확보,건조,맑음,교차로 - 교차로안,승용,남,48세,상해없음,승용,남,52세,경상
2015081300100416,2015년 8월 13일 16시,목요일,대전광역시 유성구 교촌동,사망사고,1,0,0,0,차대차 - 측면직각충돌,신호위반,건조,맑음,교차로 - 교차로부근,승용,남,65세,상해없음,자전거,여,8세,사망
2015081300100460,2015년 8월 13일 17시,목요일,대전광역시 중구 중촌동,중상사고,0,1,0,0,차대차 - 추돌 - 진행중,안전운전불이행,건조,맑음,단일로 - 기타,승용,남,63세,상해없음,원동기,여,58세,중상
2015081300100556,2015년 8월 13일 19시,목요일,대전광역시 동구 삼성동,경상사고,0,0,3,0,차대차 - 기타,안전운전불이행,건조,맑음,교차로 - 교차로부근,화물,남,65세,상해없음,승용,남,31세,경상
2015081300100557,2015년 8월 13일 19시,목요일,대전광역시 서구 만년동,중상사고,0,1,0,0,차대차 - 기타,안전운전불이행,건조,맑음,단일로 - 기타,자전거,남,15세,상해없음,자전거,남,25세,중상
2015081300100597,2015년 8월 13일 20시,목요일,대전광역시 서구 관저동,경상사고,0,0,1,0,차대사람 - 기타,안전운전불이행,건조,맑음,단일로 - 기타,원동기,기타불명,기타불명,기타불명,보행자,남,62세,경상
2015081300100598,2015년 8월 13일 20시,목요일,대전광역시 대덕구 와동,중상사고,0,1,0,0,차대차 - 기타,신호위반,건조,맑음,교차로 - 교차로안,승용,남,61세,상해없음,원동기,남,38세,중상
2015081300100635,2015년 8월 13일 21시,목요일,대전광역시 서구 월평동,경상사고,0,0,3,0,차대차 - 기타,안전거리미확보,건조,맑음,단일로 - 기타,승용,남,23세,상해없음,승용,여,28세,경상
2015081300100666,2015년 8월 13일 22시,목요일,대전광역시 서구 가수원동,경상사고,0,0,1,0,차대차 - 추돌 - 진행중,안전운전불이행,건조,맑음,단일로 - 기타,승용,남,54세,상해없음,승용,여,54세,경상
2015081300100667,2015년 8월 13일 22시,목요일,대전광역시 유성구 관평동,중상사고,0,1,0,0,차대사람 - 횡단중,보행자보호의무위반,건조,맑음,교차로 - 교차로안,승용,남,50세,상해없음,보행자,여,12세,중상
2015081300100704,2015년 8월 13일 23시,목요일,대전광역시 중구 오류동,경상사고,0,0,3,0,차대차 - 측면직각충돌,안전운전불이행,건조,맑음,단일로 - 기타,승용,여,48세,경상,승용,남,41세,경상
2015081400100044,2015년 8월 14일 01시,금요일,대전광역시 중구 태평동,경상사고,0,0,2,0,차대차 - 기타,안전운전불이행,건조,맑음,단일로 - 기타,승용,남,59세,상해없음,원동기,남,21세,경상
2015081400100045,2015년 8월 14일 01시,금요일,대전광역시 중구 목동,경상사고,0,0,2,0,차대차 - 추돌 - 진행중,안전거리미확보,건조,맑음,단일로 - 횡단보도부근,화물,남,45세,상해없음,승용,남,48세,경상
2015081400100046,2015년 8월 14일 01시,금요일,대전광역시 중구 문화동,경상사고,0,0,2,0,차대차 - 측면직각충돌,신호위반,건조,맑음,교차로 - 교차로안,승용,남,54세,상해없음,승용,남,68세,경상
2015081400100154,2015년 8월 14일 08시,금요일,대전광역시 동구 용전동,경상사고,0,0,1,0,차대사람 - 기타,안전운전불이행,건조,맑음,교차로 - 교차로안,승용,남,74세,상해없음,보행자,남,47세,경상
2015081400100155,2015년 8월 14일 08시,금요일,대전광역시 동구 판암동,경상사고,0,0,1,0,차량단독 - 기타,안전운전불이행,건조,맑음,교차로 - 교차로부근,승합,남,52세,상해없음,,,,
2015081400100216,2015년 8월 14일 10시,금요일,대전광역시 중구 문화동,중상사고,0,1,0,0,차대사람 - 기타,안전운전불이행,건조,맑음,단일로 - 기타,화물,남,38세,상해없음,보행자,여,59세,중상
2015081400100248,2015년 8월 14일 11시,금요일,대전광역시 서구 도마동,경상사고,0,0,1,0,차대차 - 측면직각충돌,신호위반,건조,맑음,교차로 - 교차로안,이륜,남,70세,상해없음,승용,여,37세,상해없음
2015081400100249,2015년 8월 14일 11시,금요일,대전광역시 대덕구 와동,경상사고,0,0,4,0,차대차 - 측면직각충돌,안전운전불이행,건조,맑음,단일로 - 교량,화물,여,45세,상해없음,승용,남,52세,경상
2015081400100335,2015년 8월 14일 13시,금요일,대전광역시 동구 삼성동,경상사고,0,0,1,0,차대차 - 추돌 - 진행중,안전운전불이행,건조,맑음,단일로 - 기타,승합,남,56세,상해없음,승용,여,59세,경상
2015081400100367,2015년 8월 14일 14시,금요일,대전광역시 서구 도안동,중상사고,0,1,0,0,차대차 - 측면직각충돌,신호위반,건조,맑음,교차로 - 교차로부근,승합,남,53세,상해없음,원동기,남,64세,중상
2015081400100368,2015년 8월 14일 14시,금요일,대전광역시 유성구 지족동,경상사고,0,0,1,0,차대차 - 측면직각충돌,신호위반,건조,맑음,교차로 - 교차로안,승용,여,40세,상해없음,승용,여,51세,경상
2015081400100495,2015년 8월 14일 17시,금요일,대전광역시 유성구 장대동,경상사고,0,0,1,0,차대차 - 추돌 - 주정차중,안전운전불이행,건조,맑음,단일로 - 기타,승용,남,47세,기타불명,승합,남,51세,경상
2015081400100523,2015년 8월 14일 18시,금요일,대전광역시 대덕구 오정동,경상사고,0,0,1,0,차대차 - 기타,안전운전불이행,건조,맑음,교차로 - 교차로안,승용,여,48세,상해없음,화물,남,36세,경상
2015081400100636,2015년 8월 14일 21시,금요일,대전광역시 중구 대흥동,경상사고,0,0,1,0,차대차 - 추돌 - 주정차중,안전운전불이행,건조,맑음,단일로 - 기타,승용,남,52세,상해없음,자전거,여,31세,경상
2015081400100637,2015년 8월 14일 21시,금요일,대전광역시 서구 만년동,경상사고,0,0,1,0,차대차 - 측면직각충돌,신호위반,건조,맑음,교차로 - 교차로안,승용,남,32세,상해없음,승용,남,54세,경상
2015081500100028,2015년 8월 15일 00시,토요일,대전광역시 중구 유천동,중상사고,0,1,0,0,차대차 - 측면직각충돌,신호위반,건조,맑음,교차로 - 교차로안,승용,남,34세,상해없음,승용,남,48세,중상
2015081500100029,2015년 8월 15일 00시,토요일,대전광역시 서구 둔산동,경상사고,0,0,1,0,차대차 - 측면직각충돌,안전운전불이행,건조,맑음,교차로 - 교차로안,기타불명,기타불명,기타불명,기타불명,자전거,남,22세,경상
2015081500100043,2015년 8월 15일 01시,토요일,대전광역시 중구 태평동,경상사고,0,0,3,0,차대차 - 추돌 - 진행중,안전운전불이행,기타,기타,단일로 - 기타,승용,남,54세,상해없음,승용,남,31세,경상
2015081500100044,2015년 8월 15일 01시,토요일,대전광역시 대덕구 오정동,중상사고,0,1,1,0,차대차 - 추돌 - 주정차중,안전운전불이행,건조,맑음,교차로 - 교차로부근,화물,남,40세,상해없음,승용,남,44세,경상
2015081500100045,2015년 8월 15일 01시,토요일,대전광역시 서구 갈마동,경상사고,0,0,2,0,차대차 - 측면직각충돌,신호위반,건조,맑음,교차로 - 교차로안,승용,남,23세,상해없음,승용,남,53세,경상
2015081500100112,2015년 8월 15일 06시,토요일,대전광역시 서구 갈마동,경상사고,0,0,2,1,차대차 - 추돌 - 주정차중,안전운전불이행,건조,맑음,단일로 - 횡단보도부근,승용,남,26세,상해없음,승합,남,58세,부상신고
2015081500100124,2015년 8월 15일 07시,토요일,대전광역시 대덕구 중리동,경상사고,0,0,5,0,차대차 - 측면직각충돌,안전운전불이행,건조,맑음,교차로 - 교차로안,화물,남,35세,상해없음,승용,남,47세,경상
2015081500100125,2015년 8월 15일 07시,토요일,대전광역시 유성구 노은동,중상사고,0,1,0,0,차대차 - 추돌 - 주정차중,안전운전불이행,건조,맑음,단일로 - 기타,승용,남,28세,상해없음,승용,여,48세,중상
2015081500100196,2015년 8월 15일 10시,토요일,대전광역시 서구 둔산동,경상사고,0,0,1,0,차대차 - 추돌 - 진행중,안전운전불이행,건조,맑음,교차로 - 교차로부근,승용,남,25세,상해없음,승용,여,28세,경상
2015081500100279,2015년 8월 15일 13시,토요일,대전광역시 서구 둔산동,경상사고,0,0,1,0,차대사람 - 길가장자리구역통행중,안전운전불이행,건조,맑음,단일로 - 기타,화물,남,45세,상해없음,보행자,여,38세,경상
2015081500100330,2015년 8월 15일 15시,토요일,대전광역시 서구 둔산동,경상사고,0,0,2,0,차대차 - 측면직각충돌,안전운전불이행,건조,맑음,교차로 - 교차로안,승용,남,59세,상해없음,화물,남,31세,경상
2015081500100419,2015년 8월 15일 18시,토요일,대전광역시 대덕구 중리동,경상사고,0,0,6,0,차대차 - 기타,안전운전불이행,건조,맑음,교차로 - 교차로안,승용,남,57세,상해없음,승용,남,39세,경상
2015081500100420,2015년 8월 15일 18시,토요일,대전광역시 서구 탄방동,경상사고,0,0,1,0,차대차 - 추돌 - 주정차중,안전운전불이행,건조,맑음,교차로 - 교차로부근,승용,여,24세,기타불명,승용,남,29세,경상
2015081500100499,2015년 8월 15일 20시,토요일,대전광역시 서구 변동,경상사고,0,0,1,0,차대사람 - 횡단중,안전운전불이행,건조,맑음,단일로 - 기타,자전거,남,50세,상해없음,보행자,여,54세,경상
2015081500100532,2015년 8월 15일 21시,토요일,대전광역시 대덕구 신탄진동,중상사고,0,1,0,0,차대사람 - 기타,안전운전불이행,건조,맑음,단일로 - 기타,승용,남,65세,상해없음,보행자,남,57세,중상
2015081500100533,2015년 8월 15일 21시,토요일,대전광역시 유성구 봉명동,경상사고,0,0,1,0,차대차 - 기타,안전운전불이행,건조,맑음,교차로 - 교차로안,승용,남,40세,상해없음,자전거,남,49세,경상
2015081500100584,2015년 8월 15일 23시,토요일,대전광역시 중구 용두동,경상사고,0,0,3,0,차대차 - 측면직각충돌,신호위반,건조,맑음,교차로 - 교차로안,원동기,남,17세,상해없음,승용,남,35세,경상
2015081600100022,2015년 8월 16일 00시,일요일,대전광역시 대덕구 송촌동,부상신고사고,0,0,0,1,차대사람 - 횡단중,안전운전불이행,건조,맑음,단일로 - 횡단보도상,승용,기타불명,기타불명,기타불명,보행자,남,30세,부상신고
2015081600100064,2015년 8월 16일 04시,일요일,대전광역시 대덕구 법동,중상사고,0,1,1,0,차대차 - 측면직각충돌,안전운전불이행,건조,맑음,교차로 - 교차로안,승용,남,24세,상해없음,승용,남,37세,중상
2015081600100204,2015년 8월 16일 12시,일요일,대전광역시 중구 사정동,경상사고,0,0,1,0,차대차 - 기타,안전거리미확보,건조,맑음,교차로 - 교차로부근,승용,남,66세,상해없음,원동기,남,39세,경상
2015081600100205,2015년 8월 16일 12시,일요일,대전광역시 동구 삼성동,경상사고,0,0,2,0,차대차 - 추돌 - 진행중,안전운전불이행,건조,흐림,교차로 - 교차로부근,승용,남,59세,상해없음,승용,여,43세,경상
2015081600100240,2015년 8월 16일 13시,일요일,대전광역시 동구 용전동,경상사고,0,0,1,0,차대차 - 추돌 - 진행중,교차로운행방법위반,건조,흐림,교차로 - 교차로안,원동기,남,19세,상해없음,승용,남,26세,경상
2015081600100311,2015년 8월 16일 15시,일요일,대전광역시 중구 유천동,중상사고,0,1,0,0,차대차 - 추돌 - 진행중,안전운전불이행,건조,맑음,단일로 - 기타,화물,남,61세,상해없음,자전거,남,46세,중상
2015081600100343,2015년 8월 16일 16시,일요일,대전광역시 중구 용두동,경상사고,0,0,1,0,차대차 - 추돌 - 진행중,안전운전불이행,건조,맑음,교차로 - 교차로부근,승용,남,29세,상해없음,승용,남,24세,경상
2015081600100378,2015년 8월 16일 17시,일요일,대전광역시 동구 삼성동,경상사고,0,0,1,0,차대사람 - 길가장자리구역통행중,안전운전불이행,건조,맑음,단일로 - 기타,승용,남,41세,상해없음,보행자,남,30세,경상
2015081600100458,2015년 8월 16일 19시,일요일,대전광역시 대덕구 송촌동,중상사고,0,1,0,0,차대사람 - 횡단중,안전운전불이행,건조,흐림,교차로 - 교차로안,화물,남,37세,상해없음,보행자,여,61세,중상
2015081600100539,2015년 8월 16일 21시,일요일,대전광역시 서구 둔산동,경상사고,0,0,1,0,차대사람 - 길가장자리구역통행중,안전운전불이행,건조,맑음,단일로 - 기타,기타불명,기타불명,기타불명,기타불명,보행자,여,20세,경상
2015081600100571,2015년 8월 16일 22시,일요일,대전광역시 서구 도마동,경상사고,0,0,1,0,차대차 - 측면직각충돌,안전운전불이행,건조,맑음,교차로 - 교차로안,승용,남,65세,상해없음,승용,남,31세,경상
2015081600100590,2015년 8월 16일 23시,일요일,대전광역시 동구 용전동,중상사고,0,1,5,0,차대차 - 기타,중앙선침범,건조,맑음,단일로 - 기타,승합,남,35세,상해없음,승용,남,27세,중상
2015081600100591,2015년 8월 16일 23시,일요일,대전광역시 서구 괴정동,경상사고,0,0,2,0,차대차 - 기타,안전운전불이행,건조,맑음,교차로 - 교차로안,승용,남,41세,상해없음,승용,남,47세,경상
2015081700100087,2015년 8월 17일 07시,월요일,대전광역시 유성구 도룡동,경상사고,0,0,1,0,차량단독 - 기타,안전운전불이행,건조,맑음,교차로 - 교차로부근,승용,남,65세,상해없음,,,,
2015081700100270,2015년 8월 17일 12시,월요일,대전광역시 대덕구 오정동,경상사고,0,0,1,0,차대사람 - 기타,기타,건조,맑음,미분류 - 미분류,승합,남,49세,상해없음,보행자,여,57세,경상
2015081700100307,2015년 8월 17일 13시,월요일,대전광역시 중구 사정동,경상사고,0,0,1,0,차대차 - 기타,안전거리미확보,건조,맑음,기타 - 기타,화물,남,54세,상해없음,승합,남,28세,경상
2015081700100308,2015년 8월 17일 13시,월요일,대전광역시 서구 둔산동,경상사고,0,0,1,0,차대차 - 추돌 - 진행중,교차로운행방법위반,건조,맑음,교차로 - 교차로안,화물,남,40세,상해없음,승용,여,49세,경상
2015081700100309,2015년 8월 17일 13시,월요일,대전광역시 서구 탄방동,경상사고,0,0,1,0,차대차 - 추돌 - 진행중,안전운전불이행,건조,맑음,단일로 - 기타,승용,남,29세,상해없음,승용,남,69세,경상
2015081700100350,2015년 8월 17일 14시,월요일,대전광역시 동구 가양동,경상사고,0,0,1,0,차대사람 - 횡단중,안전운전불이행,건조,맑음,단일로 - 기타,승용,남,60세,상해없음,보행자,여,72세,경상
2015081700100389,2015년 8월 17일 15시,월요일,대전광역시 중구 산성동,중상사고,0,1,0,0,차대차 - 기타,안전운전불이행,건조,맑음,단일로 - 기타,승용,남,43세,상해없음,자전거,여,53세,중상
2015081700100390,2015년 8월 17일 15시,월요일,대전광역시 서구 가장동,경상사고,0,0,2,0,차대사람 - 길가장자리구역통행중,안전운전불이행,건조,맑음,단일로 - 기타,승용,남,46세,상해없음,보행자,여,38세,경상
2015081700100436,2015년 8월 17일 16시,월요일,대전광역시 대덕구 신탄진동,중상사고,0,1,0,0,차대사람 - 기타,안전운전불이행,건조,맑음,단일로 - 기타,승용,여,32세,상해없음,보행자,여,43세,중상
2015081700100491,2015년 8월 17일 17시,월요일,대전광역시 중구 중촌동,중상사고,0,1,0,0,차대차 - 기타,안전운전불이행,건조,맑음,단일로 - 횡단보도상,승용,여,26세,상해없음,자전거,남,79세,중상
2015081700100492,2015년 8월 17일 17시,월요일,대전광역시 서구 둔산동,중상사고,0,1,0,0,차량단독 - 기타,안전운전불이행,건조,맑음,단일로 - 기타,승합,남,45세,상해없음,,,,
2015081700100493,2015년 8월 17일 17시,월요일,대전광역시 서구 둔산동,경상사고,0,0,3,0,차대차 - 추돌 - 주정차중,안전운전불이행,건조,맑음,교차로 - 교차로안,승용,남,48세,상해없음,승용,남,56세,경상
2015081700100589,2015년 8월 17일 19시,월요일,대전광역시 서구 탄방동,경상사고,0,0,2,0,차대차 - 추돌 - 진행중,안전운전불이행,건조,맑음,교차로 - 교차로부근,승용,남,73세,상해없음,승용,남,29세,경상
2015081700100631,2015년 8월 17일 20시,월요일,대전광역시 중구 산성동,중상사고,0,1,0,0,차대차 - 측면직각충돌,신호위반,건조,맑음,교차로 - 교차로안,승용,남,46세,상해없음,승용,여,69세,중상
2015081700100632,2015년 8월 17일 20시,월요일,대전광역시 동구 가오동,경상사고,0,0,1,0,차대차 - 추돌 - 주정차중,안전운전불이행,건조,맑음,단일로 - 기타,승용,남,67세,기타불명,이륜,남,43세,상해없음
2015081700100649,2015년 8월 17일 21시,월요일,대전광역시 동구 비룡동,경상사고,0,0,2,0,차대차 - 기타,안전운전불이행,건조,맑음,단일로 - 기타,화물,남,60세,상해없음,승용,남,41세,경상
2015081700100661,2015년 8월 17일 21시,월요일,대전광역시 대덕구 비래동,경상사고,0,0,1,0,차대차 - 추돌 - 주정차중,안전운전불이행,건조,맑음,단일로 - 기타,승용,남,65세,상해없음,승용,남,29세,경상
2015081700100662,2015년 8월 17일 21시,월요일,대전광역시 서구 갈마동,경상사고,0,0,1,0,차대사람 - 길가장자리구역통행중,안전운전불이행,건조,맑음,단일로 - 기타,승용,남,31세,상해없음,보행자,남,59세,경상
2015081700100696,2015년 8월 17일 22시,월요일,대전광역시 대덕구 상서동,중상사고,0,4,0,0,차대차 - 추돌 - 진행중,안전운전불이행,건조,맑음,교차로 - 교차로부근,화물,남,47세,상해없음,승용,남,21세,중상
2015081700100697,2015년 8월 17일 22시,월요일,대전광역시 유성구 봉명동,경상사고,0,0,2,0,차대차 - 측면직각충돌,교차로운행방법위반,건조,맑음,교차로 - 교차로안,승용,남,59세,상해없음,승용,남,66세,경상
2015081800100012,2015년 8월 18일 00시,화요일,대전광역시 서구 관저동,중상사고,0,1,1,0,차대차 - 측면직각충돌,신호위반,건조,맑음,교차로 - 교차로안,승용,남,22세,상해없음,승용,남,44세,경상
2015081800100022,2015년 8월 18일 01시,화요일,대전광역시 서구 월평동,경상사고,0,0,4,0,차대차 - 추돌 - 진행중,안전운전불이행,건조,맑음,교차로 - 교차로안,승용,남,61세,상해없음,승용,남,21세,경상
2015081800100023,2015년 8월 18일 01시,화요일,대전광역시 유성구 봉산동,경상사고,0,0,2,0,차대차 - 측면직각충돌,신호위반,건조,맑음,교차로 - 교차로안,승용,남,44세,상해없음,승용,여,45세,경상
2015081800100048,2015년 8월 18일 04시,화요일,대전광역시 동구 용전동,경상사고,0,0,1,0,차대차 - 추돌 - 주정차중,안전운전불이행,건조,맑음,교차로 - 교차로부근,승용,남,42세,상해없음,승용,남,33세,경상
2015081800100049,2015년 8월 18일 04시,화요일,대전광역시 서구 가장동,경상사고,0,0,1,0,차대차 - 추돌 - 주정차중,안전운전불이행,건조,맑음,단일로 - 기타,승용,여,23세,상해없음,화물,남,70세,경상
2015081800100151,2015년 8월 18일 08시,화요일,대전광역시 중구 선화동,경상사고,0,0,1,0,차대사람 - 횡단중,보행자보호의무위반,건조,맑음,교차로 - 교차로안,승용,여,29세,상해없음,보행자,여,22세,경상
2015081800100152,2015년 8월 18일 08시,화요일,대전광역시 동구 판암동,사망사고,1,2,0,0,차대차 - 추돌 - 주정차중,안전운전불이행,건조,맑음,단일로 - 기타,화물,남,67세,사망,화물,남,78세,기타불명
2015081800100153,2015년 8월 18일 08시,화요일,대전광역시 유성구 원내동,경상사고,0,0,2,0,차대차 - 추돌 - 진행중,안전운전불이행,건조,맑음,교차로 - 교차로부근,화물,남,43세,경상,승용,남,36세,경상
2015081800100154,2015년 8월 18일 08시,화요일,대전광역시 유성구 봉산동,중상사고,0,1,0,0,차대차 - 추돌 - 진행중,안전운전불이행,건조,맑음,단일로 - 기타,건설기계,남,54세,상해없음,이륜,남,77세,중상
2015081800100222,2015년 8월 18일 10시,화요일,대전광역시 동구 판암동,중상사고,0,1,3,0,차대차 - 측면직각충돌,안전운전불이행,건조,맑음,교차로 - 교차로안,화물,남,66세,상해없음,승용,남,67세,중상
2015081800100254,2015년 8월 18일 11시,화요일,대전광역시 유성구 관평동,경상사고,0,0,4,0,차대차 - 추돌 - 진행중,안전거리미확보,건조,맑음,단일로 - 기타,승용,남,72세,상해없음,승용,남,29세,경상
2015081800100293,2015년 8월 18일 12시,화요일,대전광역시 중구 목동,경상사고,0,0,2,0,차대차 - 측면직각충돌,신호위반,건조,맑음,교차로 - 교차로안,승용,여,44세,상해없음,승용,여,34세,경상
2015081800100294,2015년 8월 18일 12시,화요일,대전광역시 유성구 봉명동,경상사고,0,0,1,0,차대차 - 기타,안전운전불이행,건조,맑음,단일로 - 기타,자전거,남,51세,상해없음,자전거,여,60세,경상
2015081800100390,2015년 8월 18일 15시,화요일,대전광역시 서구 갈마동,경상사고,0,0,1,0,차대차 - 추돌 - 진행중,안전운전불이행,습기,맑음,교차로 - 교차로안,승용,남,47세,상해없음,승용,여,31세,경상
2015081800100469,2015년 8월 18일 17시,화요일,대전광역시 유성구 봉명동,경상사고,0,0,1,0,차대차 - 추돌 - 진행중,안전운전불이행,건조,맑음,단일로 - 기타,승용,남,40세,상해없음,승용,남,51세,경상
2015081800100470,2015년 8월 18일 17시,화요일,대전광역시 유성구 관평동,경상사고,0,0,1,0,차대차 - 정면충돌,안전운전불이행,건조,맑음,단일로 - 기타,승용,여,49세,상해없음,자전거,남,11세,경상
2015081800100504,2015년 8월 18일 18시,화요일,대전광역시 동구 판암동,중상사고,0,1,0,0,차대차 - 측면직각충돌,안전거리미확보,건조,맑음,교차로 - 교차로안,승합,남,42세,상해없음,이륜,남,32세,중상
2015081800100505,2015년 8월 18일 18시,화요일,대전광역시 대덕구 석봉동,경상사고,0,0,1,0,차대사람 - 차도통행중,안전운전불이행,건조,맑음,단일로 - 기타,승용,남,57세,상해없음,보행자,남,47세,경상
2015081800100506,2015년 8월 18일 18시,화요일,대전광역시 유성구 구암동,경상사고,0,0,3,0,차대차 - 기타,교차로운행방법위반,건조,맑음,교차로 - 교차로안,승용,남,48세,기타불명,승용,여,47세,경상
2015081800100542,2015년 8월 18일 19시,화요일,대전광역시 동구 인동,경상사고,0,0,1,0,차대차 - 측면직각충돌,안전운전불이행,건조,맑음,교차로 - 교차로안,원동기,남,24세,상해없음,자전거,여,25세,경상
2015081800100572,2015년 8월 18일 20시,화요일,대전광역시 중구 부사동,중상사고,0,1,4,0,차대차 - 추돌 - 주정차중,안전거리미확보,건조,맑음,단일로 - 기타,승용,남,49세,상해없음,승용,남,18세,중상
2015081800100594,2015년 8월 18일 21시,화요일,대전광역시 서구 괴정동,경상사고,0,0,1,0,차대사람 - 횡단중,안전운전불이행,건조,맑음,교차로 - 교차로부근,화물,남,32세,상해없음,보행자,남,26세,경상