사고번호,사고일시,요일,시군구,사고내용,사망자수,중상자수,경상자수,부상신고자수,사고유형,법규위반,노면상태,기상상태,도로형태,가해운전자 차종,가해운전자 성별,가해운전자 연령,가해운전자 상해정도,피해운전자 차종,피해운전자 성별,피해운전자 연령,피해운전자 상해정도
2015082400100625,2015년 8월 24일 23시,월요일,대전광역시 서구 탄방동,경상사고,0,0,1,0,차대사람 - 차도통행중,안전운전불이행,건조,맑음,단일로 - 기타,승용,남,24세,상해없음,보행자,남,44세,경상
2015082500100025,2015년 8월 25일 00시,화요일,대전광역시 동구 용전동,경상사고,0,0,2,0,차대차 - 추돌 - 진행중,안전운전불이행,건조,맑음,단일로 - 기타,승용,여,40세,상해없음,승용,남,35세,경상
2015082500100026,2015년 8월 25일 00시,화요일,대전광역시 서구 관저동,경상사고,0,0,2,0,차대차 - 기타,안전운전불이행,습기,비,교차로 - 교차로부근,화물,남,59세,상해없음,승용,여,58세,경상
2015082500100027,2015년 8월 25일 00시,화요일,대전광역시 서구 둔산동,중상사고,0,1,1,0,차대차 - 측면직각충돌,신호위반,습기,흐림,교차로 - 교차로안,승용,남,59세,상해없음,승용,남,55세,경상
2015082500100044,2015년 8월 25일 01시,화요일,대전광역시 서구 둔산동,경상사고,0,0,1,0,차대차 - 추돌 - 주정차중,안전운전불이행,습기,비,교차로 - 교차로부근,승용,남,48세,상해없음,승용,남,53세,경상
2015082500100144,2015년 8월 25일 08시,화요일,대전광역시 대덕구 신대동,경상사고,0,0,1,0,차대차 - 기타,안전운전불이행,습기,비,단일로 - 기타,승용,남,27세,상해없음,승용,남,26세,경상
2015082500100156,2015년 8월 25일 08시,화요일,대전광역시 대덕구 오정동,경상사고,0,0,1,0,차대차 - 기타,안전운전불이행,습기,비,단일로 - 기타,승용,남,21세,상해없음,승용,남,31세,경상
2015082500100157,2015년 8월 25일 08시,화요일,대전광역시 서구 둔산동,중상사고,0,1,0,0,차대사람 - 길가장자리구역통행중,안전운전불이행,습기,비,단일로 - 기타,승용,남,45세,상해없음,보행자,여,13세,중상
2015082500100184,2015년 8월 25일 09시,화요일,대전광역시 중구 문화동,중상사고,0,1,0,0,차대사람 - 횡단중,안전운전불이행,습기,비,단일로 - 기타,승용,여,40세,상해없음,보행자,여,61세,중상
2015082500100185,2015년 8월 25일 09시,화요일,대전광역시 서구 변동,경상사고,0,0,1,0,차대차 - 측면직각충돌,신호위반,습기,비,교차로 - 교차로안,승용,남,73세,상해없음,승용,남,54세,경상
2015082500100186,2015년 8월 25일 09시,화요일,대전광역시 대덕구 오정동,중상사고,0,1,0,0,차대사람 - 기타,안전운전불이행,습기,비,단일로 - 기타,승용,남,31세,상해없음,보행자,여,41세,중상
2015082500100187,2015년 8월 25일 09시,화요일,대전광역시 유성구 구성동,경상사고,0,0,1,0,차대차 - 추돌 - 진행중,안전거리미확보,습기,비,단일로 - 기타,승용,남,39세,상해없음,승용,여,35세,경상
2015082500100224,2015년 8월 25일 10시,화요일,대전광역시 대덕구 신탄진동,경상사고,0,0,1,0,차대차 - 추돌 - 주정차중,안전거리미확보,습기,비,교차로 - 교차로부근,화물,남,55세,상해없음,승합,남,46세,경상
2015082500100245,2015년 8월 25일 11시,화요일,대전광역시 유성구 원내동,경상사고,0,0,1,0,차대차 - 추돌 - 주정차중,안전운전불이행,습기,비,교차로 - 교차로부근,화물,기타불명,기타불명,기타불명,승용,여,67세,경상
2015082500100347,2015년 8월 25일 14시,화요일,대전광역시 유성구 상대동,중상사고,0,1,0,0,차대차 - 측면직각충돌,안전운전불이행,습기,비,단일로 - 기타,승용,남,68세,상해없음,자전거,남,73세,중상
2015082500100386,2015년 8월 25일 15시,화요일,대전광역시 중구 산성동,경상사고,0,0,1,0,차량단독 - 기타,기타,습기,비,단일로 - 기타,승합,남,54세,상해없음,,,,
2015082500100425,2015년 8월 25일 16시,화요일,대전광역시 서구 갈마동,중상사고,0,1,0,0,차대차 - 기타,기타,습기,비,단일로 - 기타,승용,남,54세,상해없음,원동기,남,51세,중상
2015082500100470,2015년 8월 25일 17시,화요일,대전광역시 대덕구 송촌동,경상사고,0,0,4,0,차대차 - 추돌 - 주정차중,신호위반,건조,맑음,단일로 - 기타,승용,남,16세,상해없음,승합,남,50세,경상
2015082500100562,2015년 8월 25일 19시,화요일,대전광역시 서구 괴정동,경상사고,0,0,1,0,차대사람 - 횡단중,보행자보호의무위반,습기,비,단일로 - 횡단보도상,승용,여,27세,상해없음,보행자,여,14세,경상
2015082500100563,2015년 8월 25일 19시,화요일,대전광역시 유성구 노은동,중상사고,0,2,1,0,차대차 - 기타,신호위반,습기,비,교차로 - 교차로안,승합,남,58세,상해없음,승용,남,46세,경상
2015082500100564,2015년 8월 25일 19시,화요일,대전광역시 서구 둔산동,중상사고,0,1,0,0,차대차 - 기타,신호위반,습기,비,교차로 - 교차로안,승용,남,36세,상해없음,승용,남,52세,중상
2015082500100611,2015년 8월 25일 20시,화요일,대전광역시 동구 중동,경상사고,0,0,1,0,차대차 - 측면직각충돌,신호위반,습기,비,교차로 - 교차로안,승용,남,54세,상해없음,승용,남,39세,상해없음
2015082500100686,2015년 8월 25일 22시,화요일,대전광역시 유성구 궁동,경상사고,0,0,1,0,차대차 - 기타,안전거리미확보,건조,맑음,단일로 - 기타,승용,남,46세,상해없음,승용,남,65세,경상
2015082500100701,2015년 8월 25일 23시,화요일,대전광역시 중구 산성동,사망사고,1,0,0,0,차대사람 - 횡단중,신호위반,습기,흐림,교차로 - 교차로안,승용,남,70세,상해없음,보행자,남,32세,사망
2015082500100702,2015년 8월 25일 23시,화요일,대전광역시 서구 도마동,경상사고,0,0,1,0,차대차 - 추돌 - 주정차중,안전운전불이행,건조,맑음,교차로 - 교차로안,화물,남,55세,상해없음,승용,여,53세,경상
2015082500100703,2015년 8월 25일 23시,화요일,대전광역시 서구 둔산동,중상사고,0,1,1,0,차대차 - 추돌 - 주정차중,안전운전불이행,건조,흐림,단일로 - 기타,화물,남,48세,상해없음,승합,남,46세,중상
2015082600100036,2015년 8월 26일 01시,수요일,대전광역시 동구 정동,경상사고,0,0,1,0,차대차 - 측면직각충돌,신호위반,습기,흐림,교차로 - 교차로안,승용,남,29세,상해없음,승용,남,40세,경상
2015082600100048,2015년 8월 26일 02시,수요일,대전광역시 서구 월평동,경상사고,0,0,1,0,차대차 - 기타,안전운전불이행,건조,맑음,단일로 - 기타,승용,남,40세,상해없음,승용,남,21세,상해없음
2015082600100103,2015년 8월 26일 07시,수요일,대전광역시 중구 부사동,경상사고,0,0,1,0,차대사람 - 길가장자리구역통행중,안전운전불이행,건조,맑음,단일로 - 기타,승용,여,47세,상해없음,보행자,남,72세,경상
2015082600100104,2015년 8월 26일 07시,수요일,대전광역시 서구 둔산동,중상사고,0,1,0,0,차대사람 - 횡단중,보행자보호의무위반,건조,맑음,단일로 - 횡단보도상,승용,여,54세,상해없음,보행자,여,57세,중상
2015082600100146,2015년 8월 26일 08시,수요일,대전광역시 대덕구 오정동,경상사고,0,0,1,0,차대차 - 측면직각충돌,안전운전불이행,건조,맑음,단일로 - 기타,승용,여,46세,상해없음,승용,남,28세,경상
2015082600100147,2015년 8월 26일 08시,수요일,대전광역시 서구 만년동,중상사고,0,1,0,0,차대차 - 기타,신호위반,건조,맑음,단일로 - 기타,승용,여,52세,상해없음,자전거,남,16세,중상
2015082600100253,2015년 8월 26일 11시,수요일,대전광역시 중구 오류동,경상사고,0,0,1,0,차대차 - 측면직각충돌,안전운전불이행,건조,맑음,단일로 - 기타,승용,여,69세,상해없음,자전거,남,69세,경상
2015082600100283,2015년 8월 26일 12시,수요일,대전광역시 대덕구 중리동,부상신고사고,0,0,0,2,차대사람 - 기타,안전운전불이행,건조,맑음,단일로 - 기타,승용,여,47세,부상신고,보행자,남,7세,부상신고
2015082600100284,2015년 8월 26일 12시,수요일,대전광역시 유성구 봉명동,중상사고,0,1,0,0,차대차 - 측면직각충돌,안전운전불이행,건조,맑음,교차로 - 교차로안,승용,남,50세,상해없음,이륜,남,53세,중상
2015082600100349,2015년 8월 26일 14시,수요일,대전광역시 유성구 장대동,중상사고,0,1,0,0,차대차 - 측면직각충돌,신호위반,건조,맑음,교차로 - 교차로안,승용,남,70세,상해없음,이륜,남,50세,중상
2015082600100424,2015년 8월 26일 16시,수요일,대전광역시 중구 대흥동,경상사고,0,0,1,0,차대차 - 추돌 - 진행중,안전거리미확보,건조,맑음,단일로 - 기타,승용,남,59세,상해없음,승합,남,49세,상해없음
2015082600100425,2015년 8월 26일 16시,수요일,대전광역시 서구 가장동,경상사고,0,0,2,0,차대차 - 추돌 - 진행중,안전거리미확보,건조,맑음,단일로 - 기타,승용,여,48세,상해없음,승용,여,54세,경상
2015082600100426,2015년 8월 26일 16시,수요일,대전광역시 서구 괴정동,중상사고,0,1,0,0,차대사람 - 보도통행중,보행자보호의무위반,건조,맑음,단일로 - 횡단보도상,승용,남,61세,상해없음,보행자,여,48세,중상
2015082600100560,2015년 8월 26일 19시,수요일,대전광역시 서구 관저동,경상사고,0,0,1,0,차대차 - 측면직각충돌,불법유턴,건조,맑음,교차로 - 교차로부근,자전거,남,18세,상해없음,이륜,남,32세,경상
2015082600100590,2015년 8월 26일 20시,수요일,대전광역시 중구 안영동,중상사고,0,1,0,0,차대사람 - 횡단중,안전운전불이행,건조,맑음,단일로 - 기타,승용,남,44세,상해없음,보행자,남,49세,중상
2015082600100591,2015년 8월 26일 20시,수요일,대전광역시 서구 둔산동,중상사고,0,1,0,0,차대차 - 추돌 - 진행중,안전운전불이행,건조,맑음,단일로 - 기타,승용,남,56세,상해없음,이륜,남,56세,중상
2015082600100691,2015년 8월 26일 23시,수요일,대전광역시 서구 둔산동,중상사고,0,1,0,0,차대차 - 기타,신호위반,건조,맑음,교차로 - 교차로안,승용,남,52세,상해없음,자전거,남,13세,중상
2015082600100692,2015년 8월 26일 23시,수요일,대전광역시 유성구 장대동,경상사고,0,0,1,0,차대차 - 기타,중앙선침범,건조,맑음,교차로 - 교차로안,승용,남,34세,상해없음,승용,남,37세,경상
2015082700100021,2015년 8월 27일 00시,목요일,대전광역시 유성구 지족동,경상사고,0,0,1,0,차대차 - 측면직각충돌,신호위반,건조,맑음,교차로 - 교차로안,승용,남,42세,기타불명,승용,남,36세,경상
2015082700100036,2015년 8월 27일 01시,목요일,대전광역시 동구 가양동,경상사고,0,0,1,0,차대차 - 측면직각충돌,안전운전불이행,건조,맑음,교차로 - 교차로안,승용,남,42세,상해없음,화물,여,56세,경상
2015082700100037,2015년 8월 27일 01시,목요일,대전광역시 서구 도마동,경상사고,0,0,2,0,차대차 - 추돌 - 진행중,안전운전불이행,건조,맑음,교차로 - 교차로부근,승용,여,52세,상해없음,승용,남,47세,경상
2015082700100057,2015년 8월 27일 03시,목요일,대전광역시 서구 괴정동,중상사고,0,1,0,0,차대차 - 기타,안전운전불이행,건조,맑음,단일로 - 터널,승용,남,30세,상해없음,이륜,남,23세,중상
2015082700100066,2015년 8월 27일 04시,목요일,대전광역시 서구 갈마동,경상사고,0,0,1,0,차량단독 - 전도전복,안전운전불이행,건조,맑음,교차로 - 교차로안,자전거,여,73세,경상,,,,
2015082700100154,2015년 8월 27일 08시,목요일,대전광역시 동구 가양동,경상사고,0,0,1,0,차대사람 - 차도통행중,안전운전불이행,건조,맑음,단일로 - 기타,승합,남,55세,상해없음,보행자,여,59세,경상
2015082700100179,2015년 8월 27일 09시,목요일,대전광역시 동구 삼성동,경상사고,0,0,1,0,차량단독 - 기타,기타,건조,맑음,단일로 - 기타,승합,남,57세,상해없음,,,,
2015082700100238,2015년 8월 27일 11시,목요일,대전광역시 동구 가오동,경상사고,0,0,1,0,차대사람 - 기타,안전운전불이행,건조,맑음,교차로 - 교차로부근,승용,여,39세,상해없음,보행자,여,21세,경상
2015082700100239,2015년 8월 27일 11시,목요일,대전광역시 서구 둔산동,경상사고,0,0,1,0,차대차 - 추돌 - 진행중,신호위반,건조,맑음,교차로 - 교차로안,승용,여,55세,상해없음,승용,남,50세,경상
2015082700100361,2015년 8월 27일 15시,목요일,대전광역시 중구 태평동,경상사고,0,0,1,0,차대사람 - 횡단중,안전운전불이행,건조,맑음,단일로 - 기타,승용,남,39세,상해없음,보행자,남,8세,경상
2015082700100362,2015년 8월 27일 15시,목요일,대전광역시 대덕구 덕암동,경상사고,0,0,1,0,차대사람 - 기타,안전운전불이행,건조,맑음,교차로 - 교차로안,승용,남,36세,기타불명,보행자,남,10세,경상
2015082700100363,2015년 8월 27일 15시,목요일,대전광역시 서구 갈마동,경상사고,0,0,1,0,차대차 - 측면직각충돌,안전운전불이행,건조,맑음,교차로 - 교차로부근,승용,여,57세,상해없음,승용,여,59세,경상
2015082700100402,2015년 8월 27일 16시,목요일,대전광역시 서구 둔산동,경상사고,0,0,1,0,차대차 - 추돌 - 진행중,안전운전불이행,건조,맑음,교차로 - 교차로부근,승용,남,25세,상해없음,승용,여,39세,경상
2015082700100451,2015년 8월 27일 17시,목요일,대전광역시 서구 변동,경상사고,0,0,1,0,차대사람 - 기타,보행자보호의무위반,건조,맑음,단일로 - 기타,화물,남,54세,상해없음,보행자,여,7세,경상
2015082700100544,2015년 8월 27일 19시,목요일,대전광역시 중구 대흥동,경상사고,0,0,1,0,차대차 - 측면직각충돌,안전거리미확보,건조,맑음,교차로 - 교차로부근,승용,남,62세,상해없음,승용,남,44세,경상
2015082700100581,2015년 8월 27일 20시,목요일,대전광역시 서구 내동,경상사고,0,0,1,0,차대사람 - 횡단중,안전운전불이행,건조,흐림,단일로 - 기타,이륜,남,61세,상해없음,보행자,여,63세,경상
2015082700100582,2015년 8월 27일 20시,목요일,대전광역시 서구 탄방동,경상사고,0,0,1,0,차대사람 - 기타,안전운전불이행,건조,맑음,교차로 - 교차로안,승용,남,55세,상해없음,보행자,남,28세,경상
2015082700100640,2015년 8월 27일 22시,목요일,대전광역시 서구 월평동,경상사고,0,0,1,0,차대사람 - 횡단중,안전운전불이행,건조,맑음,단일로 - 기타,승용,남,28세,상해없음,보행자,남,26세,경상
2015082700100664,2015년 8월 27일 23시,목요일,대전광역시 동구 비룡동,경상사고,0,0,1,0,차대차 - 정면충돌,중앙선침범,건조,맑음,단일로 - 기타,승용,여,23세,상해없음,승용,여,34세,경상
2015082700100665,2015년 8월 27일 23시,목요일,대전광역시 서구 탄방동,경상사고,0,0,2,0,차대차 - 측면직각충돌,신호위반,건조,맑음,교차로 - 교차로안,승용,남,27세,상해없음,승용,남,64세,경상
2015082800100043,2015년 8월 28일 02시,금요일,대전광역시 중구 대흥동,경상사고,0,0,1,0,차대차 - 측면직각충돌,신호위반,건조,맑음,교차로 - 교차로안,승용,남,21세,상해없음,승용,남,34세,경상
2015082800100050,2015년 8월 28일 03시,금요일,대전광역시 유성구 봉명동,중상사고,0,1,0,0,차량단독 - 공작물충돌,안전운전불이행,건조,맑음,단일로 - 기타,승용,남,34세,중상,,,,
2015082800100146,2015년 8월 28일 08시,금요일,대전광역시 동구 가오동,중상사고,0,1,3,0,차대차 - 측면직각충돌,신호위반,건조,맑음,교차로 - 교차로안,승합,남,58세,상해없음,승용,남,52세,중상
2015082800100177,2015년 8월 28일 09시,금요일,대전광역시 중구 용두동,경상사고,0,0,1,0,차대사람 - 기타,보행자보호의무위반,건조,맑음,단일로 - 횡단보도상,화물,남,25세,상해없음,보행자,여,49세,경상
2015082800100178,2015년 8월 28일 09시,금요일,대전광역시 서구 둔산동,중상사고,0,2,0,0,차대차 - 측면직각충돌,교차로운행방법위반,건조,맑음,교차로 - 교차로안,이륜,남,39세,중상,승용,남,51세,중상
2015082800100179,2015년 8월 28일 09시,금요일,대전광역시 유성구 송강동,경상사고,0,0,1,0,차대차 - 측면직각충돌,신호위반,건조,맑음,단일로 - 횡단보도상,승용,기타불명,기타불명,기타불명,자전거,여,25세,경상
2015082800100237,2015년 8월 28일 11시,금요일,대전광역시 서구 둔산동,경상사고,0,0,4,0,차대차 - 측면직각충돌,신호위반,건조,맑음,교차로 - 교차로안,승용,남,52세,상해없음,승용,남,52세,경상
2015082800100264,2015년 8월 28일 12시,금요일,대전광역시 동구 용전동,경상사고,0,0,1,0,차대차 - 측면직각충돌,안전운전불이행,건조,맑음,교차로 - 교차로부근,화물,남,54세,상해없음,승용,여,49세,경상
2015082800100265,2015년 8월 28일 12시,금요일,대전광역시 대덕구 오정동,경상사고,0,0,1,0,차대차 - 추돌 - 주정차중,차로위반,건조,맑음,미분류 - 미분류,승용,남,33세,상해없음,승용,남,73세,경상
2015082800100266,2015년 8월 28일 12시,금요일,대전광역시 유성구 도룡동,경상사고,0,0,1,0,차대차 - 추돌 - 진행중,안전거리미확보,건조,맑음,단일로 - 기타,승용,남,17세,상해없음,승용,남,72세,경상
2015082800100306,2015년 8월 28일 13시,금요일,대전광역시 대덕구 중리동,부상신고사고,0,0,0,1,차대차 - 기타,직진우회전진행방해,건조,맑음,교차로 - 교차로안,화물,남,60세,상해없음,승용,남,58세,부상신고
2015082800100491,2015년 8월 28일 17시,금요일,대전광역시 동구 가양동,경상사고,0,0,1,0,차대차 - 추돌 - 주정차중,안전운전불이행,건조,맑음,교차로 - 교차로부근,승용,남,52세,상해없음,승용,남,52세,경상
2015082800100536,2015년 8월 28일 18시,금요일,대전광역시 유성구 송강동,중상사고,0,1,0,0,차대사람 - 기타,안전운전불이행,건조,맑음,단일로 - 기타,화물,남,55세,상해없음,보행자,남,6세,중상
2015082800100635,2015년 8월 28일 21시,금요일,대전광역시 서구 둔산동,경상사고,0,0,1,0,차대사람 - 횡단중,안전운전불이행,건조,맑음,단일로 - 기타,승용,남,52세,상해없음,보행자,남,58세,경상
2015082800100666,2015년 8월 28일 22시,금요일,대전광역시 동구 가양동,중상사고,0,1,0,0,차대차 - 추돌 - 진행중,안전거리미확보,건조,맑음,단일로 - 기타,승용,남,31세,상해없음,승용,남,49세,중상
2015082900100019,2015년 8월 29일 00시,토요일,대전광역시 서구 괴정동,경상사고,0,0,1,0,차대차 - 추돌 - 주정차중,안전운전불이행,건조,맑음,단일로 - 기타,승용,남,26세,상해없음,승용,여,28세,경상
2015082900100085,2015년 8월 29일 04시,토요일,대전광역시 중구 유천동,경상사고,0,0,1,0,차대차 - 추돌 - 진행중,안전거리미확보,건조,맑음,교차로 - 교차로부근,승용,남,31세,상해없음,화물,남,43세,경상
2015082900100133,2015년 8월 29일 07시,토요일,대전광역시 대덕구 오정동,경상사고,0,0,1,0,차대차 - 추돌 - 주정차중,안전거리미확보,건조,맑음,교차로 - 교차로부근,승용,남,41세,상해없음,승용,남,43세,경상
2015082900100220,2015년 8월 29일 10시,토요일,대전광역시 동구 중동,경상사고,0,0,1,0,차량단독 - 기타,기타,건조,맑음,단일로 - 기타,승합,남,42세,상해없음,,,,
2015082900100260,2015년 8월 29일 11시,토요일,대전광역시 동구 용전동,중상사고,0,1,0,0,차대사람 - 횡단중,안전운전불이행,건조,맑음,교차로 - 교차로안,승용,여,46세,상해없음,보행자,여,54세,중상
2015082900100299,2015년 8월 29일 12시,토요일,대전광역시 동구 용전동,경상사고,0,0,1,0,차대차 - 측면직각충돌,교차로운행방법위반,건조,맑음,교차로 - 교차로안,승용,여,48세,상해없음,승용,남,42세,경상
2015082900100300,2015년 8월 29일 12시,토요일,대전광역시 서구 가수원동,경상사고,0,0,1,0,차대차 - 기타,안전운전불이행,건조,맑음,단일로 - 기타,승용,남,45세,상해없음,화물,남,22세,경상
2015082900100301,2015년 8월 29일 12시,토요일,대전광역시 유성구 노은동,중상사고,0,1,0,0,차대차 - 기타,신호위반,건조,맑음,교차로 - 교차로안,승용,남,31세,상해없음,원동기,남,66세,중상
2015082900100302,2015년 8월 29일 12시,토요일,대전광역시 유성구 도룡동,경상사고,0,0,2,0,차대차 - 추돌 - 진행중,안전거리미확보,건조,맑음,단일로 - 기타,승용,남,27세,상해없음,승용,남,22세,경상
2015082900100303,2015년 8월 29일 12시,토요일,대전광역시 유성구 봉명동,경상사고,0,0,1,0,차대차 - 추돌 - 진행중,안전거리미확보,건조,맑음,단일로 - 기타,승용,여,22세,기타불명,화물,남,24세,경상
2015082900100352,2015년 8월 29일 13시,토요일,대전광역시 중구 석교동,중상사고,0,3,0,0,차대차 - 추돌 - 주정차중,안전운전불이행,건조,맑음,단일로 - 기타,화물,남,76세,상해없음,승용,여,50세,중상
2015082900100353,2015년 8월 29일 13시,토요일,대전광역시 동구 중동,중상사고,0,1,0,0,차량단독 - 기타,기타,건조,맑음,단일로 - 기타,승합,남,55세,상해없음,,,,
2015082900100354,2015년 8월 29일 13시,토요일,대전광역시 유성구 신봉동,경상사고,0,0,3,0,차대차 - 측면직각충돌,신호위반,건조,맑음,교차로 - 교차로안,승용,여,38세,상해없음,승용,남,45세,경상
2015082900100396,2015년 8월 29일 14시,토요일,대전광역시 서구 괴정동,경상사고,0,0,1,0,차대사람 - 횡단중,신호위반,건조,맑음,교차로 - 교차로안,승용,여,47세,상해없음,보행자,남,36세,경상
2015082900100442,2015년 8월 29일 15시,토요일,대전광역시 동구 용전동,경상사고,0,0,1,0,차대차 - 추돌 - 진행중,안전운전불이행,건조,맑음,교차로 - 교차로안,승합,남,63세,상해없음,승용,남,23세,경상
2015082900100474,2015년 8월 29일 16시,토요일,대전광역시 동구 삼성동,중상사고,0,1,0,0,차대차 - 정면충돌,안전운전불이행,건조,맑음,단일로 - 기타,자전거,남,59세,상해없음,자전거,남,50세,중상
2015082900100475,2015년 8월 29일 16시,토요일,대전광역시 서구 내동,중상사고,0,1,0,0,차대사람 - 횡단중,보행자보호의무위반,건조,맑음,단일로 - 횡단보도상,화물,남,39세,상해없음,보행자,여,37세,중상
2015082900100476,2015년 8월 29일 16시,토요일,대전광역시 유성구 구암동,경상사고,0,0,1,0,차대차 - 기타,안전운전불이행,건조,맑음,단일로 - 기타,승용,남,63세,기타불명,승용,여,35세,상해없음
2015082900100570,2015년 8월 29일 18시,토요일,대전광역시 중구 석교동,경상사고,0,0,1,0,차대사람 - 횡단중,안전운전불이행,건조,흐림,교차로 - 교차로부근,화물,남,59세,상해없음,보행자,남,47세,경상
2015082900100614,2015년 8월 29일 19시,토요일,대전광역시 동구 대동,중상사고,0,1,2,0,차대차 - 측면직각충돌,안전운전불이행,건조,맑음,교차로 - 교차로안,승용,남,32세,상해없음,승용,여,33세,경상
2015082900100615,2015년 8월 29일 19시,토요일,대전광역시 유성구 원내동,경상사고,0,0,2,0,차대차 - 측면직각충돌,중앙선침범,건조,흐림,단일로 - 기타,승용,남,65세,상해없음,승용,여,33세,경상
2015082900100713,2015년 8월 29일 22시,토요일,대전광역시 대덕구 법동,경상사고,0,0,1,0,차대사람 - 횡단중,보행자보호의무위반,건조,맑음,단일로 - 횡단보도상,승용,남,22세,상해없음,보행자,남,56세,경상
2015082900100740,2015년 8월 29일 23시,토요일,대전광역시 동구 정동,경상사고,0,0,1,0,차대사람 - 횡단중,보행자보호의무위반,건조,맑음,단일로 - 횡단보도상,승용,남,58세,상해없음,보행자,여,75세,경상
2015083000100025,2015년 8월 30일 00시,일요일,대전광역시 동구 자양동,중상사고,0,1,1,0,차대사람 - 보도통행중,안전운전불이행,건조,맑음,교차로 - 교차로안,원동기,여,49세,중상,보행자,남,25세,경상
2015083000100062,2015년 8월 30일 02시,일요일,대전광역시 중구 대흥동,중상사고,0,3,0,0,차대차 - 추돌 - 진행중,안전운전불이행,건조,맑음,교차로 - 교차로부근,승용,남,52세,상해없음,승용,남,29세,중상
2015083000100087,2015년 8월 30일 04시,일요일,대전광역시 서구 둔산동,경상사고,0,0,1,0,차대사람 - 길가장자리구역통행중,안전운전불이행,건조,맑음,단일로 - 기타,승용,남,23세,상해없음,보행자,남,25세,경상
2015083000100120,2015년 8월 30일 06시,일요일,대전광역시 동구 세천동,중상사고,0,1,0,0,차대차 - 추돌 - 진행중,안전운전불이행,건조,맑음,단일로 - 기타,이륜,남,77세,중상,화물,남,74세,상해없음
2015083000100147,2015년 8월 30일 08시,일요일,대전광역시 서구 관저동,중상사고,0,1,1,0,차대차 - 측면직각충돌,안전운전불이행,건조,맑음,단일로 - 기타,화물,남,43세,상해없음,승용,남,47세,경상
2015083000100165,2015년 8월 30일 09시,일요일,대전광역시 서구 탄방동,중상사고,0,1,0,0,차대사람 - 기타,안전운전불이행,건조,맑음,기타 - 기타,자전거,남,20세,상해없음,보행자,여,37세,중상
2015083000100215,2015년 8월 30일 11시,일요일,대전광역시 대덕구 석봉동,중상사고,0,1,0,0,차대차 - 추돌 - 진행중,안전운전불이행,건조,맑음,교차로 - 교차로부근,건설기계,남,36세,기타불명,이륜,남,80세,중상
2015083000100235,2015년 8월 30일 12시,일요일,대전광역시 서구 도마동,중상사고,0,2,1,0,차대차 - 정면충돌,중앙선침범,건조,맑음,단일로 - 기타,승용,남,25세,상해없음,승용,여,66세,경상
2015083000100236,2015년 8월 30일 12시,일요일,대전광역시 서구 둔산동,경상사고,0,0,1,0,차대사람 - 차도통행중,안전운전불이행,건조,맑음,단일로 - 기타,승용,남,34세,상해없음,보행자,남,26세,경상
2015083000100265,2015년 8월 30일 13시,일요일,대전광역시 서구 변동,경상사고,0,0,1,0,차대차 - 측면직각충돌,안전운전불이행,건조,맑음,단일로 - 기타,승용,남,42세,상해없음,이륜,남,21세,경상
2015083000100266,2015년 8월 30일 13시,일요일,대전광역시 대덕구 신일동,중상사고,0,1,0,0,차대차 - 추돌 - 진행중,안전운전불이행,건조,맑음,교차로 - 교차로부근,기타불명,기타불명,기타불명,기타불명,승용,남,52세,상해없음
2015083000100332,2015년 8월 30일 15시,일요일,대전광역시 유성구 노은동,중상사고,0,1,1,0,차대차 - 추돌 - 진행중,안전거리미확보,건조,맑음,단일로 - 기타,승용,여,21세,상해없음,승용,남,30세,중상
2015083000100333,2015년 8월 30일 15시,일요일,대전광역시 유성구 구암동,중상사고,0,1,0,0,차대차 - 정면충돌,신호위반,건조,맑음,교차로 - 교차로안,승용,여,46세,상해없음,승용,남,21세,중상
2015083000100334,2015년 8월 30일 15시,일요일,대전광역시 유성구 장대동,경상사고,0,0,1,0,차대사람 - 횡단중,안전운전불이행,건조,맑음,단일로 - 기타,승용,남,56세,기타불명,보행자,여,72세,경상
2015083000100365,2015년 8월 30일 16시,일요일,대전광역시 서구 용문동,경상사고,0,0,1,0,차대차 - 측면직각충돌,교차로운행방법위반,건조,맑음,교차로 - 교차로안,승용,남,33세,상해없음,자전거,남,15세,경상
2015083000100406,2015년 8월 30일 17시,일요일,대전광역시 서구 월평동,경상사고,0,0,1,0,차대차 - 정면충돌,신호위반,건조,맑음,교차로 - 교차로안,승용,여,57세,상해없음,승용,여,42세,경상
2015083000100407,2015년 8월 30일 17시,일요일,대전광역시 서구 갈마동,경상사고,0,0,2,0,차대차 - 측면직각충돌,안전거리미확보,건조,맑음,단일로 - 기타,승용,여,25세,상해없음,승합,남,44세,상해없음
2015083000100408,2015년 8월 30일 17시,일요일,대전광역시 서구 탄방동,경상사고,0,0,1,0,차대차 - 추돌 - 진행중,안전운전불이행,건조,맑음,교차로 - 교차로부근,승용,남,58세,상해없음,승용,여,28세,경상
2015083000100475,2015년 8월 30일 19시,일요일,대전광역시 중구 대사동,중상사고,0,1,0,0,차대차 - 측면직각충돌,신호위반,습기,비,단일로 - 기타,승용,남,79세,상해없음,원동기,남,19세,중상
2015083000100476,2015년 8월 30일 19시,일요일,대전광역시 서구 월평동,경상사고,0,0,1,0,차대차 - 측면직각충돌,안전거리미확보,습기,비,단일로 - 기타,승용,여,50세,상해없음,이륜,남,44세,경상