사고번호,사고일시,요일,시군구,사고내용,사망자수,중상자수,경상자수,부상신고자수,사고유형,법규위반,노면상태,기상상태,도로형태,가해운전자 차종,가해운전자 성별,가해운전자 연령,가해운전자 상해정도,피해운전자 차종,피해운전자 성별,피해운전자 연령,피해운전자 상해정도
2015091600100667,2015년 9월 16일 21시,수요일,대전광역시 대덕구 읍내동,경상사고,0,0,1,0,차대차 - 추돌 - 주정차중,안전운전불이행,건조,맑음,단일로 - 기타,승용,남,39세,상해없음,승용,남,54세,경상
2015091600100668,2015년 9월 16일 21시,수요일,대전광역시 서구 둔산동,경상사고,0,0,1,0,차대사람 - 횡단중,신호위반,건조,맑음,단일로 - 횡단보도상,이륜,남,23세,상해없음,보행자,남,17세,경상
2015091600100669,2015년 9월 16일 21시,수요일,대전광역시 서구 둔산동,중상사고,0,1,1,0,차대차 - 추돌 - 주정차중,안전운전불이행,건조,맑음,단일로 - 기타,승용,남,31세,상해없음,승용,남,47세,경상
2015091600100670,2015년 9월 16일 21시,수요일,대전광역시 유성구 도룡동,경상사고,0,0,1,0,차대차 - 추돌 - 진행중,안전거리미확보,건조,맑음,단일로 - 기타,승용,여,49세,상해없음,승용,남,55세,경상
2015091600100739,2015년 9월 16일 23시,수요일,대전광역시 서구 가수원동,경상사고,0,0,1,0,차대차 - 측면직각충돌,안전운전불이행,건조,맑음,교차로 - 교차로안,승용,남,47세,상해없음,승합,남,48세,경상
2015091600100740,2015년 9월 16일 23시,수요일,대전광역시 서구 내동,중상사고,0,1,2,0,차대차 - 추돌 - 진행중,안전운전불이행,건조,맑음,교차로 - 교차로부근,승용,남,44세,상해없음,승용,남,22세,경상
2015091700100041,2015년 9월 17일 01시,목요일,대전광역시 중구 유천동,경상사고,0,0,7,0,차대차 - 추돌 - 주정차중,안전운전불이행,건조,맑음,교차로 - 교차로부근,승용,남,37세,상해없음,승합,남,41세,경상
2015091700100138,2015년 9월 17일 07시,목요일,대전광역시 유성구 장대동,경상사고,0,0,1,0,차대사람 - 횡단중,안전운전불이행,건조,맑음,단일로 - 횡단보도상,승용,남,35세,기타불명,보행자,여,18세,경상
2015091700100207,2015년 9월 17일 08시,목요일,대전광역시 동구 인동,중상사고,0,1,0,0,차대차 - 기타,안전운전불이행,건조,기타,교차로 - 교차로안,승용,여,60세,상해없음,이륜,남,36세,중상
2015091700100209,2015년 9월 17일 08시,목요일,대전광역시 서구 둔산동,경상사고,0,0,1,0,차대차 - 기타,안전거리미확보,건조,맑음,단일로 - 기타,승용,남,61세,상해없음,승용,여,25세,경상
2015091700100238,2015년 9월 17일 09시,목요일,대전광역시 서구 월평동,경상사고,0,0,1,0,차대차 - 추돌 - 진행중,안전운전불이행,건조,맑음,교차로 - 교차로안,승용,남,25세,상해없음,승용,남,51세,상해없음
2015091700100276,2015년 9월 17일 10시,목요일,대전광역시 유성구 도룡동,경상사고,0,0,1,0,차대차 - 기타,신호위반,건조,맑음,교차로 - 교차로안,승용,남,41세,상해없음,승용,남,38세,경상
2015091700100343,2015년 9월 17일 12시,목요일,대전광역시 중구 대흥동,경상사고,0,0,1,0,차대차 - 기타,안전운전불이행,건조,맑음,단일로 - 기타,승용,남,56세,상해없음,승합,남,56세,상해없음
2015091700100344,2015년 9월 17일 12시,목요일,대전광역시 동구 가양동,경상사고,0,0,1,0,차대사람 - 횡단중,신호위반,건조,맑음,단일로 - 기타,원동기,남,23세,상해없음,보행자,여,68세,경상
2015091700100487,2015년 9월 17일 16시,목요일,대전광역시 서구 가수원동,중상사고,0,1,0,0,차대차 - 측면직각충돌,안전거리미확보,건조,맑음,단일로 - 기타,승용,남,28세,상해없음,이륜,남,46세,중상
2015091700100536,2015년 9월 17일 17시,목요일,대전광역시 서구 둔산동,경상사고,0,0,3,0,차대차 - 측면직각충돌,교차로운행방법위반,건조,맑음,교차로 - 교차로안,승용,남,33세,기타불명,승용,여,52세,경상
2015091700100593,2015년 9월 17일 18시,목요일,대전광역시 서구 갈마동,부상신고사고,0,0,0,1,차대차 - 측면직각충돌,안전운전불이행,건조,맑음,교차로 - 교차로부근,승용,남,77세,상해없음,자전거,남,78세,부상신고
2015091700100649,2015년 9월 17일 19시,목요일,대전광역시 동구 대동,중상사고,0,1,0,0,차대사람 - 기타,안전운전불이행,건조,맑음,단일로 - 기타,이륜,남,58세,상해없음,보행자,여,90세 이상,중상
2015091700100650,2015년 9월 17일 19시,목요일,대전광역시 동구 판암동,경상사고,0,0,2,0,차대차 - 측면직각충돌,안전운전불이행,건조,맑음,교차로 - 교차로안,승용,남,39세,상해없음,승합,남,29세,경상
2015091700100684,2015년 9월 17일 20시,목요일,대전광역시 중구 부사동,중상사고,0,1,0,0,차대차 - 측면직각충돌,안전운전불이행,건조,맑음,교차로 - 교차로안,승용,남,63세,상해없음,원동기,여,56세,중상
2015091700100685,2015년 9월 17일 20시,목요일,대전광역시 서구 갈마동,경상사고,0,0,1,0,차대차 - 측면직각충돌,교차로운행방법위반,건조,맑음,교차로 - 교차로안,승용,남,55세,상해없음,승용,남,36세,기타불명
2015091700100718,2015년 9월 17일 21시,목요일,대전광역시 대덕구 신대동,중상사고,0,1,2,0,차대차 - 추돌 - 주정차중,안전운전불이행,건조,맑음,단일로 - 기타,특수,남,42세,상해없음,승용,남,28세,중상
2015091700100719,2015년 9월 17일 21시,목요일,대전광역시 유성구 궁동,경상사고,0,0,1,0,차대차 - 추돌 - 진행중,안전운전불이행,건조,맑음,교차로 - 교차로부근,승합,남,49세,상해없음,승용,여,26세,경상
2015091700100720,2015년 9월 17일 21시,목요일,대전광역시 유성구 장대동,중상사고,0,1,0,0,차대차 - 측면직각충돌,신호위반,건조,맑음,교차로 - 교차로안,승용,남,27세,상해없음,자전거,남,25세,중상
2015091700100759,2015년 9월 17일 22시,목요일,대전광역시 동구 가오동,경상사고,0,0,2,0,차대차 - 측면직각충돌,신호위반,건조,맑음,교차로 - 교차로안,승용,남,52세,상해없음,이륜,남,18세,경상
2015091700100760,2015년 9월 17일 22시,목요일,대전광역시 유성구 도룡동,경상사고,0,0,2,0,차대차 - 추돌 - 진행중,안전거리미확보,건조,기타,단일로 - 기타,승용,여,45세,상해없음,승용,남,51세,경상
2015091700100791,2015년 9월 17일 23시,목요일,대전광역시 중구 중촌동,경상사고,0,0,3,0,차대차 - 추돌 - 주정차중,안전운전불이행,건조,맑음,단일로 - 기타,승용,남,43세,상해없음,화물,남,55세,경상
2015091800100056,2015년 9월 18일 03시,금요일,대전광역시 서구 내동,경상사고,0,0,1,0,차대차 - 측면직각충돌,중앙선침범,건조,맑음,단일로 - 기타,승용,남,38세,상해없음,화물,남,34세,경상
2015091800100065,2015년 9월 18일 04시,금요일,대전광역시 대덕구 오정동,중상사고,0,1,0,0,차대사람 - 횡단중,안전운전불이행,건조,맑음,교차로 - 교차로부근,승용,남,51세,상해없음,보행자,여,51세,중상
2015091800100066,2015년 9월 18일 04시,금요일,대전광역시 유성구 화암동,사망사고,1,0,0,0,차량단독 - 기타,안전운전불이행,건조,맑음,교차로 - 교차로부근,승용,여,31세,사망,,,,
2015091800100078,2015년 9월 18일 05시,금요일,대전광역시 서구 탄방동,경상사고,0,0,1,0,차대차 - 기타,안전운전불이행,건조,맑음,교차로 - 교차로부근,기타불명,기타불명,기타불명,기타불명,자전거,남,50세,경상
2015091800100179,2015년 9월 18일 08시,금요일,대전광역시 서구 괴정동,중상사고,0,1,0,0,차대사람 - 횡단중,보행자보호의무위반,건조,맑음,교차로 - 교차로안,승용,남,52세,상해없음,보행자,남,13세,중상
2015091800100262,2015년 9월 18일 10시,금요일,대전광역시 동구 낭월동,중상사고,0,1,0,0,차대차 - 기타,안전운전불이행,건조,맑음,단일로 - 기타,승용,여,35세,기타불명,승용,여,40세,상해없음
2015091800100293,2015년 9월 18일 11시,금요일,대전광역시 동구 신상동,경상사고,0,0,1,0,차대차 - 추돌 - 진행중,중앙선침범,건조,맑음,단일로 - 기타,화물,남,64세,상해없음,원동기,남,68세,경상
2015091800100294,2015년 9월 18일 11시,금요일,대전광역시 서구 변동,중상사고,0,1,0,0,차대차 - 측면직각충돌,교차로운행방법위반,건조,맑음,교차로 - 교차로안,이륜,남,58세,중상,승용,남,51세,상해없음
2015091800100295,2015년 9월 18일 11시,금요일,대전광역시 서구 정림동,경상사고,0,0,2,0,차대차 - 추돌 - 진행중,안전거리미확보,건조,맑음,교차로 - 교차로부근,승용,남,29세,상해없음,승용,여,47세,경상
2015091800100329,2015년 9월 18일 12시,금요일,대전광역시 중구 중촌동,중상사고,0,2,0,0,차대차 - 추돌 - 진행중,안전거리미확보,건조,맑음,단일로 - 기타,화물,남,47세,상해없음,승용,남,53세,중상
2015091800100370,2015년 9월 18일 13시,금요일,대전광역시 대덕구 상서동,경상사고,0,0,4,0,차대차 - 추돌 - 진행중,안전운전불이행,건조,맑음,단일로 - 기타,승합,남,52세,상해없음,승용,남,59세,경상
2015091800100450,2015년 9월 18일 15시,금요일,대전광역시 동구 효동,경상사고,0,0,1,0,차대차 - 측면직각충돌,중앙선침범,건조,맑음,단일로 - 기타,승용,여,52세,상해없음,승용,남,66세,경상
2015091800100451,2015년 9월 18일 15시,금요일,대전광역시 서구 둔산동,경상사고,0,0,3,0,차대차 - 추돌 - 주정차중,안전운전불이행,건조,맑음,교차로 - 교차로부근,승합,남,49세,상해없음,승용,여,59세,경상
2015091800100495,2015년 9월 18일 16시,금요일,대전광역시 동구 가양동,경상사고,0,0,1,0,차대차 - 추돌 - 진행중,안전운전불이행,건조,맑음,교차로 - 교차로안,승용,남,55세,상해없음,승합,남,50세,경상
2015091800100496,2015년 9월 18일 16시,금요일,대전광역시 서구 도마동,경상사고,0,0,1,0,차대사람 - 횡단중,보행자보호의무위반,건조,맑음,단일로 - 횡단보도상,화물,남,64세,상해없음,보행자,여,54세,경상
2015091800100497,2015년 9월 18일 16시,금요일,대전광역시 유성구 장대동,경상사고,0,0,1,0,차대차 - 기타,기타,건조,맑음,교차로 - 교차로부근,승용,남,59세,상해없음,자전거,여,61세,경상
2015091800100542,2015년 9월 18일 17시,금요일,대전광역시 동구 용운동,중상사고,0,1,0,0,차대차 - 기타,안전거리미확보,건조,맑음,단일로 - 기타,승용,여,31세,상해없음,원동기,남,64세,중상
2015091800100543,2015년 9월 18일 17시,금요일,대전광역시 동구 중동,중상사고,0,1,0,0,차대사람 - 횡단중,안전운전불이행,건조,맑음,단일로 - 기타,승용,여,71세,상해없음,보행자,여,55세,중상
2015091800100544,2015년 9월 18일 17시,금요일,대전광역시 대덕구 비래동,경상사고,0,0,1,0,차대사람 - 길가장자리구역통행중,안전운전불이행,건조,맑음,단일로 - 기타,승합,남,55세,기타불명,보행자,남,54세,경상
2015091800100592,2015년 9월 18일 18시,금요일,대전광역시 서구 관저동,중상사고,0,1,1,0,차대차 - 측면직각충돌,교차로운행방법위반,건조,맑음,교차로 - 교차로안,승용,남,23세,중상,승용,남,49세,경상
2015091800100593,2015년 9월 18일 18시,금요일,대전광역시 유성구 용계동,경상사고,0,0,2,0,차대차 - 측면직각충돌,안전운전불이행,건조,맑음,교차로 - 교차로부근,승용,여,49세,상해없음,승용,남,31세,경상
2015091800100657,2015년 9월 18일 19시,금요일,대전광역시 중구 목동,경상사고,0,0,1,0,차대사람 - 횡단중,안전운전불이행,건조,맑음,교차로 - 교차로안,승용,남,19세,상해없음,보행자,남,8세,경상
2015091800100658,2015년 9월 18일 19시,금요일,대전광역시 서구 변동,경상사고,0,0,1,0,차대차 - 추돌 - 진행중,안전운전불이행,건조,맑음,단일로 - 기타,승용,남,66세,상해없음,승용,여,33세,경상
2015091800100659,2015년 9월 18일 19시,금요일,대전광역시 서구 복수동,경상사고,0,0,1,0,차대차 - 추돌 - 진행중,안전거리미확보,건조,맑음,단일로 - 기타,승용,남,32세,상해없음,승용,여,59세,경상
2015091800100660,2015년 9월 18일 19시,금요일,대전광역시 대덕구 중리동,경상사고,0,0,3,0,차대차 - 추돌 - 주정차중,안전운전불이행,건조,맑음,교차로 - 교차로부근,화물,남,47세,상해없음,승용,여,40세,경상
2015091800100715,2015년 9월 18일 20시,금요일,대전광역시 서구 월평동,경상사고,0,0,1,0,차대차 - 추돌 - 진행중,안전운전불이행,건조,맑음,단일로 - 기타,승용,남,51세,상해없음,승용,남,24세,경상
2015091800100750,2015년 9월 18일 21시,금요일,대전광역시 중구 사정동,경상사고,0,0,2,0,차대차 - 추돌 - 진행중,안전운전불이행,건조,맑음,교차로 - 교차로안,승용,남,58세,상해없음,승용,여,65세,경상
2015091800100791,2015년 9월 18일 22시,금요일,대전광역시 서구 갈마동,경상사고,0,0,1,0,차대차 - 기타,교차로운행방법위반,건조,맑음,교차로 - 교차로안,원동기,남,26세,상해없음,원동기,남,28세,경상
2015091800100826,2015년 9월 18일 23시,금요일,대전광역시 대덕구 석봉동,중상사고,0,1,0,0,차대차 - 기타,신호위반,건조,흐림,교차로 - 교차로안,승용,여,21세,상해없음,원동기,남,35세,중상
2015091800100827,2015년 9월 18일 23시,금요일,대전광역시 서구 월평동,중상사고,0,1,0,0,차대사람 - 기타,안전운전불이행,건조,맑음,단일로 - 기타,승용,남,52세,상해없음,보행자,남,47세,중상
2015091900100024,2015년 9월 19일 00시,토요일,대전광역시 서구 용문동,경상사고,0,0,3,0,차대차 - 추돌 - 주정차중,안전운전불이행,건조,맑음,단일로 - 기타,승용,여,24세,상해없음,승용,남,51세,경상
2015091900100025,2015년 9월 19일 00시,토요일,대전광역시 유성구 신성동,경상사고,0,0,1,0,차대차 - 기타,안전운전불이행,건조,맑음,교차로 - 교차로안,승용,남,45세,상해없음,승용,여,41세,경상
2015091900100069,2015년 9월 19일 02시,토요일,대전광역시 동구 가양동,경상사고,0,0,1,0,차대차 - 측면직각충돌,안전거리미확보,건조,맑음,교차로 - 교차로부근,승용,남,53세,기타불명,승용,남,62세,경상
2015091900100085,2015년 9월 19일 03시,토요일,대전광역시 동구 가양동,중상사고,0,1,0,0,차대차 - 기타,안전운전불이행,건조,맑음,단일로 - 기타,승용,남,72세,상해없음,원동기,남,25세,중상
2015091900100095,2015년 9월 19일 04시,토요일,대전광역시 서구 오동,중상사고,0,1,2,0,차대차 - 정면충돌,중앙선침범,건조,맑음,단일로 - 기타,승용,남,65세,상해없음,승용,남,28세,중상
2015091900100120,2015년 9월 19일 05시,토요일,대전광역시 서구 둔산동,경상사고,0,0,1,0,차대차 - 기타,안전거리미확보,건조,맑음,미분류 - 미분류,건설기계,남,42세,상해없음,승용,여,38세,경상
2015091900100216,2015년 9월 19일 09시,토요일,대전광역시 서구 갈마동,경상사고,0,0,1,0,차대차 - 측면직각충돌,신호위반,건조,맑음,교차로 - 교차로안,승용,여,59세,상해없음,승용,남,46세,경상
2015091900100252,2015년 9월 19일 10시,토요일,대전광역시 대덕구 중리동,중상사고,0,1,5,0,차대차 - 기타,안전운전불이행,건조,맑음,단일로 - 기타,승용,남,33세,상해없음,승용,남,53세,중상
2015091900100339,2015년 9월 19일 12시,토요일,대전광역시 유성구 노은동,중상사고,0,2,1,0,차대사람 - 차도통행중,안전운전불이행,건조,맑음,단일로 - 기타,승용,남,32세,상해없음,보행자,여,13세,중상
2015091900100382,2015년 9월 19일 13시,토요일,대전광역시 서구 가수원동,중상사고,0,1,0,0,차대차 - 측면직각충돌,안전운전불이행,건조,맑음,단일로 - 기타,승용,여,35세,상해없음,이륜,남,70세,중상
2015091900100425,2015년 9월 19일 14시,토요일,대전광역시 서구 둔산동,경상사고,0,0,3,0,차대차 - 추돌 - 진행중,안전거리미확보,건조,맑음,교차로 - 교차로부근,승용,남,33세,상해없음,승용,여,41세,경상
2015091900100426,2015년 9월 19일 14시,토요일,대전광역시 유성구 궁동,중상사고,0,1,1,0,차대차 - 정면충돌,안전운전불이행,건조,맑음,단일로 - 기타,자전거,남,22세,경상,자전거,남,24세,중상
2015091900100510,2015년 9월 19일 16시,토요일,대전광역시 동구 원동,중상사고,0,1,1,0,차대차 - 측면직각충돌,안전운전불이행,건조,맑음,교차로 - 교차로안,원동기,남,60세,중상,승용,남,50세,상해없음
2015091900100572,2015년 9월 19일 17시,토요일,대전광역시 서구 둔산동,경상사고,0,0,1,0,차대사람 - 길가장자리구역통행중,안전운전불이행,건조,맑음,단일로 - 기타,승용,여,35세,상해없음,보행자,여,39세,경상
2015091900100573,2015년 9월 19일 17시,토요일,대전광역시 서구 탄방동,경상사고,0,0,2,0,차대차 - 추돌 - 진행중,안전거리미확보,건조,맑음,단일로 - 기타,승용,남,47세,상해없음,승용,남,43세,경상
2015091900100607,2015년 9월 19일 18시,토요일,대전광역시 중구 부사동,중상사고,0,1,1,0,차대차 - 기타,안전거리미확보,건조,맑음,단일로 - 기타,건설기계,남,52세,상해없음,승용,남,56세,중상
2015091900100608,2015년 9월 19일 18시,토요일,대전광역시 대덕구 법동,경상사고,0,0,1,0,차대사람 - 횡단중,보행자보호의무위반,건조,맑음,교차로 - 교차로부근,원동기,남,20세,상해없음,보행자,남,47세,경상
2015091900100609,2015년 9월 19일 18시,토요일,대전광역시 서구 둔산동,경상사고,0,0,1,0,차대차 - 기타,안전운전불이행,건조,맑음,교차로 - 교차로부근,승용,남,54세,상해없음,자전거,남,13세,경상
2015091900100664,2015년 9월 19일 19시,토요일,대전광역시 중구 산성동,경상사고,0,0,2,0,차대차 - 추돌 - 진행중,안전거리미확보,건조,맑음,교차로 - 교차로안,승용,남,67세,상해없음,승용,여,32세,경상
2015091900100701,2015년 9월 19일 20시,토요일,대전광역시 중구 유천동,경상사고,0,0,1,0,차대사람 - 차도통행중,안전운전불이행,건조,맑음,단일로 - 기타,승용,기타불명,기타불명,기타불명,보행자,여,4세,경상
2015091900100739,2015년 9월 19일 21시,토요일,대전광역시 중구 유천동,경상사고,0,0,3,0,차대차 - 추돌 - 진행중,안전운전불이행,건조,맑음,단일로 - 기타,승용,남,28세,상해없음,승용,여,32세,경상
2015091900100767,2015년 9월 19일 22시,토요일,대전광역시 유성구 궁동,부상신고사고,0,0,0,1,차대사람 - 기타,안전운전불이행,건조,맑음,단일로 - 기타,기타불명,기타불명,기타불명,기타불명,보행자,남,21세,부상신고
2015092000100016,2015년 9월 20일 00시,일요일,대전광역시 서구 갈마동,경상사고,0,0,6,0,차대차 - 정면충돌,중앙선침범,건조,맑음,교차로 - 교차로부근,승용,남,30세,상해없음,승용,남,68세,경상
2015092000100088,2015년 9월 20일 05시,일요일,대전광역시 동구 가양동,경상사고,0,0,1,0,차대차 - 측면직각충돌,신호위반,건조,맑음,교차로 - 교차로안,승용,여,25세,상해없음,승용,남,70세,경상
2015092000100089,2015년 9월 20일 05시,일요일,대전광역시 유성구 관평동,경상사고,0,0,3,0,차대차 - 측면직각충돌,신호위반,건조,맑음,교차로 - 교차로안,승용,남,64세,상해없음,승용,남,46세,경상
2015092000100125,2015년 9월 20일 07시,일요일,대전광역시 서구 변동,중상사고,0,1,0,0,차대차 - 추돌 - 진행중,안전운전불이행,건조,맑음,단일로 - 기타,이륜,남,54세,중상,승용,남,60세,상해없음
2015092000100165,2015년 9월 20일 09시,일요일,대전광역시 유성구 장대동,경상사고,0,0,1,0,차대차 - 추돌 - 진행중,교차로운행방법위반,건조,맑음,교차로 - 교차로안,승용,여,31세,경상,승용,남,54세,상해없음
2015092000100196,2015년 9월 20일 10시,일요일,대전광역시 동구 용전동,경상사고,0,0,1,0,차대차 - 측면직각충돌,안전운전불이행,건조,맑음,교차로 - 교차로안,화물,남,47세,상해없음,승용,남,71세,상해없음
2015092000100286,2015년 9월 20일 13시,일요일,대전광역시 동구 소제동,경상사고,0,0,1,0,차대차 - 측면직각충돌,안전거리미확보,건조,맑음,단일로 - 기타,승용,남,44세,상해없음,승용,남,67세,경상
2015092000100352,2015년 9월 20일 15시,일요일,대전광역시 서구 둔산동,경상사고,0,0,1,0,차대차 - 측면직각충돌,신호위반,건조,맑음,교차로 - 교차로안,승용,남,55세,상해없음,이륜,남,30세,경상
2015092000100386,2015년 9월 20일 16시,일요일,대전광역시 중구 오류동,경상사고,0,0,1,0,차대차 - 측면직각충돌,신호위반,건조,맑음,교차로 - 교차로안,승용,남,34세,상해없음,이륜,남,46세,경상
2015092000100387,2015년 9월 20일 16시,일요일,대전광역시 동구 용전동,경상사고,0,0,1,0,차대차 - 측면직각충돌,안전운전불이행,건조,맑음,단일로 - 기타,승용,남,43세,상해없음,원동기,남,34세,경상
2015092000100423,2015년 9월 20일 17시,일요일,대전광역시 유성구 상대동,중상사고,0,1,2,0,차대차 - 추돌 - 진행중,안전거리미확보,건조,맑음,교차로 - 교차로안,승용,남,45세,상해없음,승용,남,37세,경상
2015092000100495,2015년 9월 20일 19시,일요일,대전광역시 동구 용전동,경상사고,0,0,1,0,차대사람 - 기타,기타,건조,맑음,단일로 - 기타,승합,남,54세,상해없음,보행자,남,29세,경상
2015092000100559,2015년 9월 20일 21시,일요일,대전광역시 서구 변동,중상사고,0,2,0,0,차대차 - 측면직각충돌,안전운전불이행,건조,맑음,단일로 - 기타,승용,여,56세,상해없음,이륜,남,57세,중상
2015092100100055,2015년 9월 21일 05시,월요일,대전광역시 유성구 노은동,사망사고,1,0,0,0,차대사람 - 횡단중,안전운전불이행,건조,맑음,교차로 - 교차로안,승용,남,50세,상해없음,보행자,남,77세,사망
2015092100100076,2015년 9월 21일 06시,월요일,대전광역시 서구 용문동,경상사고,0,0,1,0,차대차 - 추돌 - 진행중,안전운전불이행,건조,맑음,교차로 - 교차로부근,승용,남,51세,상해없음,화물,남,41세,경상
2015092100100183,2015년 9월 21일 09시,월요일,대전광역시 서구 가장동,중상사고,0,1,0,0,차대사람 - 길가장자리구역통행중,안전운전불이행,건조,맑음,단일로 - 기타,승용,여,58세,상해없음,보행자,여,61세,중상
2015092100100290,2015년 9월 21일 12시,월요일,대전광역시 중구 대흥동,중상사고,0,1,0,0,차대사람 - 횡단중,안전운전불이행,건조,맑음,단일로 - 기타,승용,남,33세,상해없음,보행자,여,66세,중상
2015092100100329,2015년 9월 21일 13시,월요일,대전광역시 유성구 장대동,경상사고,0,0,1,0,차대차 - 측면직각충돌,신호위반,건조,맑음,교차로 - 교차로안,화물,남,65세,상해없음,승용,여,44세,경상
2015092100100366,2015년 9월 21일 14시,월요일,대전광역시 서구 갈마동,경상사고,0,0,1,0,차대차 - 추돌 - 진행중,안전운전불이행,건조,맑음,교차로 - 교차로안,화물,남,43세,상해없음,승용,여,47세,경상
2015092100100367,2015년 9월 21일 14시,월요일,대전광역시 유성구 덕명동,경상사고,0,0,1,0,차대차 - 측면직각충돌,신호위반,건조,맑음,교차로 - 교차로부근,승합,남,56세,상해없음,승용,여,43세,경상
2015092100100368,2015년 9월 21일 14시,월요일,대전광역시 유성구 궁동,경상사고,0,0,1,0,차대차 - 기타,차로위반,건조,맑음,교차로 - 교차로안,승용,남,24세,상해없음,이륜,남,30세,경상
2015092100100416,2015년 9월 21일 15시,월요일,대전광역시 대덕구 대화동,부상신고사고,0,0,0,1,차대차 - 기타,안전운전불이행,건조,맑음,단일로 - 교량,승용,남,81세,기타불명,자전거,남,74세,부상신고
2015092100100477,2015년 9월 21일 16시,월요일,대전광역시 중구 용두동,경상사고,0,0,1,0,차대차 - 측면직각충돌,안전운전불이행,건조,맑음,단일로 - 기타,승용,남,51세,상해없음,자전거,남,73세,경상
2015092100100478,2015년 9월 21일 16시,월요일,대전광역시 중구 부사동,경상사고,0,0,2,0,차대차 - 추돌 - 진행중,안전운전불이행,건조,맑음,교차로 - 교차로안,승용,여,38세,경상,승용,남,28세,경상
2015092100100479,2015년 9월 21일 16시,월요일,대전광역시 서구 둔산동,경상사고,0,0,3,0,차대차 - 측면직각충돌,안전운전불이행,건조,맑음,단일로 - 기타,승용,남,62세,상해없음,승용,여,52세,경상
2015092100100539,2015년 9월 21일 17시,월요일,대전광역시 중구 산성동,경상사고,0,0,1,0,차대차 - 측면직각충돌,안전운전불이행,건조,흐림,단일로 - 기타,승용,여,55세,상해없음,승용,남,41세,경상
2015092100100597,2015년 9월 21일 18시,월요일,대전광역시 유성구 원신흥동,경상사고,0,0,1,0,차량단독 - 기타,기타,건조,맑음,교차로 - 교차로안,승합,남,57세,상해없음,,,,
2015092100100671,2015년 9월 21일 20시,월요일,대전광역시 유성구 지족동,중상사고,0,1,0,0,차대차 - 기타,중앙선침범,건조,맑음,교차로 - 교차로부근,승용,남,31세,상해없음,원동기,남,24세,중상
2015092200100016,2015년 9월 22일 00시,화요일,대전광역시 동구 가양동,경상사고,0,0,1,0,차대차 - 추돌 - 주정차중,안전운전불이행,건조,맑음,단일로 - 기타,승용,남,27세,상해없음,화물,남,69세,경상
2015092200100029,2015년 9월 22일 01시,화요일,대전광역시 유성구 봉명동,경상사고,0,0,4,0,차대차 - 추돌 - 진행중,안전운전불이행,건조,맑음,단일로 - 기타,승용,남,35세,상해없음,승용,남,32세,경상
2015092200100071,2015년 9월 22일 06시,화요일,대전광역시 서구 갈마동,중상사고,0,1,0,0,차대차 - 측면직각충돌,안전운전불이행,건조,맑음,교차로 - 교차로안,승용,남,48세,상해없음,이륜,남,70세,중상
2015092200100102,2015년 9월 22일 07시,화요일,대전광역시 동구 용전동,경상사고,0,0,1,0,차대사람 - 차도통행중,안전운전불이행,건조,맑음,단일로 - 기타,승용,여,33세,상해없음,보행자,남,64세,경상
2015092200100103,2015년 9월 22일 07시,화요일,대전광역시 대덕구 신탄진동,중상사고,0,1,0,0,차대사람 - 횡단중,보행자보호의무위반,건조,맑음,교차로 - 교차로안,화물,남,48세,상해없음,보행자,남,73세,중상
2015092200100207,2015년 9월 22일 09시,화요일,대전광역시 중구 옥계동,중상사고,0,1,9,0,차대차 - 측면직각충돌,차로위반,건조,맑음,단일로 - 기타,승용,여,42세,경상,승합,남,56세,경상
2015092200100208,2015년 9월 22일 09시,화요일,대전광역시 서구 월평동,경상사고,0,0,1,0,차대차 - 정면충돌,안전운전불이행,건조,맑음,단일로 - 기타,자전거,남,16세,상해없음,자전거,남,28세,경상
2015092200100209,2015년 9월 22일 09시,화요일,대전광역시 서구 월평동,경상사고,0,0,1,0,차대차 - 측면직각충돌,안전운전불이행,건조,맑음,교차로 - 교차로안,승용,남,53세,상해없음,승용,여,50세,경상
2015092200100210,2015년 9월 22일 09시,화요일,대전광역시 유성구 전민동,경상사고,0,0,1,0,차대차 - 기타,신호위반,건조,맑음,교차로 - 교차로안,승용,여,34세,상해없음,승용,여,21세,경상
2015092200100211,2015년 9월 22일 09시,화요일,대전광역시 유성구 봉명동,경상사고,0,0,1,0,차대사람 - 기타,안전운전불이행,건조,맑음,단일로 - 횡단보도부근,승합,남,32세,상해없음,보행자,여,73세,경상
2015092200100243,2015년 9월 22일 10시,화요일,대전광역시 중구 부사동,경상사고,0,0,1,0,차대사람 - 기타,안전운전불이행,건조,맑음,단일로 - 기타,승합,여,40세,상해없음,보행자,여,51세,경상
2015092200100271,2015년 9월 22일 11시,화요일,대전광역시 동구 판암동,중상사고,0,1,0,0,차대차 - 측면직각충돌,안전운전불이행,건조,맑음,단일로 - 기타,특수,남,55세,상해없음,승용,여,37세,중상
2015092200100312,2015년 9월 22일 12시,화요일,대전광역시 동구 가양동,중상사고,0,1,0,0,차대차 - 추돌 - 주정차중,안전거리미확보,건조,맑음,단일로 - 기타,승용,남,52세,상해없음,승용,남,34세,중상