사고번호,사고일시,요일,시군구,사고내용,사망자수,중상자수,경상자수,부상신고자수,사고유형,법규위반,노면상태,기상상태,도로형태,가해운전자 차종,가해운전자 성별,가해운전자 연령,가해운전자 상해정도,피해운전자 차종,피해운전자 성별,피해운전자 연령,피해운전자 상해정도
2015092200100313,2015년 9월 22일 12시,화요일,대전광역시 서구 내동,중상사고,0,1,0,0,차대사람 - 횡단중,신호위반,건조,맑음,교차로 - 교차로안,이륜,남,19세,상해없음,보행자,남,70세,중상
2015092200100314,2015년 9월 22일 12시,화요일,대전광역시 서구 둔산동,중상사고,0,1,0,0,차대차 - 측면직각충돌,안전거리미확보,건조,맑음,단일로 - 기타,승용,남,32세,상해없음,이륜,남,36세,중상
2015092200100349,2015년 9월 22일 13시,화요일,대전광역시 대덕구 오정동,경상사고,0,0,2,0,차대차 - 측면직각충돌,직진우회전진행방해,건조,맑음,교차로 - 교차로안,화물,남,46세,상해없음,화물,남,40세,경상
2015092200100386,2015년 9월 22일 14시,화요일,대전광역시 유성구 지족동,경상사고,0,0,1,0,차대차 - 측면직각충돌,중앙선침범,건조,맑음,단일로 - 기타,승용,남,69세,상해없음,승용,여,39세,경상
2015092200100587,2015년 9월 22일 18시,화요일,대전광역시 중구 문화동,경상사고,0,0,3,0,차대차 - 추돌 - 진행중,안전거리미확보,건조,맑음,단일로 - 기타,화물,남,53세,상해없음,승용,남,65세,경상
2015092200100641,2015년 9월 22일 19시,화요일,대전광역시 서구 둔산동,경상사고,0,0,1,0,차대차 - 추돌 - 주정차중,안전거리미확보,건조,맑음,단일로 - 기타,승용,남,23세,상해없음,승용,여,45세,경상
2015092200100674,2015년 9월 22일 20시,화요일,대전광역시 동구 홍도동,경상사고,0,0,1,0,차대차 - 기타,교차로운행방법위반,건조,맑음,교차로 - 교차로안,승용,남,43세,상해없음,원동기,남,29세,경상
2015092200100675,2015년 9월 22일 20시,화요일,대전광역시 대덕구 법동,중상사고,0,1,0,0,차대사람 - 보도통행중,기타,건조,맑음,단일로 - 기타,승용,남,43세,상해없음,보행자,여,19세,중상
2015092200100676,2015년 9월 22일 20시,화요일,대전광역시 서구 둔산동,경상사고,0,0,1,0,차대차 - 기타,안전운전불이행,건조,맑음,교차로 - 교차로안,승용,여,48세,기타불명,승용,여,46세,경상
2015092200100714,2015년 9월 22일 21시,화요일,대전광역시 중구 선화동,경상사고,0,0,3,0,차대사람 - 차도통행중,안전운전불이행,건조,맑음,단일로 - 기타,승용,남,54세,상해없음,보행자,여,44세,경상
2015092200100715,2015년 9월 22일 21시,화요일,대전광역시 유성구 방동,경상사고,0,0,2,0,차대차 - 추돌 - 진행중,안전거리미확보,건조,맑음,단일로 - 기타,승용,남,59세,기타불명,승용,남,57세,경상
2015092200100740,2015년 9월 22일 22시,화요일,대전광역시 서구 둔산동,경상사고,0,0,1,0,차대차 - 추돌 - 진행중,안전운전불이행,건조,맑음,단일로 - 기타,승용,남,39세,상해없음,승용,여,44세,경상
2015092200100741,2015년 9월 22일 22시,화요일,대전광역시 유성구 장대동,중상사고,0,1,0,0,차대차 - 측면직각충돌,신호위반,건조,맑음,교차로 - 교차로안,승용,남,58세,상해없음,승용,여,47세,중상
2015092200100742,2015년 9월 22일 22시,화요일,대전광역시 서구 갈마동,경상사고,0,0,1,0,차대차 - 추돌 - 주정차중,안전운전불이행,건조,맑음,교차로 - 교차로부근,승용,남,69세,상해없음,승용,남,36세,경상
2015092200100767,2015년 9월 22일 23시,화요일,대전광역시 대덕구 오정동,경상사고,0,0,2,1,차대차 - 측면직각충돌,교차로운행방법위반,건조,맑음,교차로 - 교차로안,승용,여,53세,상해없음,승용,남,56세,경상
2015092300100014,2015년 9월 23일 00시,수요일,대전광역시 서구 변동,경상사고,0,0,1,0,차대사람 - 길가장자리구역통행중,안전운전불이행,건조,맑음,단일로 - 기타,승용,여,35세,상해없음,보행자,남,47세,경상
2015092300100165,2015년 9월 23일 08시,수요일,대전광역시 중구 대사동,경상사고,0,0,2,0,차대차 - 측면직각충돌,안전거리미확보,건조,맑음,단일로 - 기타,화물,남,58세,상해없음,승용,여,61세,경상
2015092300100166,2015년 9월 23일 08시,수요일,대전광역시 유성구 용산동,중상사고,0,1,0,0,차대차 - 측면직각충돌,안전거리미확보,건조,흐림,단일로 - 기타,승용,남,45세,상해없음,승합,남,43세,상해없음
2015092300100167,2015년 9월 23일 08시,수요일,대전광역시 서구 월평동,중상사고,0,1,0,0,차대사람 - 기타,안전운전불이행,건조,맑음,단일로 - 기타,기타불명,기타불명,기타불명,기타불명,보행자,여,22세,중상
2015092300100194,2015년 9월 23일 09시,수요일,대전광역시 서구 둔산동,경상사고,0,0,1,0,차대차 - 측면직각충돌,신호위반,건조,맑음,교차로 - 교차로안,승용,남,24세,상해없음,승용,여,54세,경상
2015092300100227,2015년 9월 23일 10시,수요일,대전광역시 동구 비룡동,중상사고,0,1,0,0,차대차 - 측면직각충돌,신호위반,건조,맑음,교차로 - 교차로안,승용,남,55세,상해없음,이륜,남,84세,중상
2015092300100257,2015년 9월 23일 11시,수요일,대전광역시 동구 정동,경상사고,0,0,2,0,차대차 - 기타,안전운전불이행,건조,맑음,단일로 - 기타,승용,남,65세,상해없음,승용,남,65세,경상
2015092300100258,2015년 9월 23일 11시,수요일,대전광역시 동구 삼성동,중상사고,0,1,0,0,차량단독 - 기타,안전운전불이행,건조,맑음,교차로 - 교차로안,승합,남,65세,상해없음,,,,
2015092300100299,2015년 9월 23일 12시,수요일,대전광역시 유성구 원촌동,중상사고,0,1,0,0,차대차 - 기타,안전운전불이행,건조,맑음,단일로 - 기타,이륜,남,47세,중상,승용,남,54세,상해없음
2015092300100512,2015년 9월 23일 17시,수요일,대전광역시 유성구 구성동,중상사고,0,1,0,0,차대차 - 기타,안전운전불이행,건조,맑음,단일로 - 기타,승용,남,26세,상해없음,자전거,여,18세,상해없음
2015092300100580,2015년 9월 23일 18시,수요일,대전광역시 서구 둔산동,경상사고,0,0,1,0,차량단독 - 기타,안전운전불이행,건조,맑음,단일로 - 교량,승용,남,67세,기타불명,,,,
2015092300100637,2015년 9월 23일 19시,수요일,대전광역시 서구 가수원동,경상사고,0,0,1,0,차대사람 - 횡단중,안전운전불이행,건조,맑음,교차로 - 교차로부근,승용,남,41세,상해없음,보행자,남,3세,경상
2015092300100638,2015년 9월 23일 19시,수요일,대전광역시 대덕구 신탄진동,경상사고,0,0,1,0,차대사람 - 기타,안전운전불이행,건조,맑음,단일로 - 기타,승합,남,45세,기타불명,보행자,남,58세,경상
2015092300100697,2015년 9월 23일 20시,수요일,대전광역시 동구 성남동,경상사고,0,0,1,0,차대사람 - 기타,안전운전불이행,건조,맑음,단일로 - 기타,화물,남,38세,상해없음,보행자,남,59세,경상
2015092300100698,2015년 9월 23일 20시,수요일,대전광역시 유성구 원촌동,경상사고,0,0,1,0,차대차 - 추돌 - 진행중,안전운전불이행,건조,맑음,단일로 - 기타,이륜,남,40세,경상,기타불명,기타불명,기타불명,기타불명
2015092300100699,2015년 9월 23일 20시,수요일,대전광역시 서구 탄방동,경상사고,0,0,1,0,차대차 - 추돌 - 진행중,안전운전불이행,건조,맑음,단일로 - 기타,승용,여,64세,상해없음,승용,여,42세,경상
2015092300100743,2015년 9월 23일 21시,수요일,대전광역시 중구 사정동,경상사고,0,0,1,0,차대사람 - 길가장자리구역통행중,안전운전불이행,건조,맑음,단일로 - 기타,승용,남,51세,상해없음,보행자,여,14세,경상
2015092300100783,2015년 9월 23일 22시,수요일,대전광역시 동구 가양동,중상사고,0,1,0,0,차대사람 - 기타,안전운전불이행,건조,맑음,교차로 - 교차로부근,승용,여,36세,상해없음,보행자,여,62세,중상
2015092300100784,2015년 9월 23일 22시,수요일,대전광역시 서구 관저동,중상사고,0,1,0,0,차대차 - 측면직각충돌,신호위반,건조,맑음,교차로 - 교차로안,승용,여,59세,상해없음,승용,남,29세,중상
2015092300100785,2015년 9월 23일 22시,수요일,대전광역시 유성구 노은동,경상사고,0,0,1,0,차대사람 - 횡단중,신호위반,건조,맑음,교차로 - 교차로부근,기타불명,기타불명,기타불명,기타불명,보행자,남,33세,경상
2015092400100180,2015년 9월 24일 08시,목요일,대전광역시 유성구 관평동,중상사고,0,1,0,0,차대차 - 측면직각충돌,안전운전불이행,건조,맑음,단일로 - 횡단보도상,승용,남,20세,상해없음,자전거,남,18세,중상
2015092400100216,2015년 9월 24일 09시,목요일,대전광역시 유성구 반석동,경상사고,0,0,1,0,차대사람 - 보도통행중,보행자보호의무위반,건조,맑음,교차로 - 교차로안,승합,남,60세,상해없음,보행자,여,28세,경상
2015092400100217,2015년 9월 24일 09시,목요일,대전광역시 유성구 봉명동,경상사고,0,0,1,0,차대차 - 추돌 - 진행중,안전거리미확보,건조,맑음,단일로 - 기타,승용,남,55세,상해없음,승용,남,26세,경상
2015092400100251,2015년 9월 24일 10시,목요일,대전광역시 중구 대사동,경상사고,0,0,1,0,차대차 - 추돌 - 진행중,안전운전불이행,건조,맑음,단일로 - 기타,승용,여,41세,상해없음,승용,여,38세,상해없음
2015092400100315,2015년 9월 24일 12시,목요일,대전광역시 서구 월평동,경상사고,0,0,1,0,차대차 - 추돌 - 주정차중,안전운전불이행,건조,맑음,교차로 - 교차로안,승용,여,56세,상해없음,승용,남,59세,경상
2015092400100416,2015년 9월 24일 15시,목요일,대전광역시 동구 대동,경상사고,0,0,1,0,차대사람 - 기타,안전운전불이행,건조,맑음,단일로 - 기타,승용,여,31세,상해없음,보행자,남,6세,경상
2015092400100417,2015년 9월 24일 15시,목요일,대전광역시 서구 변동,경상사고,0,0,1,0,차대사람 - 횡단중,신호위반,건조,맑음,단일로 - 횡단보도상,승합,남,64세,상해없음,보행자,여,18세,경상
2015092400100469,2015년 9월 24일 16시,목요일,대전광역시 서구 도안동,경상사고,0,0,4,1,차대차 - 측면직각충돌,안전운전불이행,건조,맑음,단일로 - 기타,승용,남,67세,상해없음,승합,남,40세,경상
2015092400100565,2015년 9월 24일 18시,목요일,대전광역시 유성구 궁동,중상사고,0,1,0,0,차대차 - 기타,신호위반,건조,맑음,교차로 - 교차로안,승용,남,68세,상해없음,이륜,여,25세,중상
2015092400100624,2015년 9월 24일 19시,목요일,대전광역시 서구 용문동,경상사고,0,0,3,0,차대차 - 추돌 - 진행중,안전운전불이행,건조,맑음,단일로 - 기타,승용,남,35세,상해없음,승용,남,42세,경상
2015092400100625,2015년 9월 24일 19시,목요일,대전광역시 유성구 전민동,경상사고,0,0,1,0,차대사람 - 길가장자리구역통행중,안전운전불이행,건조,맑음,단일로 - 기타,승용,남,51세,상해없음,보행자,남,34세,경상
2015092400100666,2015년 9월 24일 20시,목요일,대전광역시 서구 도마동,경상사고,0,0,1,0,차대차 - 추돌 - 진행중,안전운전불이행,건조,맑음,단일로 - 기타,승용,여,40세,상해없음,승용,여,46세,경상
2015092400100702,2015년 9월 24일 21시,목요일,대전광역시 중구 태평동,중상사고,0,1,0,0,차대사람 - 횡단중,안전운전불이행,건조,맑음,교차로 - 교차로부근,승용,여,47세,상해없음,보행자,여,35세,중상
2015092400100703,2015년 9월 24일 21시,목요일,대전광역시 동구 자양동,중상사고,0,1,0,0,차대차 - 기타,안전운전불이행,건조,흐림,단일로 - 기타,승용,남,22세,상해없음,이륜,남,16세,중상
2015092400100782,2015년 9월 24일 23시,목요일,대전광역시 서구 내동,중상사고,0,1,5,0,차대차 - 추돌 - 진행중,안전운전불이행,건조,맑음,교차로 - 교차로부근,승합,남,55세,상해없음,승용,남,54세,경상
2015092400100783,2015년 9월 24일 23시,목요일,대전광역시 유성구 봉명동,경상사고,0,0,1,0,차대차 - 기타,안전운전불이행,건조,맑음,단일로 - 기타,승용,남,48세,상해없음,승용,남,60세,경상
2015092500100026,2015년 9월 25일 00시,금요일,대전광역시 중구 유천동,경상사고,0,0,1,0,차대차 - 측면직각충돌,안전운전불이행,건조,맑음,교차로 - 교차로안,승용,남,43세,상해없음,승용,남,34세,경상
2015092500100027,2015년 9월 25일 00시,금요일,대전광역시 동구 용전동,경상사고,0,0,1,0,차대사람 - 기타,안전운전불이행,건조,맑음,교차로 - 교차로부근,승용,남,57세,상해없음,보행자,남,20세,경상
2015092500100069,2015년 9월 25일 03시,금요일,대전광역시 서구 탄방동,중상사고,0,1,0,0,차대차 - 기타,신호위반,건조,맑음,교차로 - 교차로안,승용,남,23세,상해없음,이륜,남,31세,중상
2015092500100070,2015년 9월 25일 03시,금요일,대전광역시 유성구 구암동,사망사고,1,0,0,0,차대사람 - 횡단중,과속,건조,맑음,단일로 - 기타,승용,남,39세,상해없음,보행자,여,73세,사망
2015092500100092,2015년 9월 25일 05시,금요일,대전광역시 대덕구 신일동,중상사고,0,1,0,0,차대차 - 정면충돌,신호위반,건조,맑음,교차로 - 교차로안,승용,남,71세,상해없음,화물,남,70세,중상
2015092500100108,2015년 9월 25일 06시,금요일,대전광역시 대덕구 읍내동,중상사고,0,1,0,0,차대차 - 정면충돌,안전운전불이행,건조,맑음,단일로 - 기타,자전거,남,42세,상해없음,자전거,여,51세,중상
2015092500100140,2015년 9월 25일 07시,금요일,대전광역시 서구 갈마동,경상사고,0,0,1,0,차대차 - 측면직각충돌,안전거리미확보,건조,맑음,단일로 - 기타,승용,여,28세,상해없음,승용,여,30세,경상
2015092500100216,2015년 9월 25일 09시,금요일,대전광역시 동구 용운동,중상사고,0,1,0,0,차대사람 - 횡단중,안전운전불이행,건조,맑음,교차로 - 교차로안,승용,기타불명,기타불명,기타불명,보행자,여,81세,중상
2015092500100217,2015년 9월 25일 09시,금요일,대전광역시 유성구 봉명동,경상사고,0,0,1,0,차대차 - 추돌 - 주정차중,안전운전불이행,건조,맑음,교차로 - 교차로부근,화물,남,45세,상해없음,승용,여,53세,경상
2015092500100252,2015년 9월 25일 10시,금요일,대전광역시 동구 정동,경상사고,0,0,1,0,차대사람 - 횡단중,보행자보호의무위반,건조,맑음,단일로 - 기타,원동기,여,41세,상해없음,보행자,남,62세,경상
2015092500100300,2015년 9월 25일 11시,금요일,대전광역시 동구 가양동,경상사고,0,0,3,0,차대차 - 측면직각충돌,안전운전불이행,건조,맑음,교차로 - 교차로안,승용,남,73세,상해없음,승용,남,31세,경상
2015092500100301,2015년 9월 25일 11시,금요일,대전광역시 서구 도마동,경상사고,0,0,1,0,차대차 - 추돌 - 주정차중,안전운전불이행,건조,맑음,단일로 - 기타,화물,남,73세,상해없음,이륜,여,67세,경상
2015092500100343,2015년 9월 25일 12시,금요일,대전광역시 서구 탄방동,경상사고,0,0,1,0,차대차 - 추돌 - 진행중,안전운전불이행,건조,맑음,교차로 - 교차로안,승용,남,38세,상해없음,원동기,남,39세,경상
2015092500100391,2015년 9월 25일 13시,금요일,대전광역시 대덕구 오정동,중상사고,0,1,0,0,차대차 - 추돌 - 주정차중,안전운전불이행,건조,맑음,단일로 - 기타,승용,남,42세,상해없음,승용,여,59세,중상
2015092500100392,2015년 9월 25일 13시,금요일,대전광역시 유성구 도룡동,경상사고,0,0,2,0,차대차 - 추돌 - 진행중,안전운전불이행,건조,맑음,단일로 - 기타,승용,여,39세,상해없음,승용,남,49세,경상
2015092500100428,2015년 9월 25일 14시,금요일,대전광역시 서구 도마동,중상사고,0,1,0,1,차대차 - 측면직각충돌,교차로운행방법위반,건조,맑음,교차로 - 교차로안,자전거,여,58세,부상신고,자전거,남,54세,중상
2015092500100429,2015년 9월 25일 14시,금요일,대전광역시 서구 도마동,경상사고,0,0,1,0,차대사람 - 횡단중,신호위반,건조,맑음,단일로 - 횡단보도상,승합,남,52세,상해없음,보행자,남,8세,경상
2015092500100430,2015년 9월 25일 14시,금요일,대전광역시 유성구 교촌동,경상사고,0,0,3,0,차대차 - 측면직각충돌,신호위반,건조,맑음,교차로 - 교차로안,승용,남,59세,상해없음,승용,여,40세,경상
2015092500100487,2015년 9월 25일 15시,금요일,대전광역시 동구 홍도동,경상사고,0,0,1,0,차대차 - 추돌 - 진행중,안전운전불이행,건조,맑음,교차로 - 교차로안,승용,여,46세,상해없음,승용,여,41세,상해없음
2015092500100600,2015년 9월 25일 17시,금요일,대전광역시 중구 대흥동,경상사고,0,0,2,0,차대차 - 추돌 - 진행중,안전운전불이행,건조,맑음,단일로 - 기타,승용,여,64세,상해없음,승용,남,51세,경상
2015092500100601,2015년 9월 25일 17시,금요일,대전광역시 서구 복수동,경상사고,0,0,1,0,차대사람 - 보도통행중,안전운전불이행,건조,맑음,단일로 - 기타,승용,기타불명,기타불명,기타불명,보행자,여,17세,경상
2015092500100602,2015년 9월 25일 17시,금요일,대전광역시 서구 도마동,경상사고,0,0,1,0,차대차 - 측면직각충돌,안전운전불이행,건조,맑음,교차로 - 교차로안,자전거,남,14세,경상,승합,남,52세,상해없음
2015092500100603,2015년 9월 25일 17시,금요일,대전광역시 서구 둔산동,경상사고,0,0,1,0,차대차 - 추돌 - 진행중,안전운전불이행,건조,맑음,교차로 - 교차로안,기타불명,기타불명,기타불명,기타불명,승용,여,35세,경상
2015092500100671,2015년 9월 25일 18시,금요일,대전광역시 동구 가양동,경상사고,0,0,1,0,차대사람 - 기타,중앙선침범,건조,맑음,단일로 - 기타,승용,여,38세,상해없음,보행자,여,71세,경상
2015092500100732,2015년 9월 25일 19시,금요일,대전광역시 중구 부사동,중상사고,0,1,0,0,차대사람 - 길가장자리구역통행중,안전운전불이행,건조,맑음,단일로 - 기타,승용,남,68세,상해없음,보행자,여,54세,중상
2015092500100775,2015년 9월 25일 20시,금요일,대전광역시 중구 대사동,중상사고,0,1,0,0,차대차 - 기타,안전운전불이행,건조,맑음,단일로 - 기타,승용,남,58세,상해없음,원동기,남,26세,중상
2015092500100776,2015년 9월 25일 20시,금요일,대전광역시 동구 가오동,경상사고,0,0,1,0,차대사람 - 기타,안전운전불이행,건조,맑음,교차로 - 교차로안,승용,남,27세,기타불명,보행자,남,35세,경상
2015092500100817,2015년 9월 25일 21시,금요일,대전광역시 대덕구 신일동,중상사고,0,1,0,0,차대차 - 측면직각충돌,안전운전불이행,건조,맑음,교차로 - 교차로안,승용,남,42세,상해없음,승용,남,31세,중상
2015092500100818,2015년 9월 25일 21시,금요일,대전광역시 서구 갈마동,경상사고,0,0,1,0,차대사람 - 기타,안전운전불이행,건조,맑음,단일로 - 기타,승용,여,26세,상해없음,보행자,남,48세,경상
2015092600100028,2015년 9월 26일 00시,토요일,대전광역시 대덕구 중리동,경상사고,0,0,2,0,차대사람 - 횡단중,보행자보호의무위반,건조,맑음,단일로 - 기타,승용,남,43세,상해없음,보행자,여,53세,경상
2015092600100029,2015년 9월 26일 00시,토요일,대전광역시 서구 월평동,중상사고,0,1,3,0,차대차 - 측면직각충돌,신호위반,건조,맑음,교차로 - 교차로안,승용,남,50세,상해없음,승합,남,48세,중상
2015092600100089,2015년 9월 26일 03시,토요일,대전광역시 유성구 장대동,부상신고사고,0,0,0,1,차량단독 - 공작물충돌,안전운전불이행,건조,맑음,단일로 - 기타,승용,남,24세,상해없음,,,,
2015092600100109,2015년 9월 26일 04시,토요일,대전광역시 서구 괴정동,부상신고사고,0,0,0,1,차대사람 - 기타,안전운전불이행,건조,맑음,단일로 - 기타,승용,여,55세,상해없음,보행자,여,29세,부상신고
2015092600100137,2015년 9월 26일 06시,토요일,대전광역시 대덕구 오정동,중상사고,0,2,0,1,차대차 - 정면충돌,중앙선침범,건조,흐림,단일로 - 기타,승용,남,21세,상해없음,승용,남,59세,중상
2015092600100138,2015년 9월 26일 06시,토요일,대전광역시 서구 둔산동,경상사고,0,0,1,0,차대차 - 측면직각충돌,안전운전불이행,건조,맑음,교차로 - 교차로안,승용,여,57세,상해없음,자전거,여,61세,경상
2015092600100151,2015년 9월 26일 07시,토요일,대전광역시 대덕구 읍내동,경상사고,0,0,1,0,차대사람 - 보도통행중,안전운전불이행,건조,맑음,단일로 - 기타,승용,남,24세,상해없음,보행자,남,69세,경상
2015092600100152,2015년 9월 26일 07시,토요일,대전광역시 서구 둔산동,경상사고,0,0,1,0,차대사람 - 기타,안전운전불이행,건조,맑음,단일로 - 기타,승용,남,27세,상해없음,보행자,남,20세,경상
2015092600100172,2015년 9월 26일 08시,토요일,대전광역시 동구 인동,경상사고,0,0,1,0,차대차 - 추돌 - 진행중,안전운전불이행,건조,맑음,교차로 - 교차로안,승용,여,54세,상해없음,승용,여,66세,경상
2015092600100197,2015년 9월 26일 09시,토요일,대전광역시 동구 중동,경상사고,0,0,1,0,차대차 - 측면직각충돌,교차로운행방법위반,건조,맑음,교차로 - 교차로안,승용,남,31세,상해없음,자전거,남,26세,경상
2015092600100230,2015년 9월 26일 10시,토요일,대전광역시 중구 석교동,경상사고,0,0,1,0,차대차 - 추돌 - 진행중,안전운전불이행,건조,맑음,단일로 - 횡단보도부근,승용,남,63세,상해없음,자전거,남,77세,경상
2015092600100231,2015년 9월 26일 10시,토요일,대전광역시 대덕구 신일동,경상사고,0,0,5,0,차대차 - 기타,중앙선침범,건조,맑음,교차로 - 교차로부근,승용,여,54세,상해없음,승용,여,38세,경상
2015092600100260,2015년 9월 26일 11시,토요일,대전광역시 동구 성남동,경상사고,0,0,1,0,차대차 - 추돌 - 주정차중,안전운전불이행,건조,맑음,단일로 - 기타,승용,남,25세,상해없음,승용,남,55세,상해없음
2015092600100290,2015년 9월 26일 12시,토요일,대전광역시 서구 갈마동,중상사고,0,1,4,0,차대차 - 측면직각충돌,교차로운행방법위반,건조,맑음,교차로 - 교차로안,승용,남,44세,상해없음,승용,여,50세,경상
2015092600100348,2015년 9월 26일 14시,토요일,대전광역시 동구 인동,경상사고,0,0,1,0,차대차 - 기타,안전운전불이행,건조,맑음,교차로 - 교차로안,원동기,남,17세,상해없음,자전거,남,53세,경상
2015092600100373,2015년 9월 26일 15시,토요일,대전광역시 중구 석교동,경상사고,0,0,1,0,차대차 - 추돌 - 진행중,안전운전불이행,건조,맑음,단일로 - 횡단보도부근,승합,남,57세,상해없음,승용,남,54세,경상
2015092600100427,2015년 9월 26일 17시,토요일,대전광역시 동구 대동,경상사고,0,0,1,0,차대사람 - 보도통행중,안전운전불이행,건조,맑음,단일로 - 기타,승용,남,62세,상해없음,보행자,여,36세,경상
2015092600100428,2015년 9월 26일 17시,토요일,대전광역시 동구 판암동,경상사고,0,0,1,0,차대차 - 기타,안전운전불이행,건조,맑음,단일로 - 횡단보도상,승용,남,65세,상해없음,자전거,남,17세,경상
2015092600100429,2015년 9월 26일 17시,토요일,대전광역시 유성구 봉명동,경상사고,0,0,1,0,차대차 - 측면직각충돌,안전운전불이행,건조,맑음,단일로 - 기타,승용,남,43세,상해없음,승용,여,27세,경상
2015092600100457,2015년 9월 26일 18시,토요일,대전광역시 서구 용문동,중상사고,0,1,0,0,차대사람 - 길가장자리구역통행중,안전운전불이행,건조,맑음,단일로 - 기타,승용,여,34세,상해없음,보행자,여,29세,중상
2015092600100480,2015년 9월 26일 19시,토요일,대전광역시 동구 낭월동,경상사고,0,0,1,0,차대사람 - 기타,안전운전불이행,건조,맑음,교차로 - 교차로안,승용,남,54세,상해없음,보행자,남,51세,경상
2015092600100481,2015년 9월 26일 19시,토요일,대전광역시 서구 도안동,경상사고,0,0,2,0,차대차 - 추돌 - 진행중,신호위반,건조,맑음,교차로 - 교차로안,승용,남,23세,상해없음,승용,남,72세,경상
2015092600100482,2015년 9월 26일 19시,토요일,대전광역시 서구 용문동,중상사고,0,2,3,0,차대차 - 정면충돌,안전운전불이행,건조,맑음,교차로 - 교차로안,승용,남,56세,경상,승용,여,34세,중상
2015092600100520,2015년 9월 26일 21시,토요일,대전광역시 동구 성남동,경상사고,0,0,3,0,차대차 - 추돌 - 진행중,안전운전불이행,습기,비,교차로 - 교차로안,승용,남,24세,상해없음,승용,남,37세,경상
2015092600100551,2015년 9월 26일 23시,토요일,대전광역시 중구 옥계동,경상사고,0,0,3,0,차대차 - 측면직각충돌,교차로운행방법위반,건조,맑음,교차로 - 교차로안,승용,여,51세,상해없음,승용,남,56세,경상
2015092700100056,2015년 9월 27일 04시,일요일,대전광역시 유성구 도룡동,중상사고,0,2,0,0,차대차 - 측면직각충돌,신호위반,건조,맑음,교차로 - 교차로안,승용,남,18세,상해없음,승합,남,41세,중상
2015092700100087,2015년 9월 27일 07시,일요일,대전광역시 중구 대사동,중상사고,0,1,0,0,차대사람 - 기타,신호위반,건조,맑음,단일로 - 기타,승용,남,47세,상해없음,보행자,여,59세,중상
2015092700100106,2015년 9월 27일 08시,일요일,대전광역시 동구 대동,경상사고,0,0,1,0,차대차 - 기타,안전운전불이행,건조,맑음,단일로 - 터널,승용,남,45세,상해없음,승용,남,64세,경상
2015092700100145,2015년 9월 27일 10시,일요일,대전광역시 유성구 덕명동,중상사고,0,2,4,0,차대차 - 측면직각충돌,안전운전불이행,건조,맑음,교차로 - 교차로안,승용,여,59세,상해없음,승용,남,52세,경상
2015092700100172,2015년 9월 27일 11시,일요일,대전광역시 대덕구 오정동,경상사고,0,0,2,0,차대차 - 추돌 - 주정차중,안전운전불이행,건조,맑음,교차로 - 교차로부근,승용,남,23세,기타불명,승용,남,35세,경상
2015092700100173,2015년 9월 27일 11시,일요일,대전광역시 유성구 금고동,중상사고,0,1,4,0,차대차 - 추돌 - 진행중,안전운전불이행,건조,맑음,단일로 - 기타,승용,여,43세,상해없음,승용,여,46세,경상
2015092700100238,2015년 9월 27일 13시,일요일,대전광역시 서구 가수원동,경상사고,0,0,4,0,차대차 - 추돌 - 진행중,안전운전불이행,건조,맑음,단일로 - 기타,승용,남,26세,상해없음,승용,남,57세,경상
2015092700100270,2015년 9월 27일 14시,일요일,대전광역시 유성구 노은동,경상사고,0,0,2,0,차대차 - 측면직각충돌,안전운전불이행,건조,맑음,단일로 - 기타,승용,남,50세,상해없음,승용,남,26세,경상
2015092700100288,2015년 9월 27일 15시,일요일,대전광역시 대덕구 목상동,경상사고,0,0,3,0,차대차 - 추돌 - 주정차중,안전운전불이행,건조,맑음,단일로 - 기타,화물,남,55세,상해없음,승용,남,49세,경상
2015092700100301,2015년 9월 27일 15시,일요일,대전광역시 동구 성남동,경상사고,0,0,1,0,차대차 - 추돌 - 주정차중,안전운전불이행,건조,맑음,단일로 - 기타,승용,기타불명,기타불명,기타불명,승용,남,53세,상해없음
2015092700100333,2015년 9월 27일 16시,일요일,대전광역시 유성구 송강동,경상사고,0,0,1,0,차대사람 - 횡단중,안전운전불이행,건조,맑음,교차로 - 교차로안,승용,남,40세,상해없음,보행자,여,83세,경상
2015092700100404,2015년 9월 27일 19시,일요일,대전광역시 서구 둔산동,부상신고사고,0,0,0,1,차대차 - 추돌 - 진행중,안전운전불이행,건조,맑음,단일로 - 기타,자전거,기타불명,기타불명,기타불명,자전거,남,11세,부상신고
2015092700100451,2015년 9월 27일 21시,일요일,대전광역시 중구 태평동,경상사고,0,0,1,0,차대차 - 기타,안전운전불이행,건조,맑음,단일로 - 기타,승용,여,48세,상해없음,자전거,남,55세,경상
2015092700100452,2015년 9월 27일 21시,일요일,대전광역시 동구 가양동,경상사고,0,0,2,0,차대차 - 측면직각충돌,직진우회전진행방해,건조,맑음,교차로 - 교차로안,승용,남,19세,기타불명,화물,남,55세,경상
2015092700100473,2015년 9월 27일 22시,일요일,대전광역시 중구 선화동,중상사고,0,1,0,0,차대차 - 추돌 - 진행중,안전운전불이행,건조,맑음,교차로 - 교차로안,승용,남,25세,상해없음,원동기,남,19세,중상
2015092800100022,2015년 9월 28일 01시,월요일,대전광역시 유성구 지족동,중상사고,0,2,0,0,차대차 - 정면충돌,중앙선침범,건조,맑음,단일로 - 기타,승용,남,51세,상해없음,승용,여,55세,중상