사고번호,사고일시,요일,시군구,사고내용,사망자수,중상자수,경상자수,부상신고자수,사고유형,법규위반,노면상태,기상상태,도로형태,가해운전자 차종,가해운전자 성별,가해운전자 연령,가해운전자 상해정도,피해운전자 차종,피해운전자 성별,피해운전자 연령,피해운전자 상해정도
2015092800100033,2015년 9월 28일 02시,월요일,대전광역시 서구 괴정동,경상사고,0,0,3,0,차대사람 - 길가장자리구역통행중,안전운전불이행,건조,맑음,단일로 - 기타,승용,남,25세,상해없음,보행자,남,41세,경상
2015092800100034,2015년 9월 28일 02시,월요일,대전광역시 서구 탄방동,경상사고,0,0,2,0,차대차 - 추돌 - 진행중,안전운전불이행,건조,맑음,교차로 - 교차로부근,승용,남,17세,상해없음,승용,여,55세,상해없음
2015092800100042,2015년 9월 28일 03시,월요일,대전광역시 서구 둔산동,경상사고,0,0,1,0,차대사람 - 기타,안전운전불이행,건조,맑음,단일로 - 기타,승용,남,44세,상해없음,보행자,남,19세,경상
2015092800100050,2015년 9월 28일 04시,월요일,대전광역시 동구 가양동,경상사고,0,0,1,0,차대차 - 추돌 - 주정차중,안전운전불이행,건조,흐림,단일로 - 기타,원동기,남,23세,경상,승용,남,48세,기타불명
2015092800100089,2015년 9월 28일 07시,월요일,대전광역시 유성구 금고동,중상사고,0,1,0,0,차대차 - 정면충돌,중앙선침범,습기,안개,단일로 - 기타,승용,남,15세,상해없음,승용,남,66세,중상
2015092800100096,2015년 9월 28일 08시,월요일,대전광역시 중구 문화동,중상사고,0,1,0,0,차대사람 - 길가장자리구역통행중,안전운전불이행,건조,맑음,단일로 - 기타,승용,남,21세,상해없음,보행자,여,68세,중상
2015092800100144,2015년 9월 28일 11시,월요일,대전광역시 서구 월평동,중상사고,0,5,1,0,차대차 - 기타,안전거리미확보,건조,맑음,단일로 - 기타,승용,남,58세,기타불명,승용,남,42세,중상
2015092800100169,2015년 9월 28일 12시,월요일,대전광역시 유성구 봉명동,경상사고,0,0,1,0,차대차 - 추돌 - 진행중,안전운전불이행,건조,맑음,단일로 - 기타,승용,남,22세,상해없음,승용,남,32세,상해없음
2015092800100280,2015년 9월 28일 16시,월요일,대전광역시 중구 오류동,경상사고,0,0,1,0,차대차 - 추돌 - 주정차중,안전운전불이행,건조,맑음,단일로 - 기타,승용,여,42세,상해없음,승용,여,41세,경상
2015092800100316,2015년 9월 28일 17시,월요일,대전광역시 유성구 봉명동,중상사고,0,1,0,0,차대차 - 정면충돌,안전운전불이행,건조,맑음,단일로 - 기타,자전거,남,23세,상해없음,자전거,남,44세,중상
2015092800100347,2015년 9월 28일 18시,월요일,대전광역시 서구 내동,경상사고,0,0,2,0,차대차 - 추돌 - 주정차중,안전거리미확보,건조,맑음,단일로 - 기타,승합,남,56세,상해없음,승용,남,52세,경상
2015092800100348,2015년 9월 28일 18시,월요일,대전광역시 유성구 구성동,경상사고,0,0,3,0,차대차 - 측면직각충돌,신호위반,건조,맑음,교차로 - 교차로안,승용,여,50세,상해없음,승용,남,54세,경상
2015092800100377,2015년 9월 28일 19시,월요일,대전광역시 서구 내동,경상사고,0,0,1,0,차대차 - 측면직각충돌,신호위반,건조,맑음,교차로 - 교차로부근,승용,남,57세,상해없음,이륜,남,19세,경상
2015092800100414,2015년 9월 28일 20시,월요일,대전광역시 동구 가오동,중상사고,0,1,1,0,차대차 - 측면직각충돌,중앙선침범,건조,맑음,교차로 - 교차로부근,원동기,남,69세,중상,승용,남,63세,상해없음
2015092800100441,2015년 9월 28일 21시,월요일,대전광역시 유성구 봉명동,경상사고,0,0,1,0,차대차 - 측면직각충돌,신호위반,건조,맑음,교차로 - 교차로안,승용,여,53세,상해없음,승용,남,28세,경상
2015092800100493,2015년 9월 28일 23시,월요일,대전광역시 유성구 봉명동,경상사고,0,0,2,0,차대차 - 정면충돌,신호위반,건조,맑음,교차로 - 교차로안,승용,남,60세,경상,원동기,남,21세,경상
2015092900100021,2015년 9월 29일 00시,화요일,대전광역시 동구 용전동,경상사고,0,0,1,0,차대사람 - 기타,안전운전불이행,건조,맑음,교차로 - 교차로안,승용,남,29세,상해없음,보행자,남,28세,경상
2015092900100022,2015년 9월 29일 00시,화요일,대전광역시 서구 복수동,경상사고,0,0,2,0,차대차 - 추돌 - 진행중,안전운전불이행,건조,맑음,교차로 - 교차로안,승용,남,54세,상해없음,승용,남,35세,경상
2015092900100033,2015년 9월 29일 01시,화요일,대전광역시 서구 월평동,경상사고,0,0,2,0,차대차 - 추돌 - 주정차중,안전운전불이행,건조,흐림,단일로 - 기타,승용,남,21세,상해없음,승용,남,81세,경상
2015092900100046,2015년 9월 29일 02시,화요일,대전광역시 동구 삼성동,경상사고,0,0,1,0,차대차 - 측면직각충돌,교차로운행방법위반,건조,맑음,교차로 - 교차로안,승용,남,20세,상해없음,승용,남,57세,경상
2015092900100088,2015년 9월 29일 06시,화요일,대전광역시 서구 둔산동,경상사고,0,0,1,0,차대사람 - 기타,안전운전불이행,건조,맑음,단일로 - 기타,승용,남,60세,상해없음,보행자,남,57세,경상
2015092900100120,2015년 9월 29일 09시,화요일,대전광역시 유성구 성북동,중상사고,0,1,2,0,차대차 - 기타,안전운전불이행,건조,맑음,단일로 - 기타,화물,남,42세,상해없음,승용,여,52세,중상
2015092900100137,2015년 9월 29일 10시,화요일,대전광역시 유성구 원신흥동,중상사고,0,1,0,0,차량단독 - 기타,기타,건조,맑음,단일로 - 기타,승합,남,58세,상해없음,,,,
2015092900100171,2015년 9월 29일 11시,화요일,대전광역시 동구 자양동,경상사고,0,0,2,0,차대차 - 추돌 - 진행중,안전운전불이행,건조,맑음,교차로 - 교차로부근,승용,남,57세,상해없음,승용,여,41세,경상
2015092900100227,2015년 9월 29일 13시,화요일,대전광역시 중구 태평동,경상사고,0,0,3,0,차대차 - 측면직각충돌,직진우회전진행방해,건조,맑음,교차로 - 교차로안,승용,남,69세,기타불명,승용,남,36세,경상
2015092900100228,2015년 9월 29일 13시,화요일,대전광역시 동구 대성동,경상사고,0,0,4,0,차대차 - 추돌 - 주정차중,안전운전불이행,건조,맑음,교차로 - 교차로안,화물,남,51세,상해없음,승용,남,37세,경상
2015092900100266,2015년 9월 29일 14시,화요일,대전광역시 동구 중동,경상사고,0,0,1,0,차대차 - 추돌 - 진행중,안전운전불이행,건조,맑음,단일로 - 기타,승용,남,52세,상해없음,승용,남,55세,경상
2015092900100304,2015년 9월 29일 15시,화요일,대전광역시 서구 복수동,중상사고,0,1,0,0,차대사람 - 기타,안전운전불이행,건조,맑음,단일로 - 기타,승용,남,58세,상해없음,보행자,여,68세,중상
2015092900100305,2015년 9월 29일 15시,화요일,대전광역시 서구 둔산동,경상사고,0,0,3,0,차대차 - 추돌 - 주정차중,안전거리미확보,건조,맑음,교차로 - 교차로부근,승용,남,69세,상해없음,승용,남,55세,경상
2015092900100408,2015년 9월 29일 18시,화요일,대전광역시 중구 선화동,경상사고,0,0,5,0,차대차 - 추돌 - 진행중,안전거리미확보,건조,맑음,교차로 - 교차로부근,승용,남,23세,상해없음,승용,남,54세,경상
2015092900100409,2015년 9월 29일 18시,화요일,대전광역시 유성구 봉명동,경상사고,0,0,1,0,차대차 - 기타,안전운전불이행,건조,맑음,교차로 - 교차로부근,승용,기타불명,기타불명,기타불명,자전거,남,66세,경상
2015092900100445,2015년 9월 29일 19시,화요일,대전광역시 서구 갈마동,경상사고,0,0,3,0,차대차 - 측면직각충돌,교차로운행방법위반,건조,맑음,교차로 - 교차로안,승용,여,31세,상해없음,승용,남,33세,경상
2015092900100474,2015년 9월 29일 20시,화요일,대전광역시 서구 내동,중상사고,0,1,3,3,차대차 - 측면직각충돌,중앙선침범,건조,맑음,교차로 - 교차로부근,승용,남,62세,상해없음,승용,남,31세,경상
2015092900100475,2015년 9월 29일 20시,화요일,대전광역시 대덕구 덕암동,경상사고,0,0,1,0,차대차 - 측면직각충돌,안전운전불이행,건조,맑음,교차로 - 교차로안,이륜,여,22세,상해없음,승용,남,39세,경상
2015092900100476,2015년 9월 29일 20시,화요일,대전광역시 서구 월평동,경상사고,0,0,1,0,차대차 - 추돌 - 진행중,안전운전불이행,건조,맑음,단일로 - 기타,기타불명,기타불명,기타불명,기타불명,승용,여,44세,경상
2015092900100507,2015년 9월 29일 21시,화요일,대전광역시 중구 중촌동,경상사고,0,0,2,0,차대차 - 측면직각충돌,중앙선침범,건조,맑음,단일로 - 기타,승용,남,55세,기타불명,승용,남,34세,경상
2015092900100538,2015년 9월 29일 22시,화요일,대전광역시 동구 용운동,경상사고,0,0,1,0,차대차 - 측면직각충돌,교차로운행방법위반,건조,맑음,교차로 - 교차로안,승용,남,43세,상해없음,원동기,남,24세,경상
2015092900100539,2015년 9월 29일 22시,화요일,대전광역시 대덕구 비래동,경상사고,0,0,1,0,차대차 - 추돌 - 진행중,안전운전불이행,건조,맑음,교차로 - 교차로부근,승용,남,37세,상해없음,승용,남,56세,상해없음
2015093000100033,2015년 9월 30일 02시,수요일,대전광역시 중구 태평동,중상사고,0,1,1,0,차대차 - 추돌 - 주정차중,안전운전불이행,건조,맑음,교차로 - 교차로부근,승용,남,20세,상해없음,원동기,남,20세,중상
2015093000100034,2015년 9월 30일 02시,수요일,대전광역시 서구 둔산동,경상사고,0,0,1,0,차대차 - 추돌 - 진행중,안전운전불이행,건조,맑음,교차로 - 교차로부근,승용,남,70세,상해없음,승용,남,41세,경상
2015093000100053,2015년 9월 30일 04시,수요일,대전광역시 유성구 용산동,경상사고,0,0,1,0,차대차 - 측면직각충돌,신호위반,건조,맑음,교차로 - 교차로안,승용,남,23세,상해없음,승용,남,47세,경상
2015093000100078,2015년 9월 30일 06시,수요일,대전광역시 중구 부사동,경상사고,0,0,1,0,차량단독 - 기타,안전운전불이행,건조,맑음,단일로 - 기타,원동기,남,18세,상해없음,,,,
2015093000100108,2015년 9월 30일 07시,수요일,대전광역시 중구 사정동,경상사고,0,0,1,0,차대차 - 측면직각충돌,안전운전불이행,건조,맑음,단일로 - 기타,승용,남,41세,상해없음,승용,여,35세,경상
2015093000100109,2015년 9월 30일 07시,수요일,대전광역시 유성구 봉산동,경상사고,0,0,1,0,차대차 - 측면직각충돌,차로위반,건조,맑음,단일로 - 기타,승용,남,50세,상해없음,승용,남,34세,경상
2015093000100226,2015년 9월 30일 10시,수요일,대전광역시 서구 탄방동,중상사고,0,1,0,0,차대차 - 기타,신호위반,건조,맑음,단일로 - 횡단보도상,승용,여,52세,상해없음,자전거,남,57세,중상
2015093000100252,2015년 9월 30일 11시,수요일,대전광역시 유성구 봉명동,경상사고,0,0,1,0,차대차 - 추돌 - 진행중,안전운전불이행,건조,맑음,교차로 - 교차로안,승용,남,59세,상해없음,승용,여,36세,경상
2015093000100253,2015년 9월 30일 11시,수요일,대전광역시 서구 탄방동,경상사고,0,0,1,0,차대차 - 추돌 - 진행중,안전운전불이행,건조,맑음,교차로 - 교차로안,승용,여,50세,기타불명,승용,여,33세,경상
2015093000100286,2015년 9월 30일 12시,수요일,대전광역시 서구 괴정동,경상사고,0,0,1,0,차대차 - 측면직각충돌,안전운전불이행,건조,맑음,단일로 - 기타,기타불명,기타불명,기타불명,기타불명,화물,남,36세,경상
2015093000100319,2015년 9월 30일 13시,수요일,대전광역시 대덕구 연축동,중상사고,0,1,0,0,차량단독 - 기타,기타,건조,맑음,단일로 - 기타,승합,남,56세,상해없음,,,,
2015093000100357,2015년 9월 30일 14시,수요일,대전광역시 동구 용전동,중상사고,0,1,0,0,차대차 - 측면직각충돌,안전운전불이행,건조,맑음,교차로 - 교차로부근,승용,남,52세,상해없음,자전거,남,30세,중상
2015093000100358,2015년 9월 30일 14시,수요일,대전광역시 서구 도마동,경상사고,0,0,1,0,차대사람 - 길가장자리구역통행중,안전운전불이행,건조,맑음,단일로 - 기타,승합,남,52세,상해없음,보행자,남,25세,경상
2015093000100359,2015년 9월 30일 14시,수요일,대전광역시 유성구 관평동,중상사고,0,1,0,0,차대사람 - 횡단중,보행자보호의무위반,건조,맑음,단일로 - 횡단보도상,승용,남,56세,상해없음,보행자,남,55세,중상
2015093000100360,2015년 9월 30일 14시,수요일,대전광역시 서구 탄방동,중상사고,0,1,0,0,차대차 - 추돌 - 주정차중,안전운전불이행,건조,맑음,단일로 - 기타,자전거,남,66세,중상,승용,남,42세,상해없음
2015093000100361,2015년 9월 30일 14시,수요일,대전광역시 서구 월평동,경상사고,0,0,1,0,차대차 - 측면직각충돌,교차로운행방법위반,건조,맑음,교차로 - 교차로안,승용,남,62세,상해없음,승용,남,41세,경상
2015093000100394,2015년 9월 30일 15시,수요일,대전광역시 서구 관저동,경상사고,0,0,1,0,차대차 - 측면직각충돌,신호위반,건조,맑음,교차로 - 교차로부근,화물,남,73세,상해없음,승용,여,30세,경상
2015093000100395,2015년 9월 30일 15시,수요일,대전광역시 대덕구 법동,중상사고,0,2,0,0,차대차 - 추돌 - 주정차중,안전운전불이행,건조,맑음,교차로 - 교차로부근,화물,남,55세,상해없음,승용,여,42세,중상
2015093000100520,2015년 9월 30일 18시,수요일,대전광역시 동구 신안동,경상사고,0,0,1,0,차대차 - 측면직각충돌,차로위반,건조,맑음,단일로 - 기타,승용,남,30세,상해없음,승용,남,24세,경상
2015093000100562,2015년 9월 30일 19시,수요일,대전광역시 유성구 봉명동,경상사고,0,0,3,0,차대차 - 기타,신호위반,건조,맑음,교차로 - 교차로안,승용,남,31세,상해없음,승용,남,60세,경상
2015093000100563,2015년 9월 30일 19시,수요일,대전광역시 서구 탄방동,경상사고,0,0,1,0,차대차 - 추돌 - 진행중,안전거리미확보,건조,맑음,단일로 - 기타,승용,남,59세,기타불명,승용,여,29세,경상
2015093000100595,2015년 9월 30일 20시,수요일,대전광역시 중구 문화동,경상사고,0,0,3,0,차대차 - 추돌 - 주정차중,안전운전불이행,건조,흐림,교차로 - 교차로부근,승용,남,59세,기타불명,승용,남,36세,경상
2015093000100596,2015년 9월 30일 20시,수요일,대전광역시 유성구 계산동,중상사고,0,1,2,0,차대차 - 추돌 - 진행중,신호위반,습기,비,교차로 - 교차로안,승용,남,37세,중상,승용,남,64세,경상
2015093000100620,2015년 9월 30일 21시,수요일,대전광역시 중구 선화동,경상사고,0,0,2,0,차대차 - 측면직각충돌,신호위반,건조,기타,교차로 - 교차로안,승용,남,39세,상해없음,승용,남,32세,경상
2015093000100652,2015년 9월 30일 22시,수요일,대전광역시 서구 가장동,경상사고,0,0,1,0,차대사람 - 기타,안전운전불이행,건조,맑음,교차로 - 교차로안,승합,남,70세,상해없음,보행자,남,17세,경상
2015093000100678,2015년 9월 30일 23시,수요일,대전광역시 대덕구 신탄진동,경상사고,0,0,1,0,차대차 - 추돌 - 진행중,안전운전불이행,건조,흐림,단일로 - 기타,승용,기타불명,기타불명,기타불명,화물,남,35세,경상
2015093000100679,2015년 9월 30일 23시,수요일,대전광역시 서구 둔산동,경상사고,0,0,2,0,차대차 - 추돌 - 주정차중,안전운전불이행,습기,비,교차로 - 교차로부근,승용,남,48세,상해없음,승용,남,61세,경상
2015093000100680,2015년 9월 30일 23시,수요일,대전광역시 서구 갈마동,경상사고,0,0,1,0,차대차 - 추돌 - 진행중,안전거리미확보,건조,흐림,교차로 - 교차로안,승용,남,41세,상해없음,승용,남,38세,경상
2015100100100032,2015년 10월 1일 00시,목요일,대전광역시 서구 용문동,경상사고,0,0,1,0,차대차 - 추돌 - 진행중,안전거리미확보,건조,맑음,교차로 - 교차로부근,승용,남,56세,상해없음,승용,남,50세,상해없음
2015100100100047,2015년 10월 1일 01시,목요일,대전광역시 중구 오류동,중상사고,0,1,6,0,차대차 - 추돌 - 주정차중,안전운전불이행,건조,맑음,단일로 - 기타,승용,남,32세,상해없음,승용,남,59세,중상
2015100100100074,2015년 10월 1일 03시,목요일,대전광역시 서구 복수동,경상사고,0,0,1,0,차대차 - 측면직각충돌,신호위반,습기,비,교차로 - 교차로안,승용,남,44세,상해없음,승용,여,50세,경상
2015100100100075,2015년 10월 1일 03시,목요일,대전광역시 유성구 궁동,중상사고,0,2,1,0,차대차 - 추돌 - 주정차중,안전운전불이행,건조,맑음,교차로 - 교차로부근,승용,남,34세,상해없음,승용,남,39세,경상
2015100100100117,2015년 10월 1일 06시,목요일,대전광역시 유성구 방동,경상사고,0,0,1,0,차대차 - 추돌 - 주정차중,안전운전불이행,습기,비,교차로 - 교차로부근,화물,남,48세,상해없음,승용,여,33세,경상
2015100100100140,2015년 10월 1일 07시,목요일,대전광역시 동구 가양동,경상사고,0,0,1,0,차대차 - 측면직각충돌,안전거리미확보,건조,맑음,단일로 - 기타,승용,남,31세,상해없음,화물,남,67세,경상
2015100100100141,2015년 10월 1일 07시,목요일,대전광역시 대덕구 오정동,경상사고,0,0,3,0,차대차 - 측면직각충돌,안전운전불이행,습기,비,교차로 - 교차로안,승용,남,55세,경상,승용,남,46세,경상
2015100100100176,2015년 10월 1일 08시,목요일,대전광역시 대덕구 문평동,경상사고,0,0,1,0,차대차 - 추돌 - 주정차중,불법유턴,건조,맑음,단일로 - 기타,특수,남,34세,상해없음,승용,남,28세,경상
2015100100100177,2015년 10월 1일 08시,목요일,대전광역시 대덕구 법동,경상사고,0,0,1,0,차대차 - 추돌 - 주정차중,차로위반,습기,비,단일로 - 기타,승용,여,36세,기타불명,승용,남,62세,경상
2015100100100178,2015년 10월 1일 08시,목요일,대전광역시 유성구 관평동,경상사고,0,0,3,0,차대차 - 측면직각충돌,교차로운행방법위반,건조,맑음,교차로 - 교차로안,승용,남,45세,경상,승용,여,44세,경상
2015100100100218,2015년 10월 1일 09시,목요일,대전광역시 서구 정림동,경상사고,0,0,1,0,차량단독 - 기타,안전운전불이행,습기,비,단일로 - 기타,승합,남,57세,상해없음,,,,
2015100100100270,2015년 10월 1일 11시,목요일,대전광역시 동구 판암동,중상사고,0,1,0,0,차량단독 - 기타,기타,습기,비,단일로 - 기타,승합,남,58세,상해없음,,,,
2015100100100271,2015년 10월 1일 11시,목요일,대전광역시 서구 용문동,중상사고,0,1,0,0,차대차 - 측면직각충돌,신호위반,습기,비,교차로 - 교차로안,화물,남,46세,상해없음,승용,여,66세,중상
2015100100100272,2015년 10월 1일 11시,목요일,대전광역시 서구 괴정동,경상사고,0,0,2,0,차대차 - 추돌 - 진행중,안전운전불이행,건조,맑음,교차로 - 교차로부근,승용,여,28세,상해없음,화물,남,39세,경상
2015100100100273,2015년 10월 1일 11시,목요일,대전광역시 서구 관저동,경상사고,0,0,1,0,차대차 - 측면직각충돌,안전운전불이행,습기,비,교차로 - 교차로안,승용,남,26세,상해없음,승용,남,36세,경상
2015100100100274,2015년 10월 1일 11시,목요일,대전광역시 유성구 방동,경상사고,0,0,2,0,차대차 - 기타,안전운전불이행,습기,비,교차로 - 교차로부근,화물,남,58세,상해없음,승용,남,61세,경상
2015100100100364,2015년 10월 1일 14시,목요일,대전광역시 서구 월평동,경상사고,0,0,1,0,차대차 - 측면직각충돌,안전운전불이행,습기,비,단일로 - 기타,승용,여,51세,상해없음,승용,남,39세,경상
2015100100100365,2015년 10월 1일 14시,목요일,대전광역시 유성구 봉명동,경상사고,0,0,1,0,차대차 - 측면직각충돌,안전운전불이행,습기,비,교차로 - 교차로안,승용,여,50세,상해없음,이륜,남,32세,경상
2015100100100403,2015년 10월 1일 15시,목요일,대전광역시 중구 산성동,중상사고,0,1,0,0,차대사람 - 횡단중,안전운전불이행,습기,흐림,단일로 - 기타,승용,여,41세,상해없음,보행자,여,62세,중상
2015100100100404,2015년 10월 1일 15시,목요일,대전광역시 유성구 구암동,중상사고,0,1,0,0,차대차 - 기타,안전운전불이행,습기,비,교차로 - 교차로부근,승용,여,46세,상해없음,이륜,남,62세,중상
2015100100100429,2015년 10월 1일 16시,목요일,대전광역시 동구 성남동,경상사고,0,0,1,0,차대차 - 기타,신호위반,습기,비,단일로 - 횡단보도상,승용,남,48세,상해없음,원동기,남,33세,경상
2015100100100430,2015년 10월 1일 16시,목요일,대전광역시 대덕구 읍내동,경상사고,0,0,1,0,차대차 - 추돌 - 진행중,중앙선침범,건조,맑음,단일로 - 기타,승용,남,59세,상해없음,승합,남,54세,경상
2015100100100431,2015년 10월 1일 16시,목요일,대전광역시 동구 삼정동,중상사고,0,1,0,0,차대차 - 기타,안전운전불이행,건조,맑음,기타 - 기타,승합,남,53세,상해없음,자전거,여,54세,중상
2015100100100506,2015년 10월 1일 18시,목요일,대전광역시 서구 관저동,경상사고,0,0,2,0,차대차 - 추돌 - 주정차중,안전운전불이행,습기,비,단일로 - 기타,승합,남,65세,상해없음,승용,여,38세,경상
2015100100100572,2015년 10월 1일 20시,목요일,대전광역시 서구 내동,경상사고,0,0,2,0,차대차 - 측면직각충돌,안전운전불이행,건조,맑음,교차로 - 교차로안,승용,남,41세,상해없음,승용,여,35세,경상
2015100100100597,2015년 10월 1일 21시,목요일,대전광역시 서구 괴정동,경상사고,0,0,1,1,차대차 - 추돌 - 진행중,안전거리미확보,건조,맑음,단일로 - 기타,승합,남,44세,상해없음,승용,남,47세,경상
2015100100100627,2015년 10월 1일 22시,목요일,대전광역시 유성구 궁동,경상사고,0,0,1,0,차대차 - 추돌 - 주정차중,안전운전불이행,건조,흐림,교차로 - 교차로안,승용,남,39세,상해없음,승용,여,44세,경상
2015100100100628,2015년 10월 1일 22시,목요일,대전광역시 유성구 구암동,경상사고,0,0,2,0,차대차 - 추돌 - 주정차중,안전운전불이행,건조,흐림,교차로 - 교차로부근,승용,여,55세,상해없음,승용,여,40세,경상
2015100100100645,2015년 10월 1일 23시,목요일,대전광역시 동구 가양동,부상신고사고,0,0,0,1,차대차 - 정면충돌,안전운전불이행,건조,맑음,교차로 - 교차로안,승용,남,55세,기타불명,이륜,남,21세,부상신고
2015100100100646,2015년 10월 1일 23시,목요일,대전광역시 유성구 노은동,경상사고,0,0,2,0,차대차 - 측면직각충돌,신호위반,건조,맑음,교차로 - 교차로안,승용,남,38세,기타불명,승용,남,63세,경상
2015100200100053,2015년 10월 2일 04시,금요일,대전광역시 중구 용두동,경상사고,0,0,1,0,차대차 - 기타,차로위반,건조,흐림,교차로 - 교차로안,기타불명,기타불명,기타불명,기타불명,승용,남,58세,경상
2015100200100062,2015년 10월 2일 05시,금요일,대전광역시 중구 용두동,사망사고,1,0,0,0,차대사람 - 기타,안전운전불이행,건조,맑음,단일로 - 횡단보도부근,화물,남,67세,상해없음,보행자,여,75세,사망
2015100200100074,2015년 10월 2일 06시,금요일,대전광역시 서구 월평동,중상사고,0,1,0,0,차대차 - 추돌 - 진행중,중앙선침범,건조,맑음,교차로 - 교차로부근,화물,남,53세,상해없음,승용,남,76세,중상
2015100200100160,2015년 10월 2일 08시,금요일,대전광역시 서구 갈마동,경상사고,0,0,1,0,차대사람 - 횡단중,보행자보호의무위반,건조,맑음,교차로 - 교차로부근,기타불명,기타불명,기타불명,기타불명,보행자,여,55세,경상
2015100200100161,2015년 10월 2일 08시,금요일,대전광역시 유성구 봉명동,중상사고,0,1,3,1,차대차 - 추돌 - 주정차중,안전운전불이행,건조,맑음,단일로 - 기타,승용,남,44세,상해없음,승용,남,36세,중상
2015100200100222,2015년 10월 2일 10시,금요일,대전광역시 대덕구 신대동,경상사고,0,0,1,0,차대차 - 측면직각충돌,안전거리미확보,건조,맑음,단일로 - 기타,승용,남,73세,경상,화물,남,50세,기타불명
2015100200100344,2015년 10월 2일 13시,금요일,대전광역시 서구 괴정동,경상사고,0,0,1,0,차대차 - 기타,차로위반,건조,맑음,단일로 - 기타,자전거,남,59세,상해없음,이륜,남,45세,경상
2015100200100385,2015년 10월 2일 14시,금요일,대전광역시 대덕구 장동,중상사고,0,1,0,0,차대차 - 추돌 - 진행중,불법유턴,건조,맑음,단일로 - 기타,화물,남,55세,기타불명,승용,여,49세,중상
2015100200100386,2015년 10월 2일 14시,금요일,대전광역시 서구 둔산동,경상사고,0,0,1,0,차대사람 - 차도통행중,안전운전불이행,건조,맑음,단일로 - 기타,승용,여,30세,상해없음,보행자,남,19세,경상
2015100200100438,2015년 10월 2일 15시,금요일,대전광역시 대덕구 중리동,중상사고,0,1,0,0,차대사람 - 보도통행중,안전운전불이행,건조,맑음,단일로 - 기타,자전거,남,23세,상해없음,보행자,여,71세,중상
2015100200100484,2015년 10월 2일 16시,금요일,대전광역시 동구 정동,중상사고,0,1,0,0,차대차 - 추돌 - 진행중,안전운전불이행,건조,맑음,단일로 - 기타,승용,남,32세,상해없음,승합,기타불명,기타불명,기타불명
2015100200100523,2015년 10월 2일 17시,금요일,대전광역시 대덕구 읍내동,경상사고,0,0,3,0,차대차 - 추돌 - 진행중,안전운전불이행,건조,맑음,단일로 - 기타,승합,남,66세,기타불명,원동기,남,62세,경상
2015100200100575,2015년 10월 2일 18시,금요일,대전광역시 동구 정동,중상사고,0,1,0,0,차대차 - 추돌 - 진행중,안전거리미확보,건조,맑음,단일로 - 기타,승용,남,25세,상해없음,승용,남,30세,중상
2015100200100576,2015년 10월 2일 18시,금요일,대전광역시 동구 자양동,경상사고,0,0,1,0,차대사람 - 횡단중,중앙선침범,건조,맑음,단일로 - 기타,승용,남,61세,상해없음,보행자,여,20세,경상
2015100200100577,2015년 10월 2일 18시,금요일,대전광역시 서구 둔산동,경상사고,0,0,2,0,차대차 - 추돌 - 진행중,안전운전불이행,건조,맑음,교차로 - 교차로부근,승용,남,30세,상해없음,승용,남,23세,경상
2015100200100578,2015년 10월 2일 18시,금요일,대전광역시 유성구 노은동,중상사고,0,1,3,0,차대차 - 추돌 - 주정차중,안전거리미확보,건조,맑음,단일로 - 기타,승용,남,76세,기타불명,승용,남,29세,경상
2015100200100631,2015년 10월 2일 19시,금요일,대전광역시 유성구 봉명동,중상사고,0,1,1,0,차대차 - 기타,신호위반,건조,맑음,교차로 - 교차로안,화물,남,45세,상해없음,승합,여,57세,경상
2015100200100632,2015년 10월 2일 19시,금요일,대전광역시 유성구 노은동,경상사고,0,0,1,0,차대차 - 추돌 - 주정차중,안전거리미확보,건조,맑음,교차로 - 교차로부근,승용,여,30세,상해없음,승용,여,40세,경상
2015100200100671,2015년 10월 2일 20시,금요일,대전광역시 중구 유천동,중상사고,0,1,0,0,차대사람 - 차도통행중,안전운전불이행,건조,맑음,단일로 - 기타,승용,남,54세,상해없음,보행자,남,53세,중상
2015100200100711,2015년 10월 2일 21시,금요일,대전광역시 동구 성남동,중상사고,0,1,0,0,차대차 - 기타,안전운전불이행,건조,맑음,단일로 - 기타,승용,남,28세,상해없음,자전거,남,39세,중상
2015100300100031,2015년 10월 3일 00시,토요일,대전광역시 유성구 지족동,경상사고,0,0,1,0,차대차 - 추돌 - 진행중,안전운전불이행,건조,맑음,단일로 - 기타,승용,여,46세,상해없음,승용,남,54세,경상
2015100300100065,2015년 10월 3일 02시,토요일,대전광역시 유성구 노은동,중상사고,0,1,0,0,차량단독 - 기타,안전운전불이행,건조,맑음,교차로 - 교차로부근,원동기,남,19세,중상,,,,
2015100300100078,2015년 10월 3일 03시,토요일,대전광역시 대덕구 중리동,경상사고,0,0,1,0,차대차 - 추돌 - 주정차중,안전운전불이행,건조,맑음,단일로 - 기타,승용,남,20세,상해없음,승합,남,49세,경상
2015100300100094,2015년 10월 3일 04시,토요일,대전광역시 대덕구 오정동,경상사고,0,0,1,0,차대차 - 추돌 - 주정차중,안전운전불이행,건조,흐림,교차로 - 교차로안,승용,남,42세,기타불명,원동기,남,27세,경상
2015100300100095,2015년 10월 3일 04시,토요일,대전광역시 유성구 상대동,경상사고,0,0,1,0,차대차 - 측면직각충돌,신호위반,건조,맑음,교차로 - 교차로안,승용,남,33세,상해없음,승용,남,33세,경상