사고번호,사고일시,요일,시군구,사고내용,사망자수,중상자수,경상자수,부상신고자수,사고유형,법규위반,노면상태,기상상태,도로형태,가해운전자 차종,가해운전자 성별,가해운전자 연령,가해운전자 상해정도,피해운전자 차종,피해운전자 성별,피해운전자 연령,피해운전자 상해정도
2015100300100233,2015년 10월 3일 11시,토요일,대전광역시 유성구 도룡동,중상사고,0,1,0,0,차대사람 - 횡단중,안전운전불이행,건조,맑음,단일로 - 횡단보도상,이륜,남,47세,상해없음,보행자,여,57세,중상
2015100300100278,2015년 10월 3일 12시,토요일,대전광역시 유성구 덕명동,중상사고,0,2,0,0,차대차 - 측면직각충돌,안전거리미확보,건조,맑음,기타 - 기타,승용,여,55세,기타불명,이륜,남,50세,중상
2015100300100309,2015년 10월 3일 13시,토요일,대전광역시 중구 대흥동,경상사고,0,0,1,0,차대사람 - 횡단중,안전운전불이행,건조,맑음,단일로 - 기타,승합,남,49세,상해없음,보행자,남,7세,경상
2015100300100343,2015년 10월 3일 14시,토요일,대전광역시 대덕구 신일동,중상사고,0,1,0,0,차대차 - 기타,안전운전불이행,건조,맑음,단일로 - 기타,승용,남,64세,상해없음,자전거,남,28세,중상
2015100300100391,2015년 10월 3일 15시,토요일,대전광역시 동구 대동,경상사고,0,0,1,0,차대차 - 측면직각충돌,안전운전불이행,건조,맑음,교차로 - 교차로안,승용,남,59세,상해없음,자전거,남,36세,경상
2015100300100392,2015년 10월 3일 15시,토요일,대전광역시 서구 도마동,경상사고,0,0,3,0,차대차 - 추돌 - 주정차중,안전운전불이행,건조,맑음,단일로 - 횡단보도부근,승용,남,44세,상해없음,승용,남,49세,경상
2015100300100423,2015년 10월 3일 16시,토요일,대전광역시 중구 문화동,경상사고,0,0,1,0,차대사람 - 횡단중,보행자보호의무위반,건조,맑음,교차로 - 교차로부근,승용,남,37세,상해없음,보행자,남,16세,경상
2015100300100468,2015년 10월 3일 17시,토요일,대전광역시 중구 유천동,경상사고,0,0,1,0,차대차 - 기타,안전운전불이행,건조,맑음,교차로 - 교차로부근,기타불명,기타불명,기타불명,기타불명,자전거,남,8세,경상
2015100300100469,2015년 10월 3일 17시,토요일,대전광역시 동구 용전동,경상사고,0,0,1,0,차대사람 - 횡단중,안전운전불이행,건조,맑음,교차로 - 교차로안,화물,남,58세,상해없음,보행자,여,16세,경상
2015100300100519,2015년 10월 3일 18시,토요일,대전광역시 중구 오류동,중상사고,0,1,0,0,차대차 - 측면직각충돌,안전운전불이행,건조,맑음,교차로 - 교차로부근,승용,남,28세,상해없음,자전거,남,66세,중상
2015100300100520,2015년 10월 3일 18시,토요일,대전광역시 중구 태평동,경상사고,0,0,5,0,차대차 - 측면직각충돌,교차로운행방법위반,건조,맑음,교차로 - 교차로안,승용,여,47세,경상,승용,여,41세,경상
2015100300100555,2015년 10월 3일 19시,토요일,대전광역시 서구 도마동,경상사고,0,0,1,0,차대차 - 측면직각충돌,안전운전불이행,건조,맑음,단일로 - 기타,승용,남,59세,상해없음,이륜,남,22세,경상
2015100300100662,2015년 10월 3일 23시,토요일,대전광역시 대덕구 중리동,경상사고,0,0,2,0,차대차 - 기타,안전운전불이행,건조,맑음,교차로 - 교차로부근,승용,남,54세,상해없음,승용,남,35세,경상
2015100400100014,2015년 10월 4일 00시,일요일,대전광역시 서구 복수동,중상사고,0,1,0,0,차대사람 - 보도통행중,보행자보호의무위반,건조,맑음,교차로 - 교차로부근,승용,여,49세,상해없음,보행자,남,43세,중상
2015100400100045,2015년 10월 4일 02시,일요일,대전광역시 유성구 봉명동,경상사고,0,0,2,0,차대차 - 측면직각충돌,신호위반,건조,맑음,교차로 - 교차로안,승용,남,51세,상해없음,승용,남,30세,경상
2015100400100107,2015년 10월 4일 07시,일요일,대전광역시 중구 사정동,경상사고,0,0,2,0,차대차 - 추돌 - 주정차중,안전운전불이행,건조,맑음,단일로 - 기타,승용,남,72세,상해없음,승용,남,34세,경상
2015100400100122,2015년 10월 4일 08시,일요일,대전광역시 동구 판암동,사망사고,1,0,0,0,차대차 - 추돌 - 진행중,안전거리미확보,건조,맑음,단일로 - 기타,원동기,남,66세,사망,승용,남,74세,상해없음
2015100400100177,2015년 10월 4일 11시,일요일,대전광역시 중구 대흥동,중상사고,0,1,0,0,차대차 - 측면직각충돌,중앙선침범,건조,맑음,단일로 - 기타,승용,남,34세,상해없음,원동기,남,25세,중상
2015100400100201,2015년 10월 4일 12시,일요일,대전광역시 중구 유천동,부상신고사고,0,0,0,1,차대차 - 측면직각충돌,안전운전불이행,건조,맑음,단일로 - 횡단보도상,승용,기타불명,기타불명,기타불명,자전거,남,13세,부상신고
2015100400100202,2015년 10월 4일 12시,일요일,대전광역시 동구 정동,경상사고,0,0,2,0,차대차 - 기타,안전거리미확보,건조,맑음,단일로 - 기타,승용,남,68세,기타불명,승용,남,32세,경상
2015100400100225,2015년 10월 4일 13시,일요일,대전광역시 서구 탄방동,경상사고,0,0,1,0,차대차 - 추돌 - 진행중,안전운전불이행,건조,맑음,교차로 - 교차로안,승용,여,26세,상해없음,승용,남,26세,경상
2015100400100257,2015년 10월 4일 14시,일요일,대전광역시 서구 가장동,경상사고,0,0,3,0,차대차 - 측면직각충돌,중앙선침범,건조,맑음,교차로 - 교차로부근,승용,남,48세,경상,화물,남,35세,경상
2015100400100285,2015년 10월 4일 15시,일요일,대전광역시 유성구 장동,경상사고,0,0,1,0,차대차 - 측면직각충돌,신호위반,건조,맑음,교차로 - 교차로안,승용,여,40세,기타불명,승용,남,50세,경상
2015100400100314,2015년 10월 4일 16시,일요일,대전광역시 중구 태평동,경상사고,0,0,1,0,차대사람 - 차도통행중,보행자보호의무위반,건조,맑음,단일로 - 기타,승용,남,47세,상해없음,보행자,남,7세,경상
2015100400100465,2015년 10월 4일 21시,일요일,대전광역시 유성구 구암동,경상사고,0,0,2,0,차대차 - 추돌 - 진행중,안전운전불이행,건조,맑음,단일로 - 기타,승용,남,39세,상해없음,승용,남,46세,경상
2015100400100490,2015년 10월 4일 22시,일요일,대전광역시 서구 용문동,경상사고,0,0,2,0,차대차 - 측면직각충돌,신호위반,건조,맑음,교차로 - 교차로안,승용,남,53세,상해없음,승용,남,61세,상해없음
2015100400100501,2015년 10월 4일 23시,일요일,대전광역시 서구 도마동,중상사고,0,1,0,0,차대사람 - 횡단중,보행자보호의무위반,건조,맑음,교차로 - 교차로안,승용,남,53세,상해없음,보행자,여,61세,중상
2015100400100502,2015년 10월 4일 23시,일요일,대전광역시 대덕구 오정동,중상사고,0,1,1,0,차대차 - 측면직각충돌,안전운전불이행,건조,맑음,교차로 - 교차로안,승용,남,71세,상해없음,승용,남,29세,중상
2015100500100013,2015년 10월 5일 00시,월요일,대전광역시 중구 대흥동,경상사고,0,0,1,0,차대차 - 측면직각충돌,안전운전불이행,건조,맑음,교차로 - 교차로안,승용,남,34세,상해없음,승용,남,28세,경상
2015100500100014,2015년 10월 5일 00시,월요일,대전광역시 유성구 교촌동,경상사고,0,0,2,0,차대차 - 측면직각충돌,교차로운행방법위반,건조,맑음,교차로 - 교차로안,이륜,남,23세,상해없음,승용,남,26세,경상
2015100500100028,2015년 10월 5일 01시,월요일,대전광역시 대덕구 신탄진동,부상신고사고,0,0,0,1,차대사람 - 길가장자리구역통행중,안전운전불이행,건조,맑음,단일로 - 기타,승용,기타불명,기타불명,기타불명,보행자,남,26세,부상신고
2015100500100100,2015년 10월 5일 07시,월요일,대전광역시 동구 중동,경상사고,0,0,2,0,차대차 - 추돌 - 진행중,안전운전불이행,건조,맑음,교차로 - 교차로부근,승합,남,44세,상해없음,승용,남,71세,경상
2015100500100154,2015년 10월 5일 08시,월요일,대전광역시 동구 홍도동,경상사고,0,0,1,0,차대차 - 추돌 - 주정차중,안전운전불이행,건조,맑음,단일로 - 기타,승합,남,46세,상해없음,승용,여,56세,경상
2015100500100254,2015년 10월 5일 11시,월요일,대전광역시 중구 문화동,경상사고,0,0,1,0,차량단독 - 기타,안전운전불이행,건조,맑음,단일로 - 기타,승합,남,41세,상해없음,,,,
2015100500100255,2015년 10월 5일 11시,월요일,대전광역시 대덕구 읍내동,중상사고,0,1,0,2,차대차 - 추돌 - 진행중,안전운전불이행,건조,맑음,교차로 - 교차로부근,화물,남,34세,상해없음,승용,남,37세,중상
2015100500100288,2015년 10월 5일 12시,월요일,대전광역시 서구 복수동,경상사고,0,0,1,0,차대차 - 기타,안전운전불이행,건조,맑음,교차로 - 교차로부근,승용,남,42세,상해없음,승용,남,58세,경상
2015100500100324,2015년 10월 5일 13시,월요일,대전광역시 대덕구 오정동,중상사고,0,1,1,0,차대차 - 측면직각충돌,안전운전불이행,건조,맑음,교차로 - 교차로안,승용,남,58세,상해없음,승용,남,32세,경상
2015100500100353,2015년 10월 5일 14시,월요일,대전광역시 동구 용전동,경상사고,0,0,1,0,차대차 - 측면직각충돌,안전거리미확보,건조,맑음,단일로 - 기타,승용,여,50세,상해없음,승합,남,35세,경상
2015100500100354,2015년 10월 5일 14시,월요일,대전광역시 유성구 방동,중상사고,0,1,0,0,차대차 - 측면직각충돌,안전운전불이행,건조,맑음,교차로 - 교차로안,건설기계,남,66세,상해없음,자전거,남,77세,중상
2015100500100355,2015년 10월 5일 14시,월요일,대전광역시 유성구 봉명동,중상사고,0,1,0,0,차대차 - 측면직각충돌,안전운전불이행,건조,맑음,교차로 - 교차로안,승용,남,67세,상해없음,자전거,여,55세,중상
2015100500100394,2015년 10월 5일 15시,월요일,대전광역시 중구 오류동,경상사고,0,0,1,0,차대차 - 측면직각충돌,안전운전불이행,건조,맑음,교차로 - 교차로부근,승용,남,58세,상해없음,승용,여,56세,경상
2015100500100496,2015년 10월 5일 17시,월요일,대전광역시 중구 산성동,중상사고,0,1,0,0,차대차 - 측면직각충돌,안전운전불이행,건조,맑음,교차로 - 교차로안,승용,여,56세,상해없음,원동기,여,58세,중상
2015100500100497,2015년 10월 5일 17시,월요일,대전광역시 대덕구 와동,경상사고,0,0,1,0,차대차 - 추돌 - 진행중,안전운전불이행,건조,맑음,단일로 - 기타,승용,남,40세,상해없음,승용,여,44세,경상
2015100500100498,2015년 10월 5일 17시,월요일,대전광역시 서구 갈마동,중상사고,0,1,0,0,차대차 - 측면직각충돌,안전거리미확보,건조,맑음,단일로 - 기타,승용,남,51세,상해없음,승용,여,33세,중상
2015100500100557,2015년 10월 5일 18시,월요일,대전광역시 유성구 용계동,중상사고,0,1,0,0,차대사람 - 기타,안전운전불이행,건조,맑음,단일로 - 기타,승용,여,44세,상해없음,보행자,여,85세,중상
2015100500100634,2015년 10월 5일 20시,월요일,대전광역시 서구 둔산동,중상사고,0,1,1,0,차대차 - 측면직각충돌,신호위반,건조,맑음,교차로 - 교차로안,승용,남,44세,상해없음,승용,남,63세,중상
2015100500100709,2015년 10월 5일 22시,월요일,대전광역시 대덕구 신탄진동,경상사고,0,0,1,0,차대차 - 측면직각충돌,안전운전불이행,건조,맑음,교차로 - 교차로부근,화물,남,46세,상해없음,승용,남,40세,경상
2015100500100736,2015년 10월 5일 23시,월요일,대전광역시 서구 가수원동,경상사고,0,0,3,0,차대차 - 측면직각충돌,안전운전불이행,건조,맑음,단일로 - 기타,승용,남,21세,상해없음,승용,여,42세,경상
2015100500100737,2015년 10월 5일 23시,월요일,대전광역시 서구 도안동,경상사고,0,0,1,0,차대차 - 추돌 - 진행중,안전운전불이행,건조,맑음,교차로 - 교차로부근,승용,남,36세,상해없음,승용,남,25세,경상
2015100600100040,2015년 10월 6일 01시,화요일,대전광역시 서구 가수원동,중상사고,0,3,0,0,차대차 - 측면직각충돌,신호위반,건조,맑음,교차로 - 교차로안,승용,남,44세,중상,승용,남,41세,중상
2015100600100162,2015년 10월 6일 08시,화요일,대전광역시 서구 정림동,경상사고,0,0,1,0,차대차 - 측면직각충돌,안전운전불이행,건조,맑음,단일로 - 기타,특수,남,42세,상해없음,자전거,남,29세,경상
2015100600100163,2015년 10월 6일 08시,화요일,대전광역시 유성구 봉명동,경상사고,0,0,1,0,차대차 - 기타,안전운전불이행,건조,맑음,단일로 - 횡단보도상,승용,남,57세,상해없음,자전거,남,58세,경상
2015100600100196,2015년 10월 6일 09시,화요일,대전광역시 서구 월평동,중상사고,0,1,0,0,차대차 - 추돌 - 진행중,안전운전불이행,건조,맑음,단일로 - 기타,승용,남,36세,상해없음,승용,여,34세,중상
2015100600100263,2015년 10월 6일 11시,화요일,대전광역시 동구 낭월동,경상사고,0,0,4,0,차대차 - 추돌 - 진행중,안전운전불이행,건조,맑음,단일로 - 기타,승용,남,60세,상해없음,승용,남,61세,경상
2015100600100264,2015년 10월 6일 11시,화요일,대전광역시 서구 둔산동,중상사고,0,1,0,0,차대차 - 측면직각충돌,안전운전불이행,건조,맑음,교차로 - 교차로부근,승용,여,64세,상해없음,승용,여,36세,중상
2015100600100298,2015년 10월 6일 12시,화요일,대전광역시 대덕구 덕암동,경상사고,0,0,2,0,차대차 - 추돌 - 진행중,안전운전불이행,건조,맑음,교차로 - 교차로부근,승용,남,33세,상해없음,승용,남,67세,경상
2015100600100299,2015년 10월 6일 12시,화요일,대전광역시 서구 둔산동,경상사고,0,0,1,0,차대차 - 측면직각충돌,중앙선침범,건조,맑음,단일로 - 기타,승용,남,23세,상해없음,이륜,남,23세,경상
2015100600100300,2015년 10월 6일 12시,화요일,대전광역시 유성구 송강동,경상사고,0,0,1,0,차대차 - 추돌 - 진행중,안전거리미확보,건조,맑음,교차로 - 교차로안,승용,여,31세,상해없음,승용,여,39세,경상
2015100600100392,2015년 10월 6일 14시,화요일,대전광역시 동구 가양동,경상사고,0,0,2,0,차대차 - 추돌 - 주정차중,안전운전불이행,건조,맑음,단일로 - 기타,승용,남,33세,상해없음,승용,남,49세,경상
2015100600100393,2015년 10월 6일 14시,화요일,대전광역시 동구 원동,중상사고,0,1,0,0,차량단독 - 기타,안전운전불이행,건조,맑음,단일로 - 기타,승합,남,59세,상해없음,,,,
2015100600100394,2015년 10월 6일 14시,화요일,대전광역시 서구 복수동,경상사고,0,0,2,0,차대차 - 측면직각충돌,중앙선침범,건조,맑음,단일로 - 기타,승용,남,23세,상해없음,승용,여,52세,경상
2015100600100396,2015년 10월 6일 14시,화요일,대전광역시 서구 탄방동,중상사고,0,1,0,0,차대차 - 기타,안전운전불이행,건조,맑음,교차로 - 교차로안,기타불명,기타불명,기타불명,기타불명,이륜,남,42세,중상
2015100600100484,2015년 10월 6일 16시,화요일,대전광역시 대덕구 읍내동,경상사고,0,0,2,0,차대차 - 측면직각충돌,교차로운행방법위반,건조,맑음,교차로 - 교차로부근,승용,여,49세,상해없음,승용,남,69세,경상
2015100600100568,2015년 10월 6일 18시,화요일,대전광역시 대덕구 법동,중상사고,0,1,0,0,차대차 - 측면직각충돌,안전운전불이행,건조,맑음,교차로 - 교차로안,승용,여,47세,상해없음,원동기,남,59세,중상
2015100600100569,2015년 10월 6일 18시,화요일,대전광역시 유성구 용계동,중상사고,0,1,0,0,차대차 - 추돌 - 주정차중,안전운전불이행,건조,맑음,단일로 - 기타,화물,남,40세,상해없음,승용,남,45세,중상
2015100600100642,2015년 10월 6일 20시,화요일,대전광역시 동구 홍도동,경상사고,0,0,1,0,차대차 - 측면직각충돌,안전운전불이행,건조,맑음,단일로 - 기타,승용,남,58세,기타불명,원동기,남,19세,경상
2015100600100643,2015년 10월 6일 20시,화요일,대전광역시 동구 천동,중상사고,0,1,0,0,차대차 - 측면직각충돌,안전운전불이행,건조,맑음,교차로 - 교차로안,승용,여,41세,상해없음,이륜,남,24세,중상
2015100600100644,2015년 10월 6일 20시,화요일,대전광역시 서구 용문동,경상사고,0,0,1,0,차대차 - 기타,안전운전불이행,건조,맑음,단일로 - 기타,승용,남,46세,상해없음,이륜,남,27세,경상
2015100600100645,2015년 10월 6일 20시,화요일,대전광역시 유성구 노은동,부상신고사고,0,0,0,1,차대차 - 측면직각충돌,교차로운행방법위반,건조,맑음,교차로 - 교차로안,승용,여,28세,상해없음,승용,여,52세,부상신고
2015100600100687,2015년 10월 6일 21시,화요일,대전광역시 서구 관저동,경상사고,0,0,1,0,차대차 - 측면직각충돌,안전운전불이행,건조,맑음,단일로 - 기타,승용,여,40세,상해없음,자전거,남,13세,경상
2015100600100705,2015년 10월 6일 22시,화요일,대전광역시 서구 가수원동,경상사고,0,0,1,0,차대사람 - 차도통행중,안전운전불이행,건조,맑음,교차로 - 교차로부근,승용,남,43세,상해없음,보행자,여,54세,경상
2015100600100727,2015년 10월 6일 23시,화요일,대전광역시 유성구 신성동,경상사고,0,0,1,0,차대차 - 추돌 - 주정차중,안전운전불이행,건조,맑음,교차로 - 교차로부근,승용,여,31세,상해없음,승합,남,35세,경상
2015100700100050,2015년 10월 7일 04시,수요일,대전광역시 중구 대흥동,중상사고,0,2,1,0,차대차 - 측면직각충돌,신호위반,건조,맑음,교차로 - 교차로안,승용,남,37세,상해없음,승용,남,40세,중상
2015100700100112,2015년 10월 7일 07시,수요일,대전광역시 중구 부사동,경상사고,0,0,1,0,차대차 - 측면직각충돌,신호위반,건조,맑음,교차로 - 교차로안,승용,남,28세,상해없음,화물,남,43세,경상
2015100700100154,2015년 10월 7일 08시,수요일,대전광역시 동구 대성동,경상사고,0,0,1,0,차대사람 - 기타,안전운전불이행,건조,맑음,교차로 - 교차로부근,승용,남,38세,기타불명,보행자,여,51세,경상
2015100700100186,2015년 10월 7일 09시,수요일,대전광역시 동구 가양동,경상사고,0,0,1,0,차대차 - 측면직각충돌,신호위반,건조,맑음,단일로 - 기타,승용,남,59세,상해없음,원동기,남,74세,경상
2015100700100265,2015년 10월 7일 11시,수요일,대전광역시 대덕구 중리동,경상사고,0,0,1,0,차대차 - 정면충돌,안전운전불이행,건조,맑음,단일로 - 기타,승합,남,69세,상해없음,승용,남,41세,상해없음
2015100700100294,2015년 10월 7일 12시,수요일,대전광역시 동구 자양동,경상사고,0,0,1,0,차대차 - 기타,신호위반,건조,맑음,교차로 - 교차로안,승용,남,58세,기타불명,원동기,남,24세,경상
2015100700100318,2015년 10월 7일 13시,수요일,대전광역시 서구 탄방동,경상사고,0,0,2,0,차대차 - 측면직각충돌,안전운전불이행,건조,맑음,교차로 - 교차로안,승용,여,35세,상해없음,승용,남,54세,경상
2015100700100357,2015년 10월 7일 14시,수요일,대전광역시 대덕구 비래동,경상사고,0,0,1,0,차대차 - 기타,안전운전불이행,건조,흐림,교차로 - 교차로안,승용,남,56세,상해없음,원동기,남,88세,경상
2015100700100387,2015년 10월 7일 15시,수요일,대전광역시 중구 오류동,경상사고,0,0,2,0,차대차 - 측면직각충돌,안전운전불이행,건조,맑음,교차로 - 교차로안,승용,여,55세,상해없음,승합,남,53세,경상
2015100700100423,2015년 10월 7일 16시,수요일,대전광역시 유성구 구암동,경상사고,0,0,1,0,차대사람 - 기타,기타,건조,맑음,단일로 - 횡단보도부근,화물,남,54세,상해없음,보행자,여,64세,경상
2015100700100459,2015년 10월 7일 17시,수요일,대전광역시 대덕구 중리동,중상사고,0,1,0,0,차대사람 - 보도통행중,보행자보호의무위반,건조,맑음,교차로 - 교차로부근,승용,여,35세,상해없음,보행자,남,61세,중상
2015100700100460,2015년 10월 7일 17시,수요일,대전광역시 서구 갈마동,경상사고,0,0,1,0,차대사람 - 기타,안전운전불이행,건조,맑음,교차로 - 교차로안,화물,남,48세,상해없음,보행자,여,57세,경상
2015100700100510,2015년 10월 7일 18시,수요일,대전광역시 중구 대사동,중상사고,0,1,0,0,차대차 - 기타,안전운전불이행,건조,맑음,교차로 - 교차로안,승용,남,56세,상해없음,자전거,남,68세,중상
2015100700100511,2015년 10월 7일 18시,수요일,대전광역시 서구 도마동,경상사고,0,0,1,0,차대차 - 측면직각충돌,안전운전불이행,건조,맑음,교차로 - 교차로안,승용,여,45세,상해없음,승용,여,30세,경상
2015100700100512,2015년 10월 7일 18시,수요일,대전광역시 서구 둔산동,경상사고,0,0,1,0,차대차 - 추돌 - 진행중,안전거리미확보,건조,맑음,교차로 - 교차로부근,승용,여,55세,상해없음,승용,남,31세,경상
2015100700100513,2015년 10월 7일 18시,수요일,대전광역시 유성구 원내동,경상사고,0,0,1,0,차대차 - 기타,안전운전불이행,건조,맑음,교차로 - 교차로부근,승용,남,41세,상해없음,자전거,남,17세,경상
2015100700100514,2015년 10월 7일 18시,수요일,대전광역시 유성구 봉산동,경상사고,0,0,2,0,차대차 - 기타,안전운전불이행,건조,맑음,단일로 - 기타,승용,남,28세,상해없음,화물,남,47세,경상
2015100700100515,2015년 10월 7일 18시,수요일,대전광역시 유성구 원신흥동,중상사고,0,1,0,0,차대사람 - 기타,안전운전불이행,건조,맑음,단일로 - 기타,자전거,남,39세,상해없음,보행자,여,57세,중상
2015100700100562,2015년 10월 7일 19시,수요일,대전광역시 중구 산성동,경상사고,0,0,1,0,차대차 - 추돌 - 진행중,안전운전불이행,건조,맑음,교차로 - 교차로안,승용,남,56세,상해없음,승용,남,33세,경상
2015100700100563,2015년 10월 7일 19시,수요일,대전광역시 동구 원동,중상사고,0,1,1,0,차대차 - 기타,안전운전불이행,건조,맑음,교차로 - 교차로안,승용,남,35세,상해없음,승합,남,39세,상해없음
2015100700100564,2015년 10월 7일 19시,수요일,대전광역시 대덕구 와동,중상사고,0,2,0,0,차대차 - 추돌 - 주정차중,불법유턴,건조,흐림,기타 - 기타,화물,남,42세,상해없음,승용,여,64세,중상
2015100700100565,2015년 10월 7일 19시,수요일,대전광역시 유성구 장대동,중상사고,0,1,0,0,차대사람 - 횡단중,안전운전불이행,건조,맑음,교차로 - 교차로부근,승용,여,63세,상해없음,보행자,남,57세,중상
2015100700100604,2015년 10월 7일 20시,수요일,대전광역시 서구 관저동,중상사고,0,1,0,0,차대사람 - 보도통행중,안전운전불이행,건조,맑음,단일로 - 횡단보도상,승용,남,38세,상해없음,보행자,여,77세,중상
2015100700100605,2015년 10월 7일 20시,수요일,대전광역시 서구 둔산동,경상사고,0,0,1,0,차대사람 - 기타,안전운전불이행,건조,맑음,단일로 - 기타,승합,남,55세,상해없음,보행자,여,72세,경상
2015100700100639,2015년 10월 7일 21시,수요일,대전광역시 중구 은행동,중상사고,0,1,3,0,차대차 - 추돌 - 진행중,안전운전불이행,건조,맑음,교차로 - 교차로부근,화물,남,58세,상해없음,승용,여,58세,중상
2015100700100640,2015년 10월 7일 21시,수요일,대전광역시 동구 용전동,경상사고,0,0,1,0,차대차 - 측면직각충돌,교차로운행방법위반,건조,맑음,교차로 - 교차로안,승용,남,58세,상해없음,원동기,남,45세,경상
2015100700100641,2015년 10월 7일 21시,수요일,대전광역시 동구 용전동,중상사고,0,1,0,0,차대차 - 측면직각충돌,안전거리미확보,건조,맑음,단일로 - 기타,승용,여,27세,상해없음,원동기,남,23세,중상
2015100700100642,2015년 10월 7일 21시,수요일,대전광역시 대덕구 오정동,경상사고,0,0,3,0,차대차 - 추돌 - 진행중,신호위반,건조,흐림,교차로 - 교차로안,승용,남,60세,상해없음,승용,남,29세,경상
2015100800100045,2015년 10월 8일 01시,목요일,대전광역시 대덕구 중리동,중상사고,0,1,0,0,차대사람 - 기타,안전운전불이행,건조,흐림,교차로 - 교차로부근,승용,남,38세,상해없음,보행자,여,45세,중상
2015100800100046,2015년 10월 8일 01시,목요일,대전광역시 유성구 봉명동,경상사고,0,0,1,0,차대사람 - 기타,기타,건조,맑음,단일로 - 기타,승용,남,54세,상해없음,보행자,여,28세,경상
2015100800100126,2015년 10월 8일 07시,목요일,대전광역시 중구 태평동,경상사고,0,0,1,0,차대차 - 기타,안전운전불이행,건조,맑음,교차로 - 교차로안,승용,남,38세,상해없음,자전거,남,16세,경상
2015100800100127,2015년 10월 8일 07시,목요일,대전광역시 동구 용전동,중상사고,0,1,0,0,차량단독 - 기타,기타,건조,맑음,단일로 - 기타,승합,남,53세,상해없음,,,,
2015100800100129,2015년 10월 8일 07시,목요일,대전광역시 유성구 도룡동,경상사고,0,0,2,0,차대차 - 기타,안전운전불이행,건조,맑음,단일로 - 기타,승용,여,43세,기타불명,승합,남,44세,상해없음
2015100800100177,2015년 10월 8일 08시,목요일,대전광역시 중구 석교동,중상사고,0,1,2,0,차대차 - 추돌 - 진행중,안전운전불이행,건조,맑음,단일로 - 횡단보도부근,승용,남,30세,상해없음,승용,여,43세,중상
2015100800100210,2015년 10월 8일 09시,목요일,대전광역시 동구 홍도동,경상사고,0,0,1,0,차대사람 - 기타,기타,건조,맑음,교차로 - 교차로부근,승합,남,57세,상해없음,보행자,여,47세,경상
2015100800100211,2015년 10월 8일 09시,목요일,대전광역시 서구 관저동,부상신고사고,0,0,0,1,차대차 - 기타,안전운전불이행,건조,맑음,단일로 - 횡단보도상,기타불명,기타불명,기타불명,기타불명,자전거,여,22세,부상신고
2015100800100289,2015년 10월 8일 11시,목요일,대전광역시 서구 월평동,경상사고,0,0,2,0,차대차 - 추돌 - 진행중,안전운전불이행,건조,맑음,단일로 - 기타,승용,여,32세,상해없음,승용,여,61세,경상
2015100800100327,2015년 10월 8일 12시,목요일,대전광역시 대덕구 신탄진동,중상사고,0,1,0,0,차대차 - 추돌 - 진행중,안전운전불이행,건조,맑음,단일로 - 기타,승용,여,54세,상해없음,자전거,남,65세,중상
2015100800100393,2015년 10월 8일 14시,목요일,대전광역시 동구 가양동,중상사고,0,1,0,0,차대사람 - 횡단중,안전운전불이행,건조,맑음,단일로 - 기타,승합,여,61세,상해없음,보행자,여,81세,중상
2015100800100394,2015년 10월 8일 14시,목요일,대전광역시 동구 소제동,경상사고,0,0,1,0,차대차 - 추돌 - 진행중,안전거리미확보,건조,맑음,교차로 - 교차로안,승용,남,41세,상해없음,승용,남,33세,경상
2015100800100429,2015년 10월 8일 15시,목요일,대전광역시 서구 둔산동,경상사고,0,0,1,0,차대차 - 기타,안전운전불이행,건조,맑음,교차로 - 교차로부근,승용,여,51세,상해없음,승용,남,57세,경상
2015100800100430,2015년 10월 8일 15시,목요일,대전광역시 유성구 구암동,경상사고,0,0,1,0,차대차 - 측면직각충돌,신호위반,건조,맑음,단일로 - 횡단보도상,승합,남,51세,상해없음,자전거,남,77세,경상
2015100800100469,2015년 10월 8일 16시,목요일,대전광역시 중구 용두동,경상사고,0,0,1,0,차대사람 - 기타,안전운전불이행,건조,맑음,교차로 - 교차로안,특수,남,37세,상해없음,보행자,남,66세,경상
2015100800100470,2015년 10월 8일 16시,목요일,대전광역시 동구 구도동,사망사고,1,0,0,0,차대차 - 추돌 - 진행중,안전운전불이행,건조,맑음,단일로 - 기타,승용,남,70세,상해없음,화물,남,46세,사망
2015100800100471,2015년 10월 8일 16시,목요일,대전광역시 대덕구 오정동,중상사고,0,1,0,0,차대차 - 측면직각충돌,안전운전불이행,건조,맑음,기타 - 기타,승용,남,61세,상해없음,승용,여,49세,중상
2015100800100472,2015년 10월 8일 16시,목요일,대전광역시 서구 둔산동,경상사고,0,0,1,0,차대차 - 측면직각충돌,신호위반,건조,맑음,교차로 - 교차로안,승용,남,46세,상해없음,화물,남,25세,경상
2015100800100518,2015년 10월 8일 17시,목요일,대전광역시 중구 문화동,경상사고,0,0,1,0,차대차 - 기타,교차로운행방법위반,건조,맑음,교차로 - 교차로안,화물,남,59세,상해없음,자전거,남,16세,경상
2015100800100519,2015년 10월 8일 17시,목요일,대전광역시 유성구 구암동,경상사고,0,0,3,0,차대차 - 추돌 - 주정차중,안전운전불이행,건조,맑음,교차로 - 교차로부근,승용,여,41세,상해없음,승용,여,31세,경상