사고번호,사고일시,요일,시군구,사고내용,사망자수,중상자수,경상자수,부상신고자수,사고유형,법규위반,노면상태,기상상태,도로형태,가해운전자 차종,가해운전자 성별,가해운전자 연령,가해운전자 상해정도,피해운전자 차종,피해운전자 성별,피해운전자 연령,피해운전자 상해정도
2015100800100626,2015년 10월 8일 19시,목요일,대전광역시 동구 판암동,경상사고,0,0,1,0,차대차 - 측면직각충돌,안전운전불이행,건조,맑음,교차로 - 교차로부근,화물,남,58세,상해없음,승합,남,30세,경상
2015100800100627,2015년 10월 8일 19시,목요일,대전광역시 동구 인동,경상사고,0,0,1,0,차대차 - 추돌 - 진행중,안전운전불이행,건조,맑음,교차로 - 교차로부근,승용,여,56세,기타불명,승용,남,45세,경상
2015100800100628,2015년 10월 8일 19시,목요일,대전광역시 서구 내동,중상사고,0,1,0,0,차대사람 - 기타,안전운전불이행,건조,맑음,단일로 - 기타,승용,남,26세,상해없음,보행자,여,57세,중상
2015100800100674,2015년 10월 8일 20시,목요일,대전광역시 동구 정동,경상사고,0,0,1,0,차대차 - 추돌 - 진행중,안전거리미확보,건조,맑음,단일로 - 기타,승용,여,20세,상해없음,승용,남,46세,경상
2015100800100711,2015년 10월 8일 21시,목요일,대전광역시 대덕구 신일동,경상사고,0,0,2,0,차대차 - 추돌 - 진행중,안전운전불이행,건조,맑음,교차로 - 교차로안,승용,남,54세,상해없음,승용,남,40세,경상
2015100800100712,2015년 10월 8일 21시,목요일,대전광역시 유성구 봉명동,경상사고,0,0,2,0,차대차 - 추돌 - 주정차중,안전운전불이행,건조,맑음,교차로 - 교차로부근,승용,남,40세,상해없음,승용,남,61세,경상
2015100800100713,2015년 10월 8일 21시,목요일,대전광역시 유성구 용산동,경상사고,0,0,2,0,차대차 - 추돌 - 주정차중,안전운전불이행,건조,맑음,교차로 - 교차로안,승합,남,40세,상해없음,승용,남,40세,상해없음
2015100800100744,2015년 10월 8일 22시,목요일,대전광역시 중구 문화동,경상사고,0,0,1,0,차대차 - 측면직각충돌,안전운전불이행,건조,맑음,단일로 - 횡단보도상,승용,남,58세,상해없음,자전거,남,14세,경상
2015100800100745,2015년 10월 8일 22시,목요일,대전광역시 서구 둔산동,부상신고사고,0,0,0,1,차대사람 - 횡단중,보행자보호의무위반,건조,맑음,교차로 - 교차로부근,기타불명,기타불명,기타불명,기타불명,보행자,여,18세,부상신고
2015100800100746,2015년 10월 8일 22시,목요일,대전광역시 유성구 도룡동,경상사고,0,0,1,0,차대차 - 측면직각충돌,안전운전불이행,건조,맑음,단일로 - 기타,승용,남,48세,상해없음,자전거,남,38세,경상
2015100900100032,2015년 10월 9일 00시,금요일,대전광역시 대덕구 중리동,경상사고,0,0,1,0,차대차 - 측면직각충돌,중앙선침범,건조,맑음,단일로 - 기타,승용,남,19세,상해없음,원동기,남,23세,경상
2015100900100033,2015년 10월 9일 00시,금요일,대전광역시 유성구 도룡동,경상사고,0,0,2,0,차대차 - 측면직각충돌,신호위반,건조,맑음,교차로 - 교차로안,승용,여,38세,상해없음,승용,남,49세,경상
2015100900100056,2015년 10월 9일 01시,금요일,대전광역시 서구 가장동,경상사고,0,0,2,0,차대차 - 추돌 - 주정차중,안전운전불이행,건조,맑음,단일로 - 기타,승용,남,66세,상해없음,승용,남,53세,경상
2015100900100074,2015년 10월 9일 02시,금요일,대전광역시 서구 둔산동,중상사고,0,1,0,0,차대사람 - 길가장자리구역통행중,안전운전불이행,습기,비,단일로 - 기타,승용,남,65세,상해없음,보행자,여,22세,중상
2015100900100075,2015년 10월 9일 02시,금요일,대전광역시 유성구 봉명동,경상사고,0,0,1,0,차대차 - 기타,안전운전불이행,습기,비,교차로 - 교차로부근,승용,남,35세,상해없음,승용,남,31세,상해없음
2015100900100122,2015년 10월 9일 05시,금요일,대전광역시 서구 내동,중상사고,0,1,0,0,차대사람 - 횡단중,안전운전불이행,건조,흐림,교차로 - 교차로안,승용,여,53세,상해없음,보행자,남,76세,중상
2015100900100139,2015년 10월 9일 06시,금요일,대전광역시 유성구 죽동,경상사고,0,0,1,0,차량단독 - 기타,기타,건조,맑음,단일로 - 기타,승합,남,57세,상해없음,,,,
2015100900100215,2015년 10월 9일 09시,금요일,대전광역시 서구 탄방동,경상사고,0,0,1,0,차대차 - 측면직각충돌,안전운전불이행,건조,맑음,단일로 - 횡단보도상,승용,여,38세,상해없음,자전거,남,13세,경상
2015100900100216,2015년 10월 9일 09시,금요일,대전광역시 유성구 궁동,경상사고,0,0,1,0,차대차 - 기타,안전운전불이행,건조,맑음,교차로 - 교차로안,승용,여,48세,상해없음,자전거,여,27세,경상
2015100900100255,2015년 10월 9일 10시,금요일,대전광역시 유성구 봉명동,경상사고,0,0,1,0,차대차 - 측면직각충돌,신호위반,건조,맑음,교차로 - 교차로안,승용,여,60세,상해없음,승용,남,32세,경상
2015100900100356,2015년 10월 9일 13시,금요일,대전광역시 동구 홍도동,중상사고,0,1,0,0,차대사람 - 횡단중,보행자보호의무위반,건조,맑음,단일로 - 횡단보도상,이륜,남,35세,상해없음,보행자,여,47세,중상
2015100900100357,2015년 10월 9일 13시,금요일,대전광역시 유성구 도룡동,경상사고,0,0,4,0,차대차 - 추돌 - 진행중,안전거리미확보,건조,맑음,단일로 - 횡단보도상,승용,여,30세,상해없음,승용,여,43세,경상
2015100900100430,2015년 10월 9일 15시,금요일,대전광역시 동구 대동,경상사고,0,0,1,0,차대차 - 기타,안전거리미확보,건조,맑음,단일로 - 기타,이륜,남,24세,상해없음,승용,남,38세,경상
2015100900100471,2015년 10월 9일 16시,금요일,대전광역시 중구 대흥동,경상사고,0,0,1,0,차대차 - 기타,중앙선침범,건조,맑음,단일로 - 기타,승용,여,59세,상해없음,이륜,남,33세,경상
2015100900100472,2015년 10월 9일 16시,금요일,대전광역시 중구 대사동,경상사고,0,0,1,0,차대사람 - 보도통행중,기타,건조,맑음,단일로 - 기타,승합,남,36세,상해없음,보행자,여,64세,경상
2015100900100473,2015년 10월 9일 16시,금요일,대전광역시 동구 추동,경상사고,0,0,1,0,차대차 - 기타,안전거리미확보,건조,맑음,기타 - 기타,건설기계,남,49세,상해없음,승용,남,35세,경상
2015100900100474,2015년 10월 9일 16시,금요일,대전광역시 동구 용전동,경상사고,0,0,1,0,차대차 - 기타,안전운전불이행,건조,맑음,단일로 - 횡단보도상,승용,남,66세,상해없음,자전거,남,63세,경상
2015100900100522,2015년 10월 9일 17시,금요일,대전광역시 동구 하소동,경상사고,0,0,1,0,차대차 - 기타,안전운전불이행,건조,맑음,단일로 - 기타,승용,남,29세,상해없음,승용,남,42세,경상
2015100900100561,2015년 10월 9일 18시,금요일,대전광역시 동구 낭월동,경상사고,0,0,1,0,차대차 - 측면직각충돌,중앙선침범,건조,맑음,단일로 - 기타,승용,남,82세,상해없음,승용,남,68세,경상
2015100900100602,2015년 10월 9일 19시,금요일,대전광역시 중구 오류동,경상사고,0,0,1,0,차대차 - 측면직각충돌,안전거리미확보,건조,맑음,단일로 - 기타,승용,남,61세,상해없음,승합,남,54세,경상
2015100900100603,2015년 10월 9일 19시,금요일,대전광역시 서구 관저동,중상사고,0,1,2,0,차대차 - 측면직각충돌,안전거리미확보,건조,맑음,단일로 - 기타,승용,여,38세,상해없음,승용,남,57세,경상
2015100900100604,2015년 10월 9일 19시,금요일,대전광역시 대덕구 신탄진동,경상사고,0,0,1,0,차대사람 - 횡단중,신호위반,건조,맑음,교차로 - 교차로부근,승용,남,59세,상해없음,보행자,남,73세,경상
2015100900100605,2015년 10월 9일 19시,금요일,대전광역시 서구 갈마동,경상사고,0,0,1,0,차대사람 - 길가장자리구역통행중,안전운전불이행,건조,맑음,단일로 - 기타,승용,남,71세,상해없음,보행자,남,47세,경상
2015100900100674,2015년 10월 9일 21시,금요일,대전광역시 대덕구 문평동,경상사고,0,0,3,0,차대차 - 추돌 - 주정차중,안전운전불이행,건조,기타,교차로 - 교차로부근,승용,남,30세,상해없음,승합,남,52세,경상
2015101000100018,2015년 10월 10일 00시,토요일,대전광역시 서구 월평동,중상사고,0,1,0,0,차대차 - 기타,안전운전불이행,건조,맑음,교차로 - 교차로부근,이륜,여,49세,상해없음,자전거,여,52세,중상
2015101000100054,2015년 10월 10일 02시,토요일,대전광역시 중구 태평동,중상사고,0,2,2,0,차대차 - 측면직각충돌,신호위반,건조,맑음,교차로 - 교차로안,승용,남,60세,상해없음,승용,남,51세,경상
2015101000100078,2015년 10월 10일 04시,토요일,대전광역시 서구 둔산동,경상사고,0,0,1,0,차대사람 - 보도통행중,안전운전불이행,건조,맑음,단일로 - 기타,기타불명,기타불명,기타불명,기타불명,보행자,남,32세,경상
2015101000100140,2015년 10월 10일 07시,토요일,대전광역시 대덕구 목상동,중상사고,0,1,1,0,차대차 - 추돌 - 진행중,안전운전불이행,건조,맑음,기타 - 기타,승용,남,61세,상해없음,승용,남,34세,경상
2015101000100198,2015년 10월 10일 09시,토요일,대전광역시 서구 갈마동,경상사고,0,0,2,0,차대차 - 기타,교차로운행방법위반,건조,맑음,교차로 - 교차로안,승용,남,33세,경상,승합,남,57세,상해없음
2015101000100265,2015년 10월 10일 11시,토요일,대전광역시 서구 월평동,경상사고,0,0,2,0,차대차 - 측면직각충돌,안전운전불이행,건조,맑음,단일로 - 기타,승용,남,68세,상해없음,승용,남,31세,경상
2015101000100335,2015년 10월 10일 13시,토요일,대전광역시 동구 가양동,경상사고,0,0,1,0,차대차 - 추돌 - 진행중,안전운전불이행,건조,맑음,단일로 - 기타,승용,남,73세,상해없음,이륜,남,22세,경상
2015101000100404,2015년 10월 10일 15시,토요일,대전광역시 서구 갈마동,경상사고,0,0,1,0,차대차 - 기타,안전운전불이행,습기,맑음,교차로 - 교차로부근,승용,남,30세,상해없음,승용,남,42세,상해없음
2015101000100469,2015년 10월 10일 17시,토요일,대전광역시 서구 도마동,경상사고,0,0,2,0,차대차 - 기타,안전운전불이행,습기,비,단일로 - 기타,승용,여,45세,상해없음,승용,남,38세,경상
2015101000100538,2015년 10월 10일 18시,토요일,대전광역시 동구 대성동,중상사고,0,1,0,0,차대차 - 추돌 - 주정차중,안전운전불이행,습기,비,교차로 - 교차로부근,승용,남,52세,상해없음,승용,남,28세,중상
2015101000100539,2015년 10월 10일 18시,토요일,대전광역시 서구 도마동,경상사고,0,0,1,0,차대사람 - 기타,안전운전불이행,습기,비,교차로 - 교차로부근,이륜,남,27세,상해없음,보행자,여,55세,경상
2015101000100540,2015년 10월 10일 18시,토요일,대전광역시 서구 도마동,경상사고,0,0,1,0,차대차 - 기타,교차로운행방법위반,습기,비,교차로 - 교차로안,승용,남,44세,상해없음,이륜,남,52세,경상
2015101000100541,2015년 10월 10일 18시,토요일,대전광역시 대덕구 연축동,경상사고,0,0,2,0,차대차 - 정면충돌,교차로운행방법위반,습기,비,교차로 - 교차로안,승용,남,67세,상해없음,승용,남,39세,경상
2015101000100589,2015년 10월 10일 19시,토요일,대전광역시 동구 용전동,중상사고,0,1,0,0,차대차 - 추돌 - 주정차중,안전거리미확보,습기,비,교차로 - 교차로부근,승용,남,56세,상해없음,승용,남,71세,중상
2015101000100590,2015년 10월 10일 19시,토요일,대전광역시 대덕구 오정동,경상사고,0,0,2,0,차대사람 - 횡단중,신호위반,건조,맑음,단일로 - 횡단보도상,원동기,남,23세,기타불명,보행자,남,26세,경상
2015101000100629,2015년 10월 10일 20시,토요일,대전광역시 유성구 관평동,경상사고,0,0,1,0,차대사람 - 횡단중,안전운전불이행,습기,흐림,단일로 - 횡단보도부근,이륜,남,37세,상해없음,보행자,여,52세,경상
2015101000100674,2015년 10월 10일 21시,토요일,대전광역시 중구 태평동,중상사고,0,1,0,0,차대사람 - 기타,안전운전불이행,습기,흐림,교차로 - 교차로부근,승용,여,55세,기타불명,보행자,여,24세,중상
2015101000100675,2015년 10월 10일 21시,토요일,대전광역시 서구 괴정동,경상사고,0,0,1,0,차대사람 - 횡단중,신호위반,습기,비,단일로 - 기타,승용,남,56세,상해없음,보행자,남,54세,경상
2015101000100676,2015년 10월 10일 21시,토요일,대전광역시 서구 둔산동,중상사고,0,1,1,0,차대사람 - 횡단중,안전운전불이행,습기,비,교차로 - 교차로안,승용,남,33세,상해없음,보행자,남,56세,중상
2015101000100716,2015년 10월 10일 22시,토요일,대전광역시 중구 오류동,경상사고,0,0,2,0,차대차 - 추돌 - 주정차중,중앙선침범,습기,비,교차로 - 교차로안,승용,남,47세,상해없음,승용,남,23세,경상
2015101000100745,2015년 10월 10일 23시,토요일,대전광역시 유성구 송강동,경상사고,0,0,1,0,차대차 - 추돌 - 주정차중,안전운전불이행,건조,맑음,교차로 - 교차로부근,승용,남,65세,상해없음,승합,남,53세,경상
2015101100100026,2015년 10월 11일 00시,일요일,대전광역시 유성구 장대동,경상사고,0,0,2,0,차대차 - 정면충돌,신호위반,습기,비,교차로 - 교차로안,승용,남,55세,상해없음,승용,남,23세,경상
2015101100100046,2015년 10월 11일 01시,일요일,대전광역시 서구 둔산동,경상사고,0,0,2,0,차대차 - 추돌 - 주정차중,안전운전불이행,습기,비,교차로 - 교차로부근,승용,남,25세,상해없음,승용,남,54세,경상
2015101100100058,2015년 10월 11일 02시,일요일,대전광역시 서구 변동,중상사고,0,1,0,0,차대차 - 측면직각충돌,안전운전불이행,건조,맑음,교차로 - 교차로안,승용,남,34세,상해없음,승용,여,25세,중상
2015101100100059,2015년 10월 11일 02시,일요일,대전광역시 서구 가수원동,경상사고,0,0,2,0,차대차 - 기타,안전운전불이행,습기,비,단일로 - 기타,승용,남,44세,상해없음,승용,남,35세,경상
2015101100100060,2015년 10월 11일 02시,일요일,대전광역시 서구 둔산동,경상사고,0,0,2,0,차대사람 - 횡단중,신호위반,습기,비,교차로 - 교차로부근,승용,남,72세,기타불명,보행자,남,17세,경상
2015101100100071,2015년 10월 11일 03시,일요일,대전광역시 중구 대흥동,경상사고,0,0,1,0,차대사람 - 기타,안전운전불이행,건조,맑음,단일로 - 기타,승용,남,29세,상해없음,보행자,남,55세,경상
2015101100100141,2015년 10월 11일 09시,일요일,대전광역시 중구 안영동,경상사고,0,0,1,0,차대차 - 추돌 - 진행중,안전운전불이행,건조,맑음,단일로 - 기타,승용,여,58세,상해없음,승용,남,51세,경상
2015101100100142,2015년 10월 11일 09시,일요일,대전광역시 대덕구 상서동,경상사고,0,0,2,0,차대차 - 측면직각충돌,차로위반,건조,맑음,단일로 - 기타,승용,남,19세,상해없음,승용,여,61세,경상
2015101100100195,2015년 10월 11일 11시,일요일,대전광역시 중구 태평동,경상사고,0,0,2,0,차대차 - 추돌 - 주정차중,안전운전불이행,건조,맑음,단일로 - 기타,승용,남,41세,기타불명,승합,남,37세,상해없음
2015101100100253,2015년 10월 11일 13시,일요일,대전광역시 유성구 상대동,중상사고,0,1,0,0,차대사람 - 횡단중,안전운전불이행,건조,맑음,단일로 - 횡단보도상,승용,여,52세,상해없음,보행자,여,67세,중상
2015101100100274,2015년 10월 11일 14시,일요일,대전광역시 대덕구 신대동,경상사고,0,0,1,0,차대차 - 추돌 - 진행중,안전거리미확보,습기,비,교차로 - 교차로부근,화물,남,47세,기타불명,승합,남,45세,경상
2015101100100340,2015년 10월 11일 16시,일요일,대전광역시 동구 신흥동,경상사고,0,0,1,0,차대차 - 측면직각충돌,신호위반,건조,맑음,교차로 - 교차로안,승용,남,23세,상해없음,승용,남,52세,경상
2015101100100341,2015년 10월 11일 16시,일요일,대전광역시 서구 관저동,경상사고,0,0,1,0,차대차 - 측면직각충돌,안전운전불이행,습기,비,교차로 - 교차로안,승용,여,60세,상해없음,이륜,남,21세,경상
2015101100100374,2015년 10월 11일 17시,일요일,대전광역시 대덕구 석봉동,경상사고,0,0,4,0,차대차 - 정면충돌,신호위반,건조,맑음,교차로 - 교차로안,승용,남,29세,상해없음,승용,남,31세,경상
2015101100100413,2015년 10월 11일 18시,일요일,대전광역시 중구 문창동,경상사고,0,0,1,0,차대차 - 측면직각충돌,안전운전불이행,습기,비,단일로 - 기타,승용,남,63세,상해없음,원동기,남,22세,경상
2015101200100014,2015년 10월 12일 00시,월요일,대전광역시 동구 정동,경상사고,0,0,3,0,차대차 - 추돌 - 진행중,안전거리미확보,건조,맑음,단일로 - 기타,승용,남,48세,상해없음,승용,남,45세,경상
2015101200100111,2015년 10월 12일 07시,월요일,대전광역시 유성구 송강동,중상사고,0,1,0,0,차대사람 - 기타,중앙선침범,건조,맑음,단일로 - 횡단보도상,자전거,남,25세,상해없음,보행자,남,46세,중상
2015101200100112,2015년 10월 12일 07시,월요일,대전광역시 유성구 송강동,중상사고,0,1,0,0,차대사람 - 횡단중,보행자보호의무위반,건조,맑음,교차로 - 교차로부근,승용,여,46세,상해없음,보행자,여,17세,중상
2015101200100164,2015년 10월 12일 08시,월요일,대전광역시 대덕구 읍내동,중상사고,0,1,0,0,차대차 - 측면직각충돌,차로위반,건조,맑음,단일로 - 기타,승용,남,35세,상해없음,승용,남,49세,상해없음
2015101200100204,2015년 10월 12일 09시,월요일,대전광역시 서구 월평동,중상사고,0,1,0,0,차대사람 - 횡단중,안전운전불이행,건조,맑음,단일로 - 기타,승용,여,51세,상해없음,보행자,여,70세,중상
2015101200100205,2015년 10월 12일 09시,월요일,대전광역시 유성구 탑립동,경상사고,0,0,2,0,차대차 - 측면직각충돌,신호위반,건조,맑음,교차로 - 교차로안,승용,남,63세,상해없음,승용,여,32세,경상
2015101200100275,2015년 10월 12일 11시,월요일,대전광역시 중구 오류동,중상사고,0,2,0,0,차대사람 - 횡단중,신호위반,건조,맑음,단일로 - 기타,승용,남,67세,상해없음,보행자,여,54세,중상
2015101200100276,2015년 10월 12일 11시,월요일,대전광역시 서구 변동,중상사고,0,1,2,0,차대차 - 측면직각충돌,신호위반,건조,맑음,교차로 - 교차로안,승용,남,55세,상해없음,승용,남,30세,경상
2015101200100277,2015년 10월 12일 11시,월요일,대전광역시 대덕구 덕암동,중상사고,0,1,0,0,차대사람 - 횡단중,보행자보호의무위반,건조,맑음,교차로 - 교차로안,화물,남,58세,상해없음,보행자,여,79세,중상
2015101200100347,2015년 10월 12일 13시,월요일,대전광역시 서구 갈마동,중상사고,0,1,0,0,차대차 - 측면직각충돌,신호위반,건조,맑음,교차로 - 교차로안,승용,여,36세,상해없음,이륜,남,23세,중상
2015101200100473,2015년 10월 12일 16시,월요일,대전광역시 유성구 방동,경상사고,0,0,1,0,차대차 - 추돌 - 진행중,안전운전불이행,건조,맑음,단일로 - 기타,승용,남,76세,상해없음,승용,남,40세,경상
2015101200100474,2015년 10월 12일 16시,월요일,대전광역시 유성구 도룡동,경상사고,0,0,2,0,차대차 - 기타,안전거리미확보,건조,맑음,단일로 - 기타,승용,남,72세,기타불명,승합,남,43세,상해없음
2015101200100522,2015년 10월 12일 17시,월요일,대전광역시 동구 가오동,경상사고,0,0,1,0,차대차 - 추돌 - 진행중,교차로운행방법위반,건조,흐림,교차로 - 교차로안,승용,남,35세,상해없음,승용,남,44세,경상
2015101200100523,2015년 10월 12일 17시,월요일,대전광역시 서구 관저동,경상사고,0,0,1,0,차대사람 - 횡단중,안전운전불이행,건조,맑음,교차로 - 교차로부근,승용,여,41세,상해없음,보행자,여,12세,경상
2015101200100524,2015년 10월 12일 17시,월요일,대전광역시 유성구 도룡동,경상사고,0,0,1,0,차대차 - 측면직각충돌,안전운전불이행,건조,맑음,교차로 - 교차로안,승용,남,24세,상해없음,화물,남,64세,상해없음
2015101200100576,2015년 10월 12일 18시,월요일,대전광역시 동구 홍도동,경상사고,0,0,1,0,차대사람 - 차도통행중,안전운전불이행,건조,맑음,단일로 - 기타,승용,남,37세,상해없음,보행자,남,19세,경상
2015101200100577,2015년 10월 12일 18시,월요일,대전광역시 서구 관저동,경상사고,0,0,1,0,차대차 - 추돌 - 진행중,기타,건조,맑음,교차로 - 교차로부근,승용,남,73세,상해없음,자전거,남,7세,경상
2015101200100578,2015년 10월 12일 18시,월요일,대전광역시 서구 괴정동,경상사고,0,0,1,0,차대사람 - 횡단중,안전운전불이행,건조,맑음,단일로 - 기타,승용,남,63세,상해없음,보행자,여,31세,경상
2015101200100579,2015년 10월 12일 18시,월요일,대전광역시 유성구 화암동,경상사고,0,0,1,0,차대차 - 추돌 - 진행중,안전운전불이행,건조,맑음,교차로 - 교차로안,승용,기타불명,기타불명,기타불명,승용,남,41세,경상
2015101200100623,2015년 10월 12일 19시,월요일,대전광역시 서구 가장동,중상사고,0,1,0,0,차대차 - 측면직각충돌,안전운전불이행,건조,맑음,단일로 - 횡단보도부근,승용,남,49세,상해없음,이륜,남,31세,중상
2015101200100624,2015년 10월 12일 19시,월요일,대전광역시 유성구 관평동,경상사고,0,0,1,0,차대차 - 측면직각충돌,교차로운행방법위반,건조,맑음,단일로 - 기타,승용,여,39세,상해없음,자전거,남,36세,경상
2015101200100683,2015년 10월 12일 21시,월요일,대전광역시 중구 부사동,중상사고,0,1,0,0,차대차 - 정면충돌,신호위반,건조,맑음,교차로 - 교차로안,승용,남,34세,상해없음,승용,남,41세,중상
2015101200100684,2015년 10월 12일 21시,월요일,대전광역시 동구 용전동,경상사고,0,0,2,0,차대차 - 추돌 - 진행중,안전운전불이행,건조,맑음,교차로 - 교차로안,승용,남,25세,상해없음,승용,남,62세,경상
2015101200100735,2015년 10월 12일 23시,월요일,대전광역시 유성구 계산동,경상사고,0,0,1,0,차대차 - 추돌 - 진행중,안전운전불이행,건조,맑음,교차로 - 교차로안,승합,남,65세,상해없음,승용,남,23세,경상
2015101300100011,2015년 10월 13일 00시,화요일,대전광역시 중구 유천동,중상사고,0,2,0,0,차대차 - 측면직각충돌,안전운전불이행,건조,맑음,단일로 - 기타,승용,남,53세,상해없음,승용,남,38세,중상
2015101300100064,2015년 10월 13일 05시,화요일,대전광역시 유성구 봉명동,중상사고,0,1,0,0,차대차 - 측면직각충돌,안전운전불이행,건조,맑음,교차로 - 교차로안,승용,기타불명,기타불명,기타불명,원동기,남,24세,중상
2015101300100103,2015년 10월 13일 07시,화요일,대전광역시 서구 괴정동,중상사고,0,1,0,0,차대사람 - 기타,안전운전불이행,건조,맑음,교차로 - 교차로부근,화물,남,41세,상해없음,보행자,여,37세,중상
2015101300100104,2015년 10월 13일 07시,화요일,대전광역시 서구 둔산동,중상사고,0,1,0,0,차대차 - 기타,신호위반,건조,맑음,교차로 - 교차로안,승용,남,55세,상해없음,자전거,남,70세,중상
2015101300100162,2015년 10월 13일 08시,화요일,대전광역시 서구 둔산동,경상사고,0,0,1,0,차대차 - 측면직각충돌,안전운전불이행,건조,맑음,교차로 - 교차로안,승합,남,49세,상해없음,승용,여,44세,경상
2015101300100163,2015년 10월 13일 08시,화요일,대전광역시 유성구 지족동,부상신고사고,0,0,0,1,차대차 - 측면직각충돌,안전운전불이행,건조,맑음,단일로 - 기타,승용,여,35세,상해없음,자전거,여,46세,부상신고
2015101300100198,2015년 10월 13일 09시,화요일,대전광역시 유성구 송강동,중상사고,0,1,0,0,차대차 - 추돌 - 주정차중,안전운전불이행,건조,맑음,단일로 - 기타,화물,여,46세,상해없음,승용,여,34세,중상
2015101300100238,2015년 10월 13일 10시,화요일,대전광역시 동구 정동,경상사고,0,0,1,0,차대사람 - 횡단중,안전운전불이행,건조,맑음,교차로 - 교차로안,승용,남,29세,상해없음,보행자,남,66세,경상
2015101300100239,2015년 10월 13일 10시,화요일,대전광역시 유성구 용계동,중상사고,0,1,2,0,차대차 - 정면충돌,중앙선침범,건조,맑음,단일로 - 기타,승용,남,33세,상해없음,승용,남,34세,중상
2015101300100299,2015년 10월 13일 12시,화요일,대전광역시 동구 자양동,경상사고,0,0,1,0,차대사람 - 횡단중,보행자보호의무위반,건조,맑음,단일로 - 횡단보도상,승용,남,23세,상해없음,보행자,여,20세,경상
2015101300100363,2015년 10월 13일 14시,화요일,대전광역시 중구 산성동,경상사고,0,0,2,0,차대차 - 측면직각충돌,안전운전불이행,건조,맑음,교차로 - 교차로안,화물,남,73세,상해없음,화물,남,48세,경상
2015101300100444,2015년 10월 13일 16시,화요일,대전광역시 서구 가장동,부상신고사고,0,0,0,1,차대차 - 측면직각충돌,안전운전불이행,건조,맑음,단일로 - 기타,자전거,남,68세,상해없음,자전거,남,29세,부상신고
2015101300100445,2015년 10월 13일 16시,화요일,대전광역시 서구 갈마동,경상사고,0,0,1,0,차대차 - 기타,안전운전불이행,건조,맑음,교차로 - 교차로안,승용,여,35세,상해없음,자전거,남,31세,경상
2015101300100536,2015년 10월 13일 18시,화요일,대전광역시 유성구 봉명동,경상사고,0,0,1,0,차대차 - 기타,안전운전불이행,건조,맑음,교차로 - 교차로안,승용,기타불명,기타불명,기타불명,자전거,남,25세,경상
2015101300100589,2015년 10월 13일 19시,화요일,대전광역시 중구 은행동,경상사고,0,0,1,0,차량단독 - 기타,안전운전불이행,건조,맑음,단일로 - 기타,승합,남,50세,상해없음,,,,
2015101300100590,2015년 10월 13일 19시,화요일,대전광역시 중구 태평동,경상사고,0,0,1,0,차대차 - 추돌 - 진행중,안전운전불이행,건조,맑음,단일로 - 기타,승용,여,45세,상해없음,승용,여,46세,경상
2015101300100591,2015년 10월 13일 19시,화요일,대전광역시 서구 만년동,중상사고,0,1,0,0,차대사람 - 기타,안전운전불이행,건조,맑음,교차로 - 교차로안,승용,여,57세,상해없음,보행자,남,61세,중상
2015101300100624,2015년 10월 13일 20시,화요일,대전광역시 동구 가양동,경상사고,0,0,3,0,차대차 - 추돌 - 진행중,안전운전불이행,건조,맑음,단일로 - 기타,승합,남,42세,기타불명,승용,여,57세,경상
2015101300100625,2015년 10월 13일 20시,화요일,대전광역시 서구 탄방동,경상사고,0,0,3,0,차대차 - 추돌 - 진행중,안전거리미확보,건조,맑음,단일로 - 기타,승용,여,62세,상해없음,승용,남,50세,경상
2015101300100706,2015년 10월 13일 23시,화요일,대전광역시 유성구 상대동,경상사고,0,0,1,0,차대차 - 측면직각충돌,안전운전불이행,건조,맑음,단일로 - 기타,승용,남,69세,상해없음,승용,남,34세,경상
2015101400100018,2015년 10월 14일 00시,수요일,대전광역시 서구 변동,경상사고,0,0,2,0,차대차 - 추돌 - 진행중,안전운전불이행,건조,맑음,단일로 - 기타,승용,남,36세,상해없음,승용,남,58세,상해없음
2015101400100051,2015년 10월 14일 03시,수요일,대전광역시 중구 부사동,중상사고,0,1,0,0,차대사람 - 횡단중,중앙선침범,건조,맑음,단일로 - 기타,승용,남,59세,상해없음,보행자,여,65세,중상
2015101400100085,2015년 10월 14일 06시,수요일,대전광역시 동구 삼성동,중상사고,0,1,0,0,차대사람 - 횡단중,안전운전불이행,건조,맑음,단일로 - 기타,원동기,남,36세,상해없음,보행자,여,73세,중상
2015101400100116,2015년 10월 14일 07시,수요일,대전광역시 중구 태평동,경상사고,0,0,1,0,차대사람 - 횡단중,안전운전불이행,건조,맑음,단일로 - 기타,승용,여,42세,상해없음,보행자,여,59세,경상
2015101400100117,2015년 10월 14일 07시,수요일,대전광역시 동구 효동,중상사고,0,1,0,0,차대사람 - 횡단중,안전운전불이행,건조,맑음,단일로 - 기타,자전거,남,17세,상해없음,보행자,여,27세,중상
2015101400100118,2015년 10월 14일 07시,수요일,대전광역시 서구 갈마동,경상사고,0,0,1,0,차대차 - 측면직각충돌,안전운전불이행,건조,맑음,교차로 - 교차로안,승용,여,48세,상해없음,승용,남,62세,경상