사고번호,사고일시,요일,시군구,사고내용,사망자수,중상자수,경상자수,부상신고자수,사고유형,법규위반,노면상태,기상상태,도로형태,가해운전자 차종,가해운전자 성별,가해운전자 연령,가해운전자 상해정도,피해운전자 차종,피해운전자 성별,피해운전자 연령,피해운전자 상해정도
2015101400100171,2015년 10월 14일 08시,수요일,대전광역시 동구 원동,경상사고,0,0,1,0,차대사람 - 기타,안전운전불이행,건조,맑음,단일로 - 기타,승용,여,38세,상해없음,보행자,남,27세,경상
2015101400100172,2015년 10월 14일 08시,수요일,대전광역시 서구 관저동,경상사고,0,0,1,0,차대차 - 측면직각충돌,신호위반,건조,맑음,교차로 - 교차로부근,승용,여,28세,상해없음,승용,여,31세,경상
2015101400100173,2015년 10월 14일 08시,수요일,대전광역시 서구 만년동,경상사고,0,0,4,0,차대차 - 측면직각충돌,안전거리미확보,건조,맑음,단일로 - 기타,승용,남,31세,상해없음,승합,남,53세,경상
2015101400100174,2015년 10월 14일 08시,수요일,대전광역시 유성구 원신흥동,경상사고,0,0,1,0,차대차 - 측면직각충돌,신호위반,건조,맑음,교차로 - 교차로안,승용,여,20세,상해없음,이륜,남,71세,경상
2015101400100234,2015년 10월 14일 10시,수요일,대전광역시 중구 대흥동,경상사고,0,0,1,0,차대사람 - 보도통행중,보행자보호의무위반,건조,맑음,교차로 - 교차로부근,승용,남,65세,상해없음,보행자,여,22세,경상
2015101400100268,2015년 10월 14일 11시,수요일,대전광역시 서구 관저동,경상사고,0,0,2,0,차대차 - 측면직각충돌,교차로운행방법위반,건조,맑음,교차로 - 교차로안,승용,여,60세,상해없음,승용,남,64세,경상
2015101400100322,2015년 10월 14일 13시,수요일,대전광역시 중구 은행동,중상사고,0,1,0,0,차대차 - 측면직각충돌,안전거리미확보,건조,맑음,단일로 - 기타,자전거,남,76세,상해없음,이륜,남,27세,상해없음
2015101400100323,2015년 10월 14일 13시,수요일,대전광역시 유성구 장동,중상사고,0,1,0,0,차대차 - 측면직각충돌,교차로운행방법위반,건조,맑음,교차로 - 교차로안,승합,남,45세,상해없음,원동기,남,52세,중상
2015101400100357,2015년 10월 14일 14시,수요일,대전광역시 서구 도마동,중상사고,0,1,0,1,차대차 - 측면직각충돌,안전거리미확보,건조,맑음,단일로 - 기타,화물,남,60세,상해없음,승용,남,62세,중상
2015101400100398,2015년 10월 14일 15시,수요일,대전광역시 동구 낭월동,경상사고,0,0,1,0,차대차 - 기타,안전거리미확보,건조,맑음,단일로 - 기타,승용,여,20세,상해없음,승합,남,52세,상해없음
2015101400100399,2015년 10월 14일 15시,수요일,대전광역시 서구 월평동,중상사고,0,1,0,0,차대사람 - 기타,안전운전불이행,건조,맑음,단일로 - 기타,승용,여,54세,상해없음,보행자,남,30세,중상
2015101400100458,2015년 10월 14일 16시,수요일,대전광역시 서구 가수원동,경상사고,0,0,1,0,차대차 - 추돌 - 주정차중,안전거리미확보,건조,맑음,단일로 - 기타,승용,남,47세,상해없음,승용,남,60세,경상
2015101400100459,2015년 10월 14일 16시,수요일,대전광역시 유성구 용계동,경상사고,0,0,1,0,차대차 - 측면직각충돌,안전운전불이행,건조,맑음,단일로 - 기타,승용,여,54세,상해없음,승용,여,57세,경상
2015101400100571,2015년 10월 14일 18시,수요일,대전광역시 중구 태평동,중상사고,0,1,0,0,차대차 - 측면직각충돌,안전운전불이행,건조,맑음,단일로 - 기타,승용,남,57세,상해없음,자전거,여,68세,중상
2015101400100572,2015년 10월 14일 18시,수요일,대전광역시 서구 도마동,중상사고,0,1,0,0,차대차 - 측면직각충돌,신호위반,건조,맑음,교차로 - 교차로안,승용,남,69세,상해없음,이륜,남,56세,중상
2015101400100573,2015년 10월 14일 18시,수요일,대전광역시 대덕구 법동,경상사고,0,0,1,0,차대사람 - 기타,안전운전불이행,건조,맑음,단일로 - 기타,승용,여,58세,상해없음,보행자,남,7세,경상
2015101400100631,2015년 10월 14일 19시,수요일,대전광역시 유성구 도룡동,경상사고,0,0,1,0,차대차 - 추돌 - 진행중,교차로운행방법위반,건조,맑음,교차로 - 교차로안,승용,여,69세,상해없음,승용,남,28세,경상
2015101400100672,2015년 10월 14일 20시,수요일,대전광역시 동구 삼정동,경상사고,0,0,1,0,차대사람 - 횡단중,안전운전불이행,건조,맑음,단일로 - 기타,화물,남,46세,상해없음,보행자,남,20세,경상
2015101400100756,2015년 10월 14일 23시,수요일,대전광역시 서구 가장동,경상사고,0,0,1,0,차대차 - 측면직각충돌,안전운전불이행,건조,맑음,단일로 - 기타,승용,남,29세,상해없음,승용,남,29세,경상
2015101400100757,2015년 10월 14일 23시,수요일,대전광역시 유성구 덕명동,경상사고,0,0,3,0,차대차 - 측면직각충돌,신호위반,건조,맑음,교차로 - 교차로안,승용,남,48세,상해없음,승용,남,27세,경상
2015101500100011,2015년 10월 15일 00시,목요일,대전광역시 서구 정림동,경상사고,0,0,1,0,차대차 - 측면직각충돌,신호위반,건조,맑음,교차로 - 교차로안,승용,남,56세,상해없음,승용,남,35세,경상
2015101500100027,2015년 10월 15일 01시,목요일,대전광역시 서구 갈마동,경상사고,0,0,1,0,차대사람 - 횡단중,신호위반,건조,맑음,교차로 - 교차로부근,승용,남,22세,상해없음,보행자,여,29세,경상
2015101500100039,2015년 10월 15일 03시,목요일,대전광역시 서구 복수동,경상사고,0,0,1,0,차대사람 - 차도통행중,안전운전불이행,건조,맑음,단일로 - 기타,승용,남,20세,상해없음,보행자,남,20세,경상
2015101500100041,2015년 10월 15일 03시,목요일,대전광역시 서구 월평동,경상사고,0,0,1,0,차대차 - 측면직각충돌,안전운전불이행,건조,맑음,단일로 - 기타,승용,남,30세,상해없음,승용,남,34세,경상
2015101500100060,2015년 10월 15일 05시,목요일,대전광역시 동구 소제동,중상사고,0,1,0,0,차대사람 - 기타,신호위반,건조,맑음,교차로 - 교차로안,승용,남,42세,상해없음,보행자,남,71세,중상
2015101500100176,2015년 10월 15일 09시,목요일,대전광역시 중구 대사동,중상사고,0,1,0,0,차대사람 - 횡단중,안전운전불이행,건조,맑음,단일로 - 기타,승합,여,43세,상해없음,보행자,여,82세,중상
2015101500100177,2015년 10월 15일 09시,목요일,대전광역시 동구 홍도동,경상사고,0,0,1,0,차대차 - 추돌 - 진행중,안전운전불이행,건조,맑음,단일로 - 기타,승합,남,17세,상해없음,승용,여,55세,경상
2015101500100241,2015년 10월 15일 11시,목요일,대전광역시 동구 신흥동,중상사고,0,1,0,0,차대차 - 측면직각충돌,교차로운행방법위반,건조,맑음,교차로 - 교차로안,승용,여,52세,상해없음,자전거,남,76세,중상
2015101500100298,2015년 10월 15일 13시,목요일,대전광역시 동구 정동,경상사고,0,0,2,0,차대차 - 정면충돌,안전운전불이행,건조,맑음,단일로 - 기타,승용,남,20세,상해없음,승용,남,41세,경상
2015101500100299,2015년 10월 15일 13시,목요일,대전광역시 유성구 봉명동,경상사고,0,0,1,0,차대차 - 측면직각충돌,신호위반,건조,맑음,교차로 - 교차로안,건설기계,남,62세,상해없음,승용,남,52세,상해없음
2015101500100339,2015년 10월 15일 14시,목요일,대전광역시 동구 가오동,경상사고,0,0,1,0,차대차 - 추돌 - 진행중,안전거리미확보,건조,맑음,단일로 - 기타,원동기,남,19세,경상,승용,남,53세,상해없음
2015101500100444,2015년 10월 15일 17시,목요일,대전광역시 동구 홍도동,경상사고,0,0,1,0,차대차 - 기타,직진우회전진행방해,건조,맑음,교차로 - 교차로안,승용,여,20세,상해없음,원동기,남,26세,경상
2015101500100445,2015년 10월 15일 17시,목요일,대전광역시 동구 원동,경상사고,0,0,1,0,차대차 - 측면직각충돌,중앙선침범,건조,맑음,단일로 - 기타,승용,남,57세,기타불명,원동기,남,25세,경상
2015101500100446,2015년 10월 15일 17시,목요일,대전광역시 서구 도마동,중상사고,0,1,0,0,차대사람 - 기타,안전운전불이행,건조,맑음,단일로 - 기타,승용,남,46세,상해없음,보행자,여,67세,중상
2015101500100553,2015년 10월 15일 19시,목요일,대전광역시 유성구 교촌동,경상사고,0,0,5,0,차대차 - 추돌 - 진행중,안전거리미확보,건조,맑음,단일로 - 기타,승용,남,53세,경상,승용,여,47세,경상
2015101500100611,2015년 10월 15일 21시,목요일,대전광역시 중구 선화동,경상사고,0,0,1,0,차대차 - 측면직각충돌,안전운전불이행,건조,맑음,교차로 - 교차로부근,승용,남,57세,상해없음,자전거,여,33세,경상
2015101500100640,2015년 10월 15일 22시,목요일,대전광역시 동구 대동,중상사고,0,1,0,0,차량단독 - 주차차량충돌,안전운전불이행,건조,맑음,단일로 - 기타,원동기,남,59세,기타불명,,,,
2015101500100663,2015년 10월 15일 23시,목요일,대전광역시 대덕구 연축동,사망사고,1,0,0,0,차대차 - 추돌 - 주정차중,안전운전불이행,건조,맑음,단일로 - 기타,승용,여,45세,사망,승합,남,60세,기타불명
2015101500100664,2015년 10월 15일 23시,목요일,대전광역시 유성구 봉명동,경상사고,0,0,1,0,차대사람 - 횡단중,안전운전불이행,건조,맑음,단일로 - 기타,승용,남,30세,상해없음,보행자,남,35세,경상
2015101600100019,2015년 10월 16일 00시,금요일,대전광역시 서구 갈마동,경상사고,0,0,2,0,차대차 - 추돌 - 진행중,안전운전불이행,건조,맑음,단일로 - 기타,이륜,남,23세,경상,승용,남,45세,상해없음
2015101600100175,2015년 10월 16일 08시,금요일,대전광역시 서구 가장동,경상사고,0,0,1,0,차대차 - 추돌 - 진행중,안전거리미확보,건조,맑음,교차로 - 교차로부근,승용,남,59세,상해없음,승용,여,37세,경상
2015101600100325,2015년 10월 16일 13시,금요일,대전광역시 대덕구 법동,중상사고,0,1,0,0,차대차 - 기타,안전운전불이행,건조,맑음,교차로 - 교차로안,승합,남,51세,상해없음,원동기,남,56세,중상
2015101600100371,2015년 10월 16일 14시,금요일,대전광역시 대덕구 비래동,경상사고,0,0,1,0,차대차 - 측면직각충돌,안전운전불이행,건조,맑음,교차로 - 교차로안,화물,남,50세,상해없음,승용,남,45세,경상
2015101600100404,2015년 10월 16일 15시,금요일,대전광역시 동구 원동,중상사고,0,1,0,0,차대사람 - 기타,안전운전불이행,건조,맑음,단일로 - 기타,화물,남,37세,상해없음,보행자,남,49세,중상
2015101600100441,2015년 10월 16일 16시,금요일,대전광역시 서구 갈마동,경상사고,0,0,1,0,차대차 - 추돌 - 주정차중,안전운전불이행,건조,맑음,교차로 - 교차로안,승용,여,44세,상해없음,승용,여,36세,경상
2015101600100544,2015년 10월 16일 18시,금요일,대전광역시 유성구 장동,경상사고,0,0,2,0,차대차 - 추돌 - 주정차중,안전운전불이행,건조,맑음,교차로 - 교차로부근,승합,여,56세,기타불명,승용,남,32세,경상
2015101600100604,2015년 10월 16일 19시,금요일,대전광역시 동구 대성동,경상사고,0,0,1,0,차대차 - 기타,신호위반,건조,맑음,교차로 - 교차로안,승용,남,22세,상해없음,승용,여,35세,경상
2015101600100605,2015년 10월 16일 19시,금요일,대전광역시 서구 월평동,중상사고,0,1,0,0,차대사람 - 차도통행중,안전운전불이행,건조,맑음,단일로 - 기타,승용,남,50세,상해없음,보행자,여,48세,중상
2015101600100679,2015년 10월 16일 21시,금요일,대전광역시 유성구 반석동,경상사고,0,0,2,0,차대차 - 추돌 - 주정차중,안전운전불이행,건조,맑음,교차로 - 교차로부근,승용,여,44세,상해없음,승용,여,56세,경상
2015101600100707,2015년 10월 16일 22시,금요일,대전광역시 중구 은행동,중상사고,0,1,2,0,차대차 - 측면직각충돌,신호위반,건조,맑음,교차로 - 교차로안,승용,여,58세,상해없음,승용,여,57세,경상
2015101600100708,2015년 10월 16일 22시,금요일,대전광역시 유성구 봉명동,경상사고,0,0,1,0,차대차 - 추돌 - 주정차중,안전거리미확보,건조,맑음,교차로 - 교차로안,승용,기타불명,기타불명,기타불명,승합,남,40세,상해없음
2015101700100024,2015년 10월 17일 00시,토요일,대전광역시 유성구 반석동,경상사고,0,0,3,0,차대차 - 기타,차로위반,건조,맑음,단일로 - 기타,승용,남,48세,경상,승용,여,37세,경상
2015101700100044,2015년 10월 17일 01시,토요일,대전광역시 서구 용문동,중상사고,0,1,0,0,차대차 - 측면직각충돌,안전운전불이행,건조,맑음,단일로 - 기타,승용,남,23세,상해없음,이륜,남,19세,중상
2015101700100083,2015년 10월 17일 04시,토요일,대전광역시 중구 태평동,경상사고,0,0,1,0,차대차 - 측면직각충돌,신호위반,건조,맑음,교차로 - 교차로안,승용,남,69세,상해없음,승용,남,35세,경상
2015101700100120,2015년 10월 17일 06시,토요일,대전광역시 대덕구 비래동,중상사고,0,1,0,0,차대사람 - 기타,안전운전불이행,건조,맑음,단일로 - 기타,승용,남,49세,상해없음,보행자,여,79세,중상
2015101700100140,2015년 10월 17일 07시,토요일,대전광역시 중구 석교동,중상사고,0,1,0,0,차대차 - 측면직각충돌,안전운전불이행,건조,맑음,단일로 - 기타,승합,남,57세,상해없음,승용,남,31세,중상
2015101700100202,2015년 10월 17일 09시,토요일,대전광역시 동구 성남동,경상사고,0,0,3,0,차대차 - 추돌 - 주정차중,안전거리미확보,건조,맑음,단일로 - 기타,승용,남,51세,상해없음,승용,남,56세,기타불명
2015101700100203,2015년 10월 17일 09시,토요일,대전광역시 유성구 어은동,중상사고,0,1,0,0,차대사람 - 기타,중앙선침범,건조,맑음,단일로 - 기타,승용,남,47세,상해없음,보행자,여,55세,중상
2015101700100234,2015년 10월 17일 10시,토요일,대전광역시 서구 월평동,중상사고,0,1,1,0,차대차 - 추돌 - 진행중,안전운전불이행,건조,맑음,교차로 - 교차로부근,승용,남,60세,상해없음,승용,남,30세,중상
2015101700100264,2015년 10월 17일 11시,토요일,대전광역시 중구 대흥동,경상사고,0,0,1,0,차대차 - 측면직각충돌,안전운전불이행,건조,맑음,단일로 - 기타,승용,남,39세,상해없음,승합,남,55세,경상
2015101700100346,2015년 10월 17일 13시,토요일,대전광역시 중구 태평동,경상사고,0,0,1,0,차대사람 - 기타,안전운전불이행,건조,맑음,단일로 - 기타,기타불명,기타불명,기타불명,기타불명,보행자,여,48세,경상
2015101700100347,2015년 10월 17일 13시,토요일,대전광역시 동구 용전동,경상사고,0,0,1,0,차대사람 - 차도통행중,안전운전불이행,건조,맑음,단일로 - 기타,승용,남,42세,상해없음,보행자,여,59세,경상
2015101700100431,2015년 10월 17일 15시,토요일,대전광역시 동구 대동,경상사고,0,0,1,0,차대차 - 기타,안전운전불이행,건조,맑음,단일로 - 기타,승용,남,30세,상해없음,승용,남,59세,경상
2015101700100432,2015년 10월 17일 15시,토요일,대전광역시 서구 월평동,경상사고,0,0,2,0,차대차 - 추돌 - 진행중,안전거리미확보,건조,맑음,교차로 - 교차로부근,승용,남,21세,상해없음,승용,남,34세,경상
2015101700100507,2015년 10월 17일 17시,토요일,대전광역시 서구 둔산동,경상사고,0,0,1,0,차대차 - 추돌 - 주정차중,기타,건조,맑음,단일로 - 기타,승용,남,64세,상해없음,원동기,남,21세,경상
2015101700100569,2015년 10월 17일 18시,토요일,대전광역시 유성구 궁동,경상사고,0,0,1,0,차대차 - 기타,교차로운행방법위반,건조,맑음,교차로 - 교차로안,승용,남,40세,상해없음,자전거,남,25세,경상
2015101700100615,2015년 10월 17일 19시,토요일,대전광역시 서구 둔산동,경상사고,0,0,2,0,차대차 - 추돌 - 진행중,안전운전불이행,건조,맑음,교차로 - 교차로안,승용,여,31세,상해없음,승용,여,39세,경상
2015101700100616,2015년 10월 17일 19시,토요일,대전광역시 유성구 봉명동,중상사고,0,1,1,0,차대차 - 추돌 - 주정차중,안전운전불이행,건조,맑음,교차로 - 교차로부근,화물,남,54세,상해없음,승용,남,38세,경상
2015101700100660,2015년 10월 17일 20시,토요일,대전광역시 동구 용전동,경상사고,0,0,3,0,차대차 - 측면직각충돌,안전운전불이행,건조,맑음,단일로 - 기타,화물,남,31세,상해없음,승용,남,27세,경상
2015101700100731,2015년 10월 17일 22시,토요일,대전광역시 서구 월평동,중상사고,0,1,0,0,차대차 - 측면직각충돌,안전운전불이행,건조,맑음,단일로 - 기타,승용,남,35세,상해없음,이륜,남,24세,중상
2015101800100024,2015년 10월 18일 00시,일요일,대전광역시 중구 오류동,중상사고,0,1,0,0,차대사람 - 횡단중,안전운전불이행,건조,맑음,교차로 - 교차로안,승용,여,53세,상해없음,보행자,남,45세,중상
2015101800100048,2015년 10월 18일 01시,일요일,대전광역시 동구 가양동,경상사고,0,0,1,0,차대차 - 정면충돌,중앙선침범,건조,맑음,단일로 - 기타,승용,남,60세,상해없음,이륜,남,23세,경상
2015101800100049,2015년 10월 18일 01시,일요일,대전광역시 대덕구 중리동,경상사고,0,0,1,0,차대사람 - 차도통행중,안전운전불이행,건조,맑음,단일로 - 기타,승용,남,44세,상해없음,보행자,남,25세,경상
2015101800100090,2015년 10월 18일 04시,일요일,대전광역시 동구 가오동,중상사고,0,1,0,0,차대차 - 측면직각충돌,안전운전불이행,건조,맑음,교차로 - 교차로안,승용,남,24세,기타불명,승용,여,52세,중상
2015101800100217,2015년 10월 18일 11시,일요일,대전광역시 유성구 봉명동,중상사고,0,1,1,0,차대차 - 추돌 - 주정차중,안전운전불이행,건조,맑음,단일로 - 기타,승용,남,56세,상해없음,승용,남,25세,중상
2015101800100218,2015년 10월 18일 11시,일요일,대전광역시 유성구 신성동,중상사고,0,1,0,0,차대사람 - 기타,안전운전불이행,건조,맑음,단일로 - 기타,승용,남,47세,기타불명,보행자,남,40세,중상
2015101800100244,2015년 10월 18일 12시,일요일,대전광역시 유성구 도룡동,중상사고,0,1,0,0,차대사람 - 보도통행중,안전운전불이행,건조,맑음,단일로 - 횡단보도부근,승용,남,41세,상해없음,보행자,남,27세,중상
2015101800100276,2015년 10월 18일 13시,일요일,대전광역시 중구 안영동,경상사고,0,0,1,0,차대차 - 측면직각충돌,중앙선침범,건조,맑음,교차로 - 교차로부근,승용,남,39세,기타불명,승용,남,35세,경상
2015101800100277,2015년 10월 18일 13시,일요일,대전광역시 유성구 신성동,경상사고,0,0,1,0,차대사람 - 횡단중,안전운전불이행,건조,맑음,단일로 - 기타,승용,여,44세,상해없음,보행자,여,16세,경상
2015101800100278,2015년 10월 18일 13시,일요일,대전광역시 유성구 도룡동,경상사고,0,0,1,0,차대차 - 기타,안전운전불이행,건조,맑음,단일로 - 기타,승용,여,25세,상해없음,승용,남,58세,경상
2015101800100322,2015년 10월 18일 14시,일요일,대전광역시 동구 용전동,경상사고,0,0,1,0,차대차 - 추돌 - 진행중,안전거리미확보,건조,맑음,교차로 - 교차로안,승용,남,47세,상해없음,승용,남,58세,경상
2015101800100346,2015년 10월 18일 15시,일요일,대전광역시 중구 산성동,중상사고,0,1,0,0,차대차 - 측면직각충돌,신호위반,건조,맑음,단일로 - 횡단보도상,승용,남,59세,상해없음,자전거,남,35세,중상
2015101800100465,2015년 10월 18일 18시,일요일,대전광역시 중구 석교동,경상사고,0,0,2,0,차대차 - 추돌 - 진행중,안전운전불이행,건조,맑음,교차로 - 교차로안,승용,남,32세,상해없음,원동기,남,69세,경상
2015101800100528,2015년 10월 18일 20시,일요일,대전광역시 동구 신흥동,중상사고,0,1,0,0,차대차 - 측면직각충돌,중앙선침범,건조,맑음,교차로 - 교차로부근,승용,남,57세,상해없음,승용,여,31세,중상
2015101900100014,2015년 10월 19일 00시,월요일,대전광역시 서구 둔산동,경상사고,0,0,1,0,차대차 - 측면직각충돌,신호위반,건조,맑음,교차로 - 교차로부근,승용,기타불명,기타불명,기타불명,자전거,남,27세,경상
2015101900100025,2015년 10월 19일 01시,월요일,대전광역시 서구 갈마동,경상사고,0,0,1,0,차대차 - 추돌 - 진행중,안전거리미확보,건조,맑음,교차로 - 교차로부근,승용,남,34세,상해없음,승용,남,25세,경상
2015101900100046,2015년 10월 19일 04시,월요일,대전광역시 유성구 방현동,중상사고,0,1,1,0,차대차 - 측면직각충돌,안전운전불이행,습기,안개,기타 - 기타,화물,남,47세,중상,화물,남,43세,경상
2015101900100073,2015년 10월 19일 06시,월요일,대전광역시 서구 괴정동,중상사고,0,1,0,0,차대차 - 측면직각충돌,중앙선침범,건조,맑음,단일로 - 기타,화물,여,58세,상해없음,이륜,남,58세,중상
2015101900100111,2015년 10월 19일 07시,월요일,대전광역시 서구 월평동,경상사고,0,0,1,0,차대사람 - 횡단중,안전운전불이행,건조,맑음,교차로 - 교차로안,화물,남,47세,기타불명,보행자,남,24세,경상
2015101900100143,2015년 10월 19일 08시,월요일,대전광역시 유성구 장대동,경상사고,0,0,1,0,차대차 - 추돌 - 진행중,안전운전불이행,습기,흐림,기타 - 기타,화물,남,53세,상해없음,승합,남,40세,상해없음
2015101900100196,2015년 10월 19일 09시,월요일,대전광역시 유성구 반석동,경상사고,0,0,1,0,차대사람 - 기타,안전운전불이행,건조,맑음,기타 - 기타,자전거,남,60세,상해없음,보행자,여,48세,경상
2015101900100197,2015년 10월 19일 09시,월요일,대전광역시 유성구 장대동,경상사고,0,0,1,0,차대사람 - 길가장자리구역통행중,안전운전불이행,건조,맑음,기타 - 기타,승용,여,49세,상해없음,보행자,여,59세,경상
2015101900100228,2015년 10월 19일 10시,월요일,대전광역시 서구 둔산동,중상사고,0,1,0,0,차대차 - 측면직각충돌,신호위반,건조,맑음,교차로 - 교차로안,승용,남,50세,상해없음,화물,남,64세,중상
2015101900100312,2015년 10월 19일 13시,월요일,대전광역시 동구 소제동,경상사고,0,0,3,0,차대차 - 측면직각충돌,신호위반,건조,맑음,교차로 - 교차로부근,승용,남,28세,상해없음,승용,여,32세,경상
2015101900100313,2015년 10월 19일 13시,월요일,대전광역시 유성구 방동,경상사고,0,0,1,0,차대차 - 추돌 - 주정차중,안전운전불이행,건조,맑음,단일로 - 횡단보도부근,화물,남,48세,상해없음,화물,남,54세,경상
2015101900100348,2015년 10월 19일 14시,월요일,대전광역시 중구 목동,사망사고,1,0,0,0,차대사람 - 기타,기타,건조,맑음,교차로 - 교차로부근,승용,여,51세,상해없음,보행자,남,69세,사망
2015101900100349,2015년 10월 19일 14시,월요일,대전광역시 대덕구 중리동,경상사고,0,0,1,0,차대차 - 추돌 - 주정차중,안전운전불이행,건조,맑음,교차로 - 교차로부근,승용,남,30세,기타불명,승용,남,62세,경상
2015101900100350,2015년 10월 19일 14시,월요일,대전광역시 서구 월평동,경상사고,0,0,1,0,차대사람 - 횡단중,안전운전불이행,건조,맑음,교차로 - 교차로안,승용,남,54세,기타불명,보행자,남,63세,경상
2015101900100403,2015년 10월 19일 15시,월요일,대전광역시 유성구 상대동,경상사고,0,0,2,0,차대차 - 추돌 - 주정차중,안전거리미확보,건조,맑음,단일로 - 기타,승합,남,57세,상해없음,승용,남,32세,경상
2015101900100550,2015년 10월 19일 18시,월요일,대전광역시 대덕구 신일동,중상사고,0,1,1,0,차대차 - 기타,신호위반,건조,맑음,교차로 - 교차로안,승용,남,53세,경상,승용,남,26세,중상
2015101900100603,2015년 10월 19일 19시,월요일,대전광역시 중구 선화동,중상사고,0,1,0,0,차대사람 - 길가장자리구역통행중,안전운전불이행,건조,맑음,교차로 - 교차로안,승합,남,46세,상해없음,보행자,여,68세,중상
2015101900100650,2015년 10월 19일 21시,월요일,대전광역시 대덕구 신탄진동,경상사고,0,0,1,0,차대차 - 추돌 - 주정차중,안전운전불이행,건조,맑음,교차로 - 교차로부근,화물,남,63세,상해없음,승용,여,41세,경상
2015101900100651,2015년 10월 19일 21시,월요일,대전광역시 유성구 반석동,경상사고,0,0,2,0,차대차 - 추돌 - 진행중,안전거리미확보,건조,맑음,교차로 - 교차로안,승합,남,39세,상해없음,승용,남,54세,상해없음
2015101900100676,2015년 10월 19일 22시,월요일,대전광역시 서구 변동,경상사고,0,0,1,0,차대차 - 추돌 - 주정차중,안전운전불이행,건조,맑음,교차로 - 교차로부근,승용,남,44세,상해없음,승합,남,55세,경상
2015101900100695,2015년 10월 19일 23시,월요일,대전광역시 동구 대성동,경상사고,0,0,2,0,차대차 - 추돌 - 진행중,안전운전불이행,건조,맑음,단일로 - 기타,화물,남,54세,상해없음,승용,남,41세,경상
2015101900100696,2015년 10월 19일 23시,월요일,대전광역시 서구 정림동,경상사고,0,0,1,0,차대차 - 측면직각충돌,신호위반,건조,맑음,교차로 - 교차로안,승용,여,38세,상해없음,승용,남,57세,경상
2015102000100030,2015년 10월 20일 01시,화요일,대전광역시 동구 인동,중상사고,0,2,0,0,차대차 - 기타,안전운전불이행,건조,맑음,교차로 - 교차로부근,화물,남,61세,상해없음,승용,남,22세,중상
2015102000100038,2015년 10월 20일 02시,화요일,대전광역시 서구 둔산동,경상사고,0,0,1,0,차대사람 - 차도통행중,안전운전불이행,건조,맑음,단일로 - 기타,승용,여,22세,상해없음,보행자,여,24세,경상
2015102000100104,2015년 10월 20일 07시,화요일,대전광역시 대덕구 읍내동,중상사고,0,1,1,0,차대차 - 추돌 - 진행중,차로위반,건조,맑음,단일로 - 기타,승용,여,36세,상해없음,승용,여,45세,상해없음
2015102000100151,2015년 10월 20일 08시,화요일,대전광역시 중구 오류동,중상사고,0,1,1,0,차대차 - 기타,안전거리미확보,건조,맑음,교차로 - 교차로부근,승용,기타불명,기타불명,기타불명,승합,남,53세,상해없음
2015102000100152,2015년 10월 20일 08시,화요일,대전광역시 서구 괴정동,중상사고,0,1,0,0,차대차 - 측면직각충돌,안전운전불이행,건조,맑음,교차로 - 교차로안,이륜,남,54세,상해없음,승합,여,43세,상해없음
2015102000100153,2015년 10월 20일 08시,화요일,대전광역시 서구 도마동,경상사고,0,0,1,0,차대차 - 추돌 - 진행중,안전거리미확보,건조,맑음,교차로 - 교차로안,승용,남,34세,상해없음,승용,여,27세,경상
2015102000100154,2015년 10월 20일 08시,화요일,대전광역시 대덕구 석봉동,중상사고,0,1,0,0,차대사람 - 횡단중,보행자보호의무위반,건조,맑음,교차로 - 교차로안,승용,여,46세,상해없음,보행자,남,58세,중상
2015102000100193,2015년 10월 20일 09시,화요일,대전광역시 유성구 구암동,경상사고,0,0,1,0,차대차 - 측면직각충돌,차로위반,건조,맑음,단일로 - 기타,건설기계,남,45세,상해없음,승용,여,35세,경상
2015102000100234,2015년 10월 20일 10시,화요일,대전광역시 서구 만년동,경상사고,0,0,11,1,차대차 - 추돌 - 진행중,안전운전불이행,건조,맑음,단일로 - 기타,승합,남,48세,상해없음,승용,여,33세,경상
2015102000100329,2015년 10월 20일 13시,화요일,대전광역시 동구 비룡동,사망사고,1,0,0,0,차대차 - 추돌 - 주정차중,안전운전불이행,건조,맑음,단일로 - 기타,승용,남,28세,사망,화물,남,56세,상해없음
2015102000100343,2015년 10월 20일 13시,화요일,대전광역시 중구 은행동,경상사고,0,0,1,0,차대사람 - 차도통행중,안전운전불이행,건조,맑음,단일로 - 기타,화물,남,48세,상해없음,보행자,여,46세,경상
2015102000100413,2015년 10월 20일 15시,화요일,대전광역시 동구 용전동,중상사고,0,1,0,0,차대사람 - 기타,안전운전불이행,건조,맑음,단일로 - 기타,원동기,남,52세,상해없음,보행자,여,79세,중상
2015102000100492,2015년 10월 20일 17시,화요일,대전광역시 동구 가양동,경상사고,0,0,1,0,차대사람 - 길가장자리구역통행중,안전운전불이행,건조,맑음,단일로 - 기타,화물,남,44세,기타불명,보행자,남,9세,경상
2015102000100533,2015년 10월 20일 18시,화요일,대전광역시 대덕구 덕암동,중상사고,0,1,0,0,차대사람 - 횡단중,안전운전불이행,건조,맑음,단일로 - 기타,승용,여,30세,상해없음,보행자,여,48세,중상