사고번호,사고일시,요일,시군구,사고내용,사망자수,중상자수,경상자수,부상신고자수,사고유형,법규위반,노면상태,기상상태,도로형태,가해운전자 차종,가해운전자 성별,가해운전자 연령,가해운전자 상해정도,피해운전자 차종,피해운전자 성별,피해운전자 연령,피해운전자 상해정도
2015102600100402,2015년 10월 26일 15시,월요일,대전광역시 서구 흑석동,경상사고,0,0,2,0,차대차 - 측면직각충돌,교차로운행방법위반,건조,맑음,교차로 - 교차로안,승용,남,65세,기타불명,승용,남,27세,경상
2015102600100448,2015년 10월 26일 16시,월요일,대전광역시 서구 둔산동,중상사고,0,1,0,0,차대차 - 추돌 - 주정차중,안전운전불이행,건조,맑음,교차로 - 교차로부근,승용,여,41세,상해없음,이륜,남,23세,중상
2015102600100507,2015년 10월 26일 17시,월요일,대전광역시 중구 선화동,경상사고,0,0,1,0,차대차 - 추돌 - 진행중,안전운전불이행,건조,맑음,교차로 - 교차로안,승용,여,52세,상해없음,승용,남,52세,경상
2015102600100508,2015년 10월 26일 17시,월요일,대전광역시 중구 부사동,경상사고,0,0,1,0,차대사람 - 기타,안전운전불이행,건조,맑음,단일로 - 기타,기타불명,기타불명,기타불명,기타불명,보행자,남,75세,경상
2015102600100509,2015년 10월 26일 17시,월요일,대전광역시 서구 가장동,경상사고,0,0,1,0,차대차 - 기타,교차로운행방법위반,건조,맑음,교차로 - 교차로안,승용,여,29세,상해없음,이륜,남,21세,경상
2015102600100594,2015년 10월 26일 18시,월요일,대전광역시 서구 괴정동,경상사고,0,0,1,0,차대차 - 측면직각충돌,안전거리미확보,건조,맑음,단일로 - 기타,승용,남,56세,상해없음,이륜,남,33세,경상
2015102600100595,2015년 10월 26일 18시,월요일,대전광역시 유성구 관평동,경상사고,0,0,1,0,차대사람 - 횡단중,안전운전불이행,건조,맑음,교차로 - 교차로부근,승용,남,58세,상해없음,보행자,남,4세,경상
2015102600100656,2015년 10월 26일 19시,월요일,대전광역시 중구 태평동,경상사고,0,0,1,0,차대차 - 측면직각충돌,신호위반,건조,맑음,교차로 - 교차로안,승용,여,53세,상해없음,자전거,남,13세,경상
2015102600100657,2015년 10월 26일 19시,월요일,대전광역시 동구 용전동,경상사고,0,0,1,0,차대차 - 기타,안전거리미확보,건조,맑음,단일로 - 기타,승용,남,49세,상해없음,승합,남,48세,상해없음
2015102600100658,2015년 10월 26일 19시,월요일,대전광역시 대덕구 신대동,중상사고,0,2,1,0,차대차 - 추돌 - 주정차중,안전운전불이행,건조,맑음,단일로 - 기타,화물,남,42세,기타불명,화물,남,26세,경상
2015102600100684,2015년 10월 26일 20시,월요일,대전광역시 서구 관저동,경상사고,0,0,1,0,차대차 - 기타,안전운전불이행,건조,맑음,단일로 - 기타,승용,여,53세,상해없음,이륜,남,52세,경상
2015102600100713,2015년 10월 26일 21시,월요일,대전광역시 유성구 봉명동,경상사고,0,0,1,0,차대차 - 측면직각충돌,안전거리미확보,건조,맑음,단일로 - 기타,승용,남,37세,상해없음,이륜,남,50세,경상
2015102600100769,2015년 10월 26일 23시,월요일,대전광역시 중구 용두동,중상사고,0,2,1,0,차대차 - 추돌 - 진행중,안전운전불이행,건조,맑음,단일로 - 기타,승용,남,37세,상해없음,승용,남,62세,경상
2015102600100770,2015년 10월 26일 23시,월요일,대전광역시 동구 가양동,경상사고,0,0,1,0,차대차 - 측면직각충돌,안전운전불이행,건조,맑음,단일로 - 기타,승용,남,52세,상해없음,이륜,남,22세,경상
2015102600100771,2015년 10월 26일 23시,월요일,대전광역시 동구 용전동,중상사고,0,1,0,0,차대차 - 추돌 - 진행중,안전운전불이행,건조,맑음,교차로 - 교차로부근,승용,남,33세,상해없음,승용,남,48세,상해없음
2015102700100040,2015년 10월 27일 01시,화요일,대전광역시 중구 유천동,중상사고,0,1,1,0,차대차 - 측면직각충돌,신호위반,건조,맑음,교차로 - 교차로안,원동기,남,18세,상해없음,화물,남,55세,경상
2015102700100085,2015년 10월 27일 05시,화요일,대전광역시 동구 신상동,사망사고,1,0,0,0,차대사람 - 기타,안전운전불이행,습기,비,단일로 - 기타,승용,남,65세,상해없음,보행자,남,27세,사망
2015102700100196,2015년 10월 27일 08시,화요일,대전광역시 서구 둔산동,경상사고,0,0,1,0,차대차 - 추돌 - 진행중,안전운전불이행,습기,비,단일로 - 기타,승용,남,29세,상해없음,승용,여,33세,경상
2015102700100197,2015년 10월 27일 08시,화요일,대전광역시 유성구 관평동,경상사고,0,0,2,0,차대차 - 기타,직진우회전진행방해,습기,비,교차로 - 교차로안,승용,남,65세,경상,승용,남,38세,경상
2015102700100236,2015년 10월 27일 09시,화요일,대전광역시 동구 삼성동,경상사고,0,0,1,0,차대차 - 추돌 - 진행중,안전운전불이행,습기,비,단일로 - 기타,승용,남,60세,상해없음,화물,남,67세,경상
2015102700100237,2015년 10월 27일 09시,화요일,대전광역시 동구 성남동,경상사고,0,0,1,0,차대차 - 추돌 - 진행중,안전운전불이행,습기,비,단일로 - 기타,승용,남,62세,상해없음,승용,남,36세,경상
2015102700100361,2015년 10월 27일 13시,화요일,대전광역시 서구 용문동,경상사고,0,0,2,0,차대차 - 측면직각충돌,신호위반,건조,맑음,교차로 - 교차로안,승용,남,37세,상해없음,승용,남,36세,경상
2015102700100362,2015년 10월 27일 13시,화요일,대전광역시 서구 둔산동,경상사고,0,0,3,0,차대차 - 추돌 - 주정차중,안전운전불이행,건조,맑음,교차로 - 교차로부근,승용,남,59세,상해없음,승용,여,44세,경상
2015102700100423,2015년 10월 27일 15시,화요일,대전광역시 중구 은행동,중상사고,0,1,5,0,차대차 - 측면직각충돌,신호위반,건조,흐림,교차로 - 교차로안,승용,남,69세,상해없음,승용,여,40세,경상
2015102700100424,2015년 10월 27일 15시,화요일,대전광역시 중구 사정동,경상사고,0,0,1,0,차대차 - 추돌 - 주정차중,안전거리미확보,건조,맑음,단일로 - 기타,화물,남,50세,상해없음,승용,여,48세,경상
2015102700100425,2015년 10월 27일 15시,화요일,대전광역시 동구 가오동,경상사고,0,0,1,0,차대차 - 기타,안전운전불이행,건조,맑음,단일로 - 기타,승용,남,45세,상해없음,승용,여,39세,경상
2015102700100426,2015년 10월 27일 15시,화요일,대전광역시 서구 둔산동,경상사고,0,0,1,0,차대사람 - 길가장자리구역통행중,안전운전불이행,건조,흐림,단일로 - 기타,승용,기타불명,기타불명,기타불명,보행자,여,19세,경상
2015102700100507,2015년 10월 27일 17시,화요일,대전광역시 동구 삼성동,경상사고,0,0,1,0,차대차 - 기타,안전운전불이행,건조,맑음,단일로 - 횡단보도상,승용,남,55세,상해없음,자전거,남,11세,경상
2015102700100508,2015년 10월 27일 17시,화요일,대전광역시 대덕구 신탄진동,경상사고,0,0,1,0,차대차 - 추돌 - 주정차중,안전운전불이행,건조,흐림,교차로 - 교차로부근,승용,남,41세,기타불명,승용,여,52세,경상
2015102700100509,2015년 10월 27일 17시,화요일,대전광역시 서구 둔산동,경상사고,0,0,1,0,차대차 - 측면직각충돌,안전거리미확보,건조,맑음,단일로 - 기타,승용,남,52세,상해없음,화물,남,31세,경상
2015102700100634,2015년 10월 27일 20시,화요일,대전광역시 대덕구 석봉동,중상사고,0,1,0,0,차대차 - 기타,안전운전불이행,건조,흐림,교차로 - 교차로안,승용,남,46세,상해없음,이륜,남,49세,중상
2015102700100635,2015년 10월 27일 20시,화요일,대전광역시 서구 둔산동,경상사고,0,0,1,0,차대차 - 정면충돌,신호위반,건조,맑음,교차로 - 교차로안,승용,남,27세,상해없음,승용,남,33세,경상
2015102700100666,2015년 10월 27일 21시,화요일,대전광역시 유성구 봉산동,중상사고,0,2,1,0,차대차 - 기타,안전운전불이행,건조,맑음,단일로 - 기타,화물,남,42세,상해없음,승합,남,65세,중상
2015102800100022,2015년 10월 28일 00시,수요일,대전광역시 대덕구 신탄진동,경상사고,0,0,2,0,차대차 - 추돌 - 진행중,안전운전불이행,건조,맑음,교차로 - 교차로부근,화물,남,46세,기타불명,승용,여,54세,경상
2015102800100083,2015년 10월 28일 06시,수요일,대전광역시 서구 탄방동,경상사고,0,0,1,0,차대차 - 추돌 - 주정차중,안전운전불이행,건조,맑음,교차로 - 교차로안,승용,남,59세,상해없음,화물,남,59세,경상
2015102800100113,2015년 10월 28일 07시,수요일,대전광역시 중구 용두동,경상사고,0,0,1,0,차대차 - 추돌 - 진행중,안전운전불이행,건조,맑음,단일로 - 기타,승용,여,54세,상해없음,자전거,남,15세,경상
2015102800100114,2015년 10월 28일 07시,수요일,대전광역시 중구 오류동,경상사고,0,0,1,0,차대차 - 추돌 - 진행중,안전운전불이행,건조,맑음,교차로 - 교차로안,승용,여,54세,상해없음,자전거,남,12세,경상
2015102800100115,2015년 10월 28일 07시,수요일,대전광역시 유성구 도룡동,경상사고,0,0,2,0,차대차 - 측면직각충돌,신호위반,건조,맑음,교차로 - 교차로안,승용,남,39세,경상,승용,남,41세,경상
2015102800100154,2015년 10월 28일 08시,수요일,대전광역시 유성구 송강동,중상사고,0,1,0,0,차대사람 - 횡단중,안전운전불이행,건조,맑음,단일로 - 횡단보도상,승용,여,47세,상해없음,보행자,여,26세,중상
2015102800100155,2015년 10월 28일 08시,수요일,대전광역시 유성구 노은동,경상사고,0,0,1,0,차대차 - 추돌 - 주정차중,안전운전불이행,건조,맑음,단일로 - 기타,화물,남,33세,상해없음,승용,여,41세,경상
2015102800100156,2015년 10월 28일 08시,수요일,대전광역시 유성구 전민동,경상사고,0,0,1,0,차대차 - 추돌 - 주정차중,안전거리미확보,건조,맑음,단일로 - 기타,승용,여,30세,상해없음,승용,남,54세,경상
2015102800100222,2015년 10월 28일 10시,수요일,대전광역시 서구 가수원동,경상사고,0,0,1,0,차대차 - 측면직각충돌,안전운전불이행,건조,맑음,교차로 - 교차로안,자전거,남,49세,경상,승용,남,59세,상해없음
2015102800100258,2015년 10월 28일 11시,수요일,대전광역시 서구 용문동,경상사고,0,0,1,0,차대사람 - 횡단중,안전운전불이행,건조,맑음,교차로 - 교차로부근,승용,남,36세,상해없음,보행자,남,51세,경상
2015102800100259,2015년 10월 28일 11시,수요일,대전광역시 서구 둔산동,경상사고,0,0,2,0,차량단독 - 기타,안전운전불이행,건조,맑음,교차로 - 교차로안,승합,남,61세,상해없음,,,,
2015102800100260,2015년 10월 28일 11시,수요일,대전광역시 유성구 노은동,경상사고,0,0,1,0,차대차 - 측면직각충돌,신호위반,건조,맑음,교차로 - 교차로안,승용,남,26세,상해없음,승용,여,44세,경상
2015102800100455,2015년 10월 28일 16시,수요일,대전광역시 유성구 어은동,경상사고,0,0,1,0,차대차 - 기타,안전운전불이행,건조,맑음,단일로 - 기타,승용,남,30세,상해없음,승용,남,30세,경상
2015102800100499,2015년 10월 28일 17시,수요일,대전광역시 대덕구 상서동,경상사고,0,0,2,0,차대차 - 추돌 - 진행중,안전거리미확보,건조,맑음,단일로 - 기타,승용,남,54세,상해없음,승용,남,36세,경상
2015102800100575,2015년 10월 28일 18시,수요일,대전광역시 동구 자양동,경상사고,0,0,2,0,차대차 - 측면직각충돌,안전운전불이행,건조,맑음,단일로 - 기타,승용,여,22세,상해없음,승용,여,54세,경상
2015102800100576,2015년 10월 28일 18시,수요일,대전광역시 서구 변동,중상사고,0,1,0,0,차대차 - 측면직각충돌,교차로운행방법위반,건조,맑음,교차로 - 교차로안,이륜,남,66세,중상,승합,남,54세,상해없음
2015102800100695,2015년 10월 28일 21시,수요일,대전광역시 동구 원동,경상사고,0,0,1,0,차대차 - 추돌 - 주정차중,안전운전불이행,건조,맑음,교차로 - 교차로부근,승용,남,34세,상해없음,승용,남,34세,경상
2015102800100696,2015년 10월 28일 21시,수요일,대전광역시 서구 가수원동,경상사고,0,0,1,0,차대차 - 추돌 - 진행중,안전운전불이행,건조,맑음,교차로 - 교차로부근,승용,남,48세,상해없음,승합,남,55세,경상
2015102800100765,2015년 10월 28일 23시,수요일,대전광역시 중구 사정동,경상사고,0,0,2,0,차대차 - 측면직각충돌,신호위반,건조,맑음,교차로 - 교차로안,원동기,남,18세,상해없음,승용,남,35세,경상
2015102900100088,2015년 10월 29일 07시,목요일,대전광역시 유성구 지족동,경상사고,0,0,1,0,차대차 - 기타,안전운전불이행,건조,맑음,교차로 - 교차로안,승용,남,37세,상해없음,승용,남,27세,경상
2015102900100128,2015년 10월 29일 08시,목요일,대전광역시 서구 관저동,중상사고,0,1,4,4,차대차 - 추돌 - 진행중,안전운전불이행,건조,맑음,교차로 - 교차로안,승용,남,80세,상해없음,승용,여,47세,중상
2015102900100164,2015년 10월 29일 09시,목요일,대전광역시 동구 가양동,경상사고,0,0,2,0,차대차 - 측면직각충돌,신호위반,건조,맑음,교차로 - 교차로안,승용,여,49세,상해없음,승용,남,31세,경상
2015102900100165,2015년 10월 29일 09시,목요일,대전광역시 서구 괴정동,중상사고,0,1,0,0,차대사람 - 차도통행중,안전운전불이행,건조,맑음,교차로 - 교차로안,화물,남,44세,상해없음,보행자,여,76세,중상
2015102900100204,2015년 10월 29일 10시,목요일,대전광역시 중구 대흥동,경상사고,0,0,2,0,차대차 - 기타,교차로운행방법위반,건조,맑음,교차로 - 교차로안,화물,남,62세,상해없음,승용,남,29세,경상
2015102900100205,2015년 10월 29일 10시,목요일,대전광역시 동구 가양동,경상사고,0,0,1,0,차대사람 - 보도통행중,안전운전불이행,건조,맑음,단일로 - 기타,승용,남,22세,상해없음,보행자,남,68세,경상
2015102900100206,2015년 10월 29일 10시,목요일,대전광역시 대덕구 장동,중상사고,0,1,1,0,차대차 - 추돌 - 진행중,안전운전불이행,건조,맑음,단일로 - 기타,승용,남,45세,중상,승용,남,32세,경상
2015102900100269,2015년 10월 29일 12시,목요일,대전광역시 유성구 상대동,경상사고,0,0,2,0,차대차 - 측면직각충돌,교차로운행방법위반,건조,맑음,교차로 - 교차로안,승용,남,47세,상해없음,승용,여,30세,경상
2015102900100334,2015년 10월 29일 14시,목요일,대전광역시 중구 대흥동,중상사고,0,1,0,0,차대사람 - 보도통행중,보행자보호의무위반,건조,맑음,단일로 - 기타,승용,남,60세,상해없음,보행자,여,13세,중상
2015102900100335,2015년 10월 29일 14시,목요일,대전광역시 유성구 구암동,경상사고,0,0,1,0,차대사람 - 횡단중,보행자보호의무위반,건조,맑음,단일로 - 기타,승용,남,70세,상해없음,보행자,여,77세,경상
2015102900100368,2015년 10월 29일 15시,목요일,대전광역시 대덕구 법동,경상사고,0,0,1,0,차대차 - 추돌 - 진행중,교차로운행방법위반,건조,맑음,교차로 - 교차로안,승용,여,54세,상해없음,승용,남,46세,경상
2015102900100369,2015년 10월 29일 15시,목요일,대전광역시 유성구 용산동,경상사고,0,0,2,0,차대차 - 측면직각충돌,교차로운행방법위반,건조,맑음,교차로 - 교차로안,화물,남,57세,상해없음,승용,남,29세,경상
2015102900100416,2015년 10월 29일 16시,목요일,대전광역시 동구 판암동,경상사고,0,0,1,0,차대차 - 측면직각충돌,교차로운행방법위반,건조,맑음,교차로 - 교차로안,승용,남,29세,상해없음,승용,여,65세,경상
2015102900100417,2015년 10월 29일 16시,목요일,대전광역시 서구 도마동,경상사고,0,0,1,0,차대사람 - 길가장자리구역통행중,안전운전불이행,건조,맑음,단일로 - 기타,승용,여,24세,상해없음,보행자,여,19세,경상
2015102900100461,2015년 10월 29일 17시,목요일,대전광역시 유성구 봉산동,중상사고,0,1,0,0,차대차 - 측면직각충돌,안전운전불이행,건조,맑음,교차로 - 교차로안,화물,남,47세,기타불명,승용,남,50세,중상
2015102900100526,2015년 10월 29일 18시,목요일,대전광역시 유성구 지족동,경상사고,0,0,1,0,차대차 - 추돌 - 진행중,안전거리미확보,건조,맑음,교차로 - 교차로안,승용,남,18세,상해없음,승용,남,34세,경상
2015102900100623,2015년 10월 29일 20시,목요일,대전광역시 서구 도마동,중상사고,0,1,0,0,차대사람 - 횡단중,안전운전불이행,건조,흐림,단일로 - 기타,승용,남,34세,상해없음,보행자,남,64세,중상
2015102900100624,2015년 10월 29일 20시,목요일,대전광역시 서구 내동,경상사고,0,0,1,0,차대차 - 추돌 - 주정차중,중앙선침범,건조,맑음,단일로 - 기타,승용,남,53세,상해없음,승용,남,55세,경상
2015102900100662,2015년 10월 29일 21시,목요일,대전광역시 유성구 용산동,경상사고,0,0,1,0,차대차 - 기타,안전거리미확보,습기,비,교차로 - 교차로안,승용,여,55세,상해없음,승용,남,31세,경상
2015102900100707,2015년 10월 29일 22시,목요일,대전광역시 중구 유천동,중상사고,0,1,0,0,차대차 - 추돌 - 진행중,안전거리미확보,습기,비,단일로 - 기타,승용,남,48세,상해없음,승용,여,52세,상해없음
2015102900100708,2015년 10월 29일 22시,목요일,대전광역시 유성구 상대동,경상사고,0,0,2,0,차대차 - 추돌 - 주정차중,안전운전불이행,습기,흐림,교차로 - 교차로부근,승용,남,41세,기타불명,승용,남,29세,경상
2015102900100744,2015년 10월 29일 23시,목요일,대전광역시 중구 용두동,경상사고,0,0,4,0,차대차 - 추돌 - 진행중,안전운전불이행,습기,비,미분류 - 미분류,승합,남,39세,상해없음,승용,남,37세,경상
2015102900100745,2015년 10월 29일 23시,목요일,대전광역시 서구 탄방동,경상사고,0,0,2,0,차대차 - 정면충돌,신호위반,건조,맑음,교차로 - 교차로안,승용,남,24세,상해없음,화물,남,56세,경상
2015103000100102,2015년 10월 30일 06시,금요일,대전광역시 서구 탄방동,경상사고,0,0,1,0,차대차 - 추돌 - 진행중,교차로운행방법위반,건조,맑음,교차로 - 교차로안,승용,남,33세,기타불명,승용,남,59세,경상
2015103000100141,2015년 10월 30일 07시,금요일,대전광역시 동구 판암동,경상사고,0,0,1,0,차대차 - 기타,안전운전불이행,건조,맑음,단일로 - 기타,이륜,남,76세,상해없음,승용,남,38세,경상
2015103000100142,2015년 10월 30일 07시,금요일,대전광역시 서구 변동,중상사고,0,1,2,0,차대차 - 추돌 - 진행중,안전운전불이행,건조,맑음,단일로 - 기타,건설기계,남,56세,상해없음,승용,여,49세,중상
2015103000100184,2015년 10월 30일 08시,금요일,대전광역시 동구 가양동,중상사고,0,1,0,0,차대사람 - 횡단중,안전운전불이행,건조,맑음,단일로 - 횡단보도상,승용,남,63세,상해없음,보행자,남,88세,중상
2015103000100261,2015년 10월 30일 10시,금요일,대전광역시 유성구 전민동,경상사고,0,0,1,0,차대차 - 측면직각충돌,신호위반,건조,맑음,교차로 - 교차로안,승용,여,53세,상해없음,화물,남,61세,경상
2015103000100298,2015년 10월 30일 11시,금요일,대전광역시 서구 변동,경상사고,0,0,1,0,차대차 - 측면직각충돌,신호위반,건조,맑음,교차로 - 교차로안,승용,여,53세,상해없음,승용,남,52세,경상
2015103000100299,2015년 10월 30일 11시,금요일,대전광역시 대덕구 평촌동,경상사고,0,0,1,0,차대차 - 추돌 - 진행중,안전거리미확보,건조,맑음,단일로 - 기타,건설기계,남,57세,기타불명,승용,남,53세,경상
2015103000100384,2015년 10월 30일 13시,금요일,대전광역시 유성구 용산동,경상사고,0,0,1,0,차대차 - 측면직각충돌,신호위반,건조,맑음,교차로 - 교차로안,승용,남,41세,상해없음,승용,여,48세,경상
2015103000100471,2015년 10월 30일 15시,금요일,대전광역시 서구 변동,중상사고,0,1,0,0,차대차 - 측면직각충돌,안전운전불이행,건조,맑음,단일로 - 횡단보도상,승용,남,68세,상해없음,자전거,남,14세,중상
2015103000100570,2015년 10월 30일 17시,금요일,대전광역시 중구 안영동,경상사고,0,0,1,0,차대차 - 추돌 - 진행중,안전운전불이행,건조,맑음,단일로 - 기타,승용,남,52세,상해없음,화물,남,43세,경상
2015103000100571,2015년 10월 30일 17시,금요일,대전광역시 중구 대사동,경상사고,0,0,1,0,차대차 - 추돌 - 진행중,안전운전불이행,건조,맑음,단일로 - 기타,승용,남,53세,상해없음,승용,여,38세,경상
2015103000100639,2015년 10월 30일 18시,금요일,대전광역시 유성구 학하동,경상사고,0,0,3,0,차대차 - 측면직각충돌,교차로운행방법위반,건조,맑음,교차로 - 교차로안,승용,여,59세,상해없음,승용,남,55세,상해없음
2015103000100773,2015년 10월 30일 21시,금요일,대전광역시 유성구 관평동,경상사고,0,0,3,0,차대차 - 기타,안전운전불이행,건조,맑음,단일로 - 기타,승용,남,56세,상해없음,승용,남,39세,경상
2015103000100800,2015년 10월 30일 22시,금요일,대전광역시 중구 유천동,중상사고,0,1,1,0,차대차 - 기타,안전운전불이행,건조,맑음,단일로 - 횡단보도상,승용,남,50세,상해없음,자전거,남,61세,경상
2015103000100801,2015년 10월 30일 22시,금요일,대전광역시 대덕구 덕암동,경상사고,0,0,1,0,차대차 - 측면직각충돌,안전운전불이행,건조,맑음,교차로 - 교차로부근,승용,남,40세,상해없음,승용,여,57세,경상
2015103000100802,2015년 10월 30일 22시,금요일,대전광역시 유성구 지족동,경상사고,0,0,4,0,차대차 - 측면직각충돌,신호위반,건조,맑음,교차로 - 교차로안,승용,여,48세,상해없음,승용,남,47세,경상
2015103000100833,2015년 10월 30일 23시,금요일,대전광역시 중구 태평동,중상사고,0,2,0,0,차대차 - 기타,신호위반,건조,기타,교차로 - 교차로안,승용,남,22세,상해없음,승용,남,63세,중상
2015103000100834,2015년 10월 30일 23시,금요일,대전광역시 서구 탄방동,중상사고,0,1,0,0,차대차 - 측면직각충돌,중앙선침범,건조,맑음,교차로 - 교차로부근,이륜,남,21세,중상,승용,남,62세,상해없음
2015103100100026,2015년 10월 31일 00시,토요일,대전광역시 서구 관저동,중상사고,0,1,0,0,차대차 - 측면직각충돌,신호위반,건조,맑음,교차로 - 교차로안,승용,남,23세,상해없음,승용,여,49세,중상
2015103100100027,2015년 10월 31일 00시,토요일,대전광역시 유성구 장대동,경상사고,0,0,1,0,차대차 - 추돌 - 주정차중,안전운전불이행,건조,흐림,단일로 - 기타,승용,남,26세,상해없음,승용,남,53세,경상
2015103100100045,2015년 10월 31일 01시,토요일,대전광역시 유성구 봉명동,경상사고,0,0,1,0,차대차 - 측면직각충돌,안전운전불이행,건조,맑음,교차로 - 교차로안,승용,남,32세,기타불명,승용,남,30세,경상
2015103100100061,2015년 10월 31일 02시,토요일,대전광역시 서구 괴정동,경상사고,0,0,1,0,차대사람 - 기타,안전운전불이행,건조,맑음,단일로 - 기타,승용,남,32세,상해없음,보행자,여,24세,경상
2015103100100062,2015년 10월 31일 02시,토요일,대전광역시 서구 둔산동,중상사고,0,1,1,0,차대차 - 기타,신호위반,건조,맑음,교차로 - 교차로안,승합,여,40세,상해없음,승용,남,50세,경상
2015103100100081,2015년 10월 31일 03시,토요일,대전광역시 중구 대흥동,경상사고,0,0,3,0,차대차 - 정면충돌,중앙선침범,건조,맑음,단일로 - 기타,승용,남,54세,상해없음,승용,여,52세,경상
2015103100100082,2015년 10월 31일 03시,토요일,대전광역시 동구 원동,경상사고,0,0,1,0,차대차 - 기타,신호위반,건조,맑음,교차로 - 교차로안,화물,남,30세,상해없음,승용,남,61세,경상
2015103100100083,2015년 10월 31일 03시,토요일,대전광역시 서구 도마동,경상사고,0,0,3,0,차대차 - 추돌 - 진행중,안전운전불이행,건조,맑음,교차로 - 교차로안,승용,남,29세,상해없음,승용,여,40세,경상
2015103100100084,2015년 10월 31일 03시,토요일,대전광역시 유성구 노은동,경상사고,0,0,1,0,차대차 - 측면직각충돌,신호위반,건조,맑음,교차로 - 교차로안,승용,남,39세,상해없음,승용,남,43세,경상
2015103100100126,2015년 10월 31일 06시,토요일,대전광역시 서구 괴정동,경상사고,0,0,1,0,차대차 - 추돌 - 진행중,안전운전불이행,건조,맑음,단일로 - 기타,승용,남,28세,상해없음,화물,남,58세,경상
2015103100100127,2015년 10월 31일 06시,토요일,대전광역시 서구 둔산동,경상사고,0,0,1,0,차대사람 - 차도통행중,안전운전불이행,건조,맑음,교차로 - 교차로부근,승용,남,22세,상해없음,보행자,남,24세,경상
2015103100100170,2015년 10월 31일 08시,토요일,대전광역시 유성구 용산동,중상사고,0,1,1,0,차대차 - 측면직각충돌,교차로운행방법위반,건조,맑음,교차로 - 교차로안,승용,남,56세,상해없음,승용,남,62세,경상
2015103100100212,2015년 10월 31일 09시,토요일,대전광역시 서구 도안동,중상사고,0,1,4,0,차대차 - 추돌 - 주정차중,안전거리미확보,건조,맑음,단일로 - 기타,승용,여,44세,상해없음,승용,남,48세,중상
2015103100100295,2015년 10월 31일 11시,토요일,대전광역시 중구 문화동,경상사고,0,0,2,0,차대차 - 정면충돌,신호위반,건조,맑음,교차로 - 교차로안,승용,남,78세,상해없음,승용,여,37세,경상
2015103100100356,2015년 10월 31일 12시,토요일,대전광역시 동구 주산동,경상사고,0,0,1,0,차대사람 - 횡단중,안전운전불이행,건조,맑음,단일로 - 기타,승용,여,31세,상해없음,보행자,남,5세,경상
2015103100100357,2015년 10월 31일 12시,토요일,대전광역시 동구 용전동,경상사고,0,0,3,0,차대차 - 추돌 - 진행중,안전거리미확보,건조,맑음,단일로 - 기타,승용,남,44세,기타불명,승합,남,42세,상해없음
2015103100100398,2015년 10월 31일 13시,토요일,대전광역시 유성구 봉명동,경상사고,0,0,1,0,차대차 - 측면직각충돌,안전운전불이행,건조,맑음,단일로 - 기타,승용,남,70세,기타불명,승용,남,45세,경상
2015103100100439,2015년 10월 31일 14시,토요일,대전광역시 대덕구 대화동,중상사고,0,1,0,0,차대차 - 측면직각충돌,중앙선침범,건조,맑음,단일로 - 기타,승합,남,43세,상해없음,승합,남,47세,중상
2015103100100493,2015년 10월 31일 15시,토요일,대전광역시 중구 대흥동,경상사고,0,0,1,0,차대차 - 기타,안전운전불이행,건조,맑음,단일로 - 기타,승합,남,60세,상해없음,승용,남,30세,상해없음
2015103100100494,2015년 10월 31일 15시,토요일,대전광역시 동구 비룡동,경상사고,0,0,2,0,차대차 - 측면직각충돌,안전운전불이행,건조,맑음,단일로 - 기타,승용,남,52세,상해없음,승용,남,86세,경상
2015103100100495,2015년 10월 31일 15시,토요일,대전광역시 서구 갈마동,경상사고,0,0,7,0,차대차 - 기타,안전운전불이행,건조,맑음,교차로 - 교차로안,승용,여,30세,상해없음,승합,남,53세,경상
2015103100100539,2015년 10월 31일 16시,토요일,대전광역시 서구 둔산동,경상사고,0,0,2,0,차대차 - 측면직각충돌,신호위반,건조,맑음,교차로 - 교차로안,승용,남,59세,상해없음,승용,여,45세,경상
2015103100100628,2015년 10월 31일 18시,토요일,대전광역시 중구 유천동,중상사고,0,1,0,0,차량단독 - 기타,기타,건조,맑음,단일로 - 기타,승용,남,59세,상해없음,,,,
2015103100100666,2015년 10월 31일 19시,토요일,대전광역시 중구 선화동,경상사고,0,0,1,0,차대차 - 기타,중앙선침범,건조,맑음,단일로 - 횡단보도상,원동기,남,49세,상해없음,승용,남,53세,경상
2015103100100667,2015년 10월 31일 19시,토요일,대전광역시 동구 용운동,경상사고,0,0,1,0,차대차 - 측면직각충돌,안전거리미확보,건조,맑음,단일로 - 기타,승용,남,34세,상해없음,원동기,남,27세,경상
2015103100100668,2015년 10월 31일 19시,토요일,대전광역시 대덕구 중리동,경상사고,0,0,1,0,차대차 - 추돌 - 진행중,안전운전불이행,건조,맑음,단일로 - 기타,승용,남,66세,상해없음,승용,남,65세,상해없음
2015103100100704,2015년 10월 31일 20시,토요일,대전광역시 중구 대흥동,경상사고,0,0,3,2,차대차 - 기타,안전운전불이행,건조,맑음,단일로 - 기타,승용,남,34세,상해없음,승용,남,43세,경상