사고번호,사고일시,요일,시군구,사고내용,사망자수,중상자수,경상자수,부상신고자수,사고유형,법규위반,노면상태,기상상태,도로형태,가해운전자 차종,가해운전자 성별,가해운전자 연령,가해운전자 상해정도,피해운전자 차종,피해운전자 성별,피해운전자 연령,피해운전자 상해정도
2015103100100739,2015년 10월 31일 21시,토요일,대전광역시 유성구 방동,경상사고,0,0,1,0,차대차 - 추돌 - 진행중,안전운전불이행,건조,맑음,단일로 - 기타,승용,남,59세,상해없음,승용,여,47세,경상
2015103100100769,2015년 10월 31일 22시,토요일,대전광역시 중구 옥계동,경상사고,0,0,1,0,차량단독 - 기타,기타,건조,맑음,단일로 - 기타,승합,남,55세,상해없음,,,,
2015103100100770,2015년 10월 31일 22시,토요일,대전광역시 유성구 노은동,경상사고,0,0,2,0,차대차 - 추돌 - 주정차중,안전운전불이행,건조,맑음,교차로 - 교차로부근,승용,남,23세,상해없음,승용,여,25세,경상
2015103100100804,2015년 10월 31일 23시,토요일,대전광역시 유성구 관평동,중상사고,0,2,1,0,차대차 - 측면직각충돌,중앙선침범,건조,맑음,단일로 - 기타,승용,남,30세,상해없음,승용,여,43세,중상
2015110100100086,2015년 11월 1일 03시,일요일,대전광역시 서구 월평동,사망사고,1,0,0,0,차량단독 - 공작물충돌,안전운전불이행,건조,맑음,단일로 - 기타,원동기,남,23세,사망,,,,
2015110100100113,2015년 11월 1일 05시,일요일,대전광역시 서구 둔산동,중상사고,0,2,3,0,차대차 - 추돌 - 주정차중,안전운전불이행,건조,맑음,교차로 - 교차로부근,승용,남,41세,상해없음,승용,남,38세,중상
2015110100100126,2015년 11월 1일 06시,일요일,대전광역시 중구 문화동,중상사고,0,1,0,0,차대차 - 기타,안전운전불이행,건조,맑음,교차로 - 교차로안,화물,남,60세,상해없음,이륜,남,59세,중상
2015110100100145,2015년 11월 1일 07시,일요일,대전광역시 서구 둔산동,경상사고,0,0,1,0,차대차 - 측면직각충돌,안전운전불이행,건조,맑음,단일로 - 기타,승용,남,61세,상해없음,이륜,남,73세,경상
2015110100100201,2015년 11월 1일 10시,일요일,대전광역시 중구 문화동,중상사고,0,1,0,0,차대사람 - 기타,안전운전불이행,건조,맑음,단일로 - 기타,승용,남,63세,기타불명,보행자,남,44세,중상
2015110100100242,2015년 11월 1일 12시,일요일,대전광역시 동구 정동,경상사고,0,0,1,0,차대사람 - 횡단중,기타,건조,맑음,단일로 - 기타,승합,남,47세,상해없음,보행자,여,62세,경상
2015110100100269,2015년 11월 1일 13시,일요일,대전광역시 중구 태평동,중상사고,0,1,5,0,차대차 - 기타,안전운전불이행,건조,맑음,단일로 - 기타,승용,남,18세,상해없음,승용,남,65세,경상
2015110100100270,2015년 11월 1일 13시,일요일,대전광역시 동구 성남동,경상사고,0,0,1,0,차대차 - 측면직각충돌,기타,건조,맑음,단일로 - 기타,승합,남,49세,상해없음,자전거,여,29세,경상
2015110100100271,2015년 11월 1일 13시,일요일,대전광역시 서구 내동,중상사고,0,1,0,0,차대차 - 측면직각충돌,신호위반,건조,맑음,교차로 - 교차로안,승합,남,52세,상해없음,승용,여,62세,중상
2015110100100272,2015년 11월 1일 13시,일요일,대전광역시 서구 월평동,경상사고,0,0,9,0,차대차 - 추돌 - 진행중,안전운전불이행,건조,맑음,단일로 - 기타,승용,남,65세,상해없음,승용,남,37세,경상
2015110100100294,2015년 11월 1일 14시,일요일,대전광역시 서구 갈마동,경상사고,0,0,2,0,차대차 - 추돌 - 진행중,안전운전불이행,건조,맑음,교차로 - 교차로안,승용,남,42세,상해없음,승용,남,73세,경상
2015110100100428,2015년 11월 1일 18시,일요일,대전광역시 동구 가양동,경상사고,0,0,4,0,차대차 - 추돌 - 주정차중,안전운전불이행,건조,맑음,단일로 - 기타,승용,남,50세,상해없음,승용,남,25세,경상
2015110100100429,2015년 11월 1일 18시,일요일,대전광역시 서구 월평동,중상사고,0,1,0,0,차대차 - 측면직각충돌,안전운전불이행,건조,맑음,단일로 - 기타,승용,남,54세,상해없음,이륜,남,62세,중상
2015110100100487,2015년 11월 1일 20시,일요일,대전광역시 동구 홍도동,경상사고,0,0,3,0,차대차 - 추돌 - 진행중,안전거리미확보,건조,맑음,단일로 - 기타,원동기,남,24세,경상,승용,남,65세,경상
2015110100100542,2015년 11월 1일 22시,일요일,대전광역시 유성구 노은동,경상사고,0,0,2,0,차대차 - 기타,안전운전불이행,건조,맑음,교차로 - 교차로부근,승용,여,47세,상해없음,승용,여,29세,경상
2015110100100557,2015년 11월 1일 23시,일요일,대전광역시 서구 괴정동,부상신고사고,0,0,0,2,차대차 - 측면직각충돌,안전운전불이행,건조,맑음,단일로 - 기타,승용,남,23세,상해없음,승용,남,54세,부상신고
2015110200100007,2015년 11월 2일 00시,월요일,대전광역시 동구 용전동,경상사고,0,0,3,0,차대차 - 측면직각충돌,안전운전불이행,건조,맑음,단일로 - 기타,승용,남,48세,상해없음,승용,남,37세,경상
2015110200100035,2015년 11월 2일 04시,월요일,대전광역시 유성구 관평동,중상사고,0,1,1,0,차대차 - 측면직각충돌,안전운전불이행,건조,맑음,교차로 - 교차로부근,승용,남,56세,상해없음,승용,여,57세,중상
2015110200100055,2015년 11월 2일 05시,월요일,대전광역시 중구 선화동,경상사고,0,0,1,0,차대차 - 측면직각충돌,안전운전불이행,건조,맑음,교차로 - 교차로안,승용,남,72세,상해없음,승용,여,49세,경상
2015110200100135,2015년 11월 2일 08시,월요일,대전광역시 동구 성남동,경상사고,0,0,2,0,차대차 - 추돌 - 진행중,안전거리미확보,건조,맑음,단일로 - 기타,승용,남,37세,상해없음,승합,남,52세,상해없음
2015110200100136,2015년 11월 2일 08시,월요일,대전광역시 대덕구 석봉동,경상사고,0,0,1,0,차대사람 - 길가장자리구역통행중,안전운전불이행,건조,맑음,단일로 - 기타,승용,여,46세,상해없음,보행자,여,44세,경상
2015110200100137,2015년 11월 2일 08시,월요일,대전광역시 대덕구 오정동,경상사고,0,0,2,0,차대차 - 추돌 - 진행중,신호위반,건조,맑음,교차로 - 교차로안,승용,여,47세,기타불명,승합,남,52세,경상
2015110200100138,2015년 11월 2일 08시,월요일,대전광역시 서구 둔산동,중상사고,0,1,0,0,차대차 - 추돌 - 진행중,안전거리미확보,건조,맑음,교차로 - 교차로안,승용,여,43세,상해없음,승용,여,44세,중상
2015110200100139,2015년 11월 2일 08시,월요일,대전광역시 유성구 전민동,경상사고,0,0,1,0,차대차 - 측면직각충돌,교차로운행방법위반,건조,맑음,교차로 - 교차로안,승용,남,38세,상해없음,승용,여,47세,경상
2015110200100174,2015년 11월 2일 09시,월요일,대전광역시 대덕구 상서동,중상사고,0,2,1,0,차대차 - 측면직각충돌,안전운전불이행,건조,맑음,교차로 - 교차로안,승용,여,30세,상해없음,승용,남,46세,경상
2015110200100175,2015년 11월 2일 09시,월요일,대전광역시 대덕구 신대동,경상사고,0,0,2,0,차대차 - 추돌 - 진행중,신호위반,건조,맑음,단일로 - 기타,화물,남,57세,상해없음,승용,남,27세,경상
2015110200100234,2015년 11월 2일 11시,월요일,대전광역시 중구 태평동,경상사고,0,0,1,0,차대차 - 측면직각충돌,안전거리미확보,건조,맑음,단일로 - 기타,화물,남,46세,상해없음,화물,남,63세,경상
2015110200100262,2015년 11월 2일 12시,월요일,대전광역시 서구 월평동,경상사고,0,0,1,0,차대사람 - 횡단중,안전운전불이행,건조,맑음,단일로 - 기타,승용,여,38세,상해없음,보행자,여,77세,경상
2015110200100263,2015년 11월 2일 12시,월요일,대전광역시 서구 둔산동,경상사고,0,0,1,1,차대차 - 추돌 - 진행중,안전운전불이행,건조,맑음,단일로 - 교량,승용,남,48세,상해없음,승용,남,33세,경상
2015110200100324,2015년 11월 2일 14시,월요일,대전광역시 서구 도마동,경상사고,0,0,2,0,차대차 - 추돌 - 진행중,안전운전불이행,건조,맑음,단일로 - 기타,승용,여,57세,상해없음,승용,여,46세,경상
2015110200100325,2015년 11월 2일 14시,월요일,대전광역시 서구 갈마동,경상사고,0,0,1,0,차대차 - 측면직각충돌,안전운전불이행,건조,맑음,단일로 - 기타,승용,남,74세,상해없음,승용,여,58세,경상
2015110200100364,2015년 11월 2일 15시,월요일,대전광역시 서구 둔산동,경상사고,0,0,1,0,차대차 - 기타,안전운전불이행,건조,맑음,단일로 - 기타,승용,남,25세,상해없음,승용,여,63세,경상
2015110200100365,2015년 11월 2일 15시,월요일,대전광역시 유성구 노은동,중상사고,0,1,1,0,차대차 - 측면직각충돌,신호위반,건조,맑음,교차로 - 교차로안,승용,여,54세,상해없음,화물,남,35세,중상
2015110200100399,2015년 11월 2일 16시,월요일,대전광역시 중구 부사동,중상사고,0,1,0,0,차대사람 - 횡단중,보행자보호의무위반,건조,맑음,단일로 - 횡단보도상,승용,여,41세,상해없음,보행자,남,34세,중상
2015110200100400,2015년 11월 2일 16시,월요일,대전광역시 대덕구 송촌동,경상사고,0,0,1,0,차대사람 - 횡단중,안전운전불이행,건조,맑음,단일로 - 기타,승용,여,35세,상해없음,보행자,남,11세,경상
2015110200100437,2015년 11월 2일 17시,월요일,대전광역시 동구 성남동,경상사고,0,0,1,0,차대사람 - 보도통행중,기타,건조,맑음,단일로 - 기타,자전거,남,16세,상해없음,보행자,여,31세,경상
2015110200100438,2015년 11월 2일 17시,월요일,대전광역시 대덕구 신일동,경상사고,0,0,4,0,차대차 - 추돌 - 진행중,안전운전불이행,건조,맑음,교차로 - 교차로안,화물,남,41세,상해없음,승합,여,46세,경상
2015110200100439,2015년 11월 2일 17시,월요일,대전광역시 대덕구 오정동,경상사고,0,0,1,0,차대사람 - 기타,안전운전불이행,건조,맑음,기타 - 기타,화물,남,24세,상해없음,보행자,여,21세,경상
2015110200100440,2015년 11월 2일 17시,월요일,대전광역시 대덕구 신탄진동,경상사고,0,0,1,0,차대차 - 추돌 - 진행중,안전운전불이행,건조,맑음,단일로 - 기타,화물,남,43세,기타불명,승용,여,55세,경상
2015110200100441,2015년 11월 2일 17시,월요일,대전광역시 서구 월평동,경상사고,0,0,1,0,차대차 - 측면직각충돌,안전운전불이행,건조,맑음,교차로 - 교차로안,승용,여,51세,상해없음,자전거,남,9세,경상
2015110200100516,2015년 11월 2일 18시,월요일,대전광역시 중구 선화동,경상사고,0,0,1,0,차대사람 - 기타,안전운전불이행,건조,맑음,단일로 - 기타,승용,여,50세,상해없음,보행자,여,50세,경상
2015110200100517,2015년 11월 2일 18시,월요일,대전광역시 동구 삼성동,경상사고,0,0,2,0,차대차 - 추돌 - 진행중,안전거리미확보,건조,맑음,미분류 - 미분류,승용,남,74세,상해없음,승용,남,29세,경상
2015110200100518,2015년 11월 2일 18시,월요일,대전광역시 서구 관저동,중상사고,0,1,0,0,차대사람 - 기타,안전운전불이행,건조,맑음,교차로 - 교차로안,화물,남,48세,상해없음,보행자,여,77세,중상
2015110200100519,2015년 11월 2일 18시,월요일,대전광역시 서구 둔산동,중상사고,0,1,2,0,차대차 - 측면직각충돌,신호위반,건조,맑음,교차로 - 교차로안,승용,남,41세,상해없음,승용,남,37세,중상
2015110200100520,2015년 11월 2일 18시,월요일,대전광역시 유성구 구암동,경상사고,0,0,1,0,차대차 - 측면직각충돌,안전운전불이행,건조,맑음,교차로 - 교차로부근,승용,여,26세,상해없음,자전거,남,55세,경상
2015110200100521,2015년 11월 2일 18시,월요일,대전광역시 유성구 궁동,경상사고,0,0,2,0,차대차 - 추돌 - 진행중,안전거리미확보,건조,맑음,단일로 - 기타,승용,여,29세,상해없음,승용,여,35세,경상
2015110200100570,2015년 11월 2일 19시,월요일,대전광역시 중구 중촌동,중상사고,0,1,0,0,차대사람 - 기타,안전운전불이행,건조,맑음,교차로 - 교차로안,화물,남,39세,상해없음,보행자,남,60세,중상
2015110200100572,2015년 11월 2일 19시,월요일,대전광역시 중구 유천동,경상사고,0,0,1,0,차대차 - 추돌 - 진행중,안전운전불이행,건조,맑음,단일로 - 기타,승용,여,53세,상해없음,승용,여,32세,경상
2015110200100699,2015년 11월 2일 23시,월요일,대전광역시 유성구 봉명동,중상사고,0,1,0,0,차대사람 - 기타,안전운전불이행,건조,기타,단일로 - 기타,승용,남,45세,상해없음,보행자,여,40세,중상
2015110300100025,2015년 11월 3일 00시,화요일,대전광역시 서구 탄방동,경상사고,0,0,6,0,차대차 - 추돌 - 진행중,안전운전불이행,건조,맑음,교차로 - 교차로안,승용,남,32세,상해없음,승용,남,39세,경상
2015110300100045,2015년 11월 3일 02시,화요일,대전광역시 유성구 노은동,경상사고,0,0,3,0,차대차 - 추돌 - 주정차중,안전운전불이행,건조,맑음,단일로 - 기타,승용,여,36세,상해없음,승용,남,54세,경상
2015110300100169,2015년 11월 3일 08시,화요일,대전광역시 서구 갈마동,경상사고,0,0,1,0,차대차 - 기타,안전운전불이행,건조,맑음,교차로 - 교차로부근,승용,남,64세,상해없음,승용,남,55세,경상
2015110300100202,2015년 11월 3일 09시,화요일,대전광역시 대덕구 목상동,경상사고,0,0,2,0,차대차 - 기타,안전운전불이행,건조,맑음,기타 - 기타,화물,여,39세,상해없음,승용,남,76세,경상
2015110300100273,2015년 11월 3일 11시,화요일,대전광역시 서구 탄방동,중상사고,0,1,0,0,차대차 - 기타,안전운전불이행,건조,맑음,단일로 - 기타,화물,남,65세,기타불명,자전거,남,48세,중상
2015110300100274,2015년 11월 3일 11시,화요일,대전광역시 서구 둔산동,경상사고,0,0,7,0,차대차 - 정면충돌,과속,건조,맑음,교차로 - 교차로부근,승용,남,33세,상해없음,승용,남,61세,상해없음
2015110300100275,2015년 11월 3일 11시,화요일,대전광역시 유성구 봉명동,중상사고,0,1,0,0,차대차 - 측면직각충돌,신호위반,건조,맑음,단일로 - 횡단보도상,승용,여,45세,상해없음,자전거,남,25세,중상
2015110300100431,2015년 11월 3일 16시,화요일,대전광역시 동구 용전동,부상신고사고,0,0,0,1,차대차 - 기타,안전운전불이행,건조,맑음,단일로 - 기타,승용,남,59세,상해없음,원동기,남,63세,부상신고
2015110300100432,2015년 11월 3일 16시,화요일,대전광역시 대덕구 중리동,경상사고,0,0,1,0,차대차 - 추돌 - 주정차중,안전운전불이행,건조,맑음,기타 - 기타,승용,남,51세,상해없음,승용,여,40세,상해없음
2015110300100546,2015년 11월 3일 18시,화요일,대전광역시 유성구 복용동,경상사고,0,0,1,0,차대차 - 측면직각충돌,신호위반,건조,맑음,교차로 - 교차로안,승용,남,57세,상해없음,이륜,남,47세,경상
2015110300100573,2015년 11월 3일 19시,화요일,대전광역시 중구 사정동,중상사고,0,1,0,0,차대차 - 측면직각충돌,직진우회전진행방해,건조,맑음,교차로 - 교차로안,화물,남,63세,상해없음,자전거,남,64세,중상
2015110300100574,2015년 11월 3일 19시,화요일,대전광역시 유성구 방동,중상사고,0,1,1,0,차대차 - 기타,신호위반,건조,맑음,교차로 - 교차로안,승용,여,30세,상해없음,승용,남,59세,경상
2015110300100670,2015년 11월 3일 22시,화요일,대전광역시 대덕구 오정동,중상사고,0,1,0,0,차대차 - 기타,안전운전불이행,건조,맑음,교차로 - 교차로안,승용,남,63세,상해없음,자전거,여,18세,중상
2015110300100671,2015년 11월 3일 22시,화요일,대전광역시 서구 월평동,경상사고,0,0,1,0,차대차 - 측면직각충돌,신호위반,건조,맑음,교차로 - 교차로안,자전거,남,24세,경상,승용,남,29세,상해없음
2015110300100697,2015년 11월 3일 23시,화요일,대전광역시 유성구 장대동,경상사고,0,0,1,0,차대차 - 정면충돌,중앙선침범,건조,맑음,단일로 - 기타,승용,남,29세,상해없음,승용,남,60세,경상
2015110300100698,2015년 11월 3일 23시,화요일,대전광역시 유성구 관평동,경상사고,0,0,1,0,차대차 - 측면직각충돌,신호위반,건조,맑음,교차로 - 교차로안,승용,남,54세,상해없음,승용,남,36세,경상
2015110400100019,2015년 11월 4일 00시,수요일,대전광역시 유성구 관평동,경상사고,0,0,1,0,차대차 - 측면직각충돌,안전운전불이행,건조,맑음,교차로 - 교차로안,승용,남,28세,상해없음,승용,남,60세,경상
2015110400100037,2015년 11월 4일 01시,수요일,대전광역시 서구 갈마동,중상사고,0,1,1,0,차대차 - 측면직각충돌,신호위반,건조,맑음,교차로 - 교차로안,승용,남,31세,상해없음,승용,남,38세,중상
2015110400100079,2015년 11월 4일 05시,수요일,대전광역시 서구 가수원동,경상사고,0,0,2,0,차대차 - 추돌 - 진행중,안전운전불이행,건조,맑음,단일로 - 기타,승용,남,32세,상해없음,화물,남,39세,경상
2015110400100177,2015년 11월 4일 08시,수요일,대전광역시 대덕구 상서동,경상사고,0,0,1,0,차대차 - 정면충돌,중앙선침범,건조,맑음,단일로 - 기타,승용,여,39세,상해없음,승용,남,53세,경상
2015110400100178,2015년 11월 4일 08시,수요일,대전광역시 서구 둔산동,경상사고,0,0,1,0,차대차 - 측면직각충돌,안전운전불이행,건조,맑음,단일로 - 횡단보도상,자전거,여,31세,경상,승용,남,54세,상해없음
2015110400100179,2015년 11월 4일 08시,수요일,대전광역시 서구 둔산동,경상사고,0,0,1,0,차대차 - 추돌 - 진행중,안전운전불이행,건조,맑음,교차로 - 교차로안,승용,남,25세,상해없음,승용,남,35세,경상
2015110400100180,2015년 11월 4일 08시,수요일,대전광역시 서구 갈마동,경상사고,0,0,1,0,차대사람 - 길가장자리구역통행중,안전운전불이행,건조,맑음,교차로 - 교차로부근,승용,여,36세,상해없음,보행자,여,41세,경상
2015110400100256,2015년 11월 4일 10시,수요일,대전광역시 서구 탄방동,경상사고,0,0,1,0,차대차 - 추돌 - 진행중,신호위반,건조,맑음,교차로 - 교차로안,승용,남,40세,상해없음,승용,여,68세,경상
2015110400100257,2015년 11월 4일 10시,수요일,대전광역시 유성구 덕명동,중상사고,0,1,0,0,차대차 - 측면직각충돌,신호위반,건조,맑음,교차로 - 교차로안,원동기,남,87세,중상,승용,여,39세,상해없음
2015110400100293,2015년 11월 4일 11시,수요일,대전광역시 동구 성남동,중상사고,0,1,0,0,차대차 - 추돌 - 진행중,안전운전불이행,습기,비,단일로 - 기타,화물,남,41세,상해없음,승용,남,50세,중상
2015110400100294,2015년 11월 4일 11시,수요일,대전광역시 서구 월평동,경상사고,0,0,1,0,차대차 - 측면직각충돌,교차로운행방법위반,건조,맑음,교차로 - 교차로안,승합,남,45세,상해없음,원동기,남,28세,경상
2015110400100295,2015년 11월 4일 11시,수요일,대전광역시 유성구 노은동,중상사고,0,2,1,0,차대차 - 추돌 - 진행중,안전운전불이행,건조,맑음,단일로 - 기타,승용,남,35세,상해없음,승용,남,80세,중상
2015110400100327,2015년 11월 4일 12시,수요일,대전광역시 중구 대흥동,중상사고,0,1,0,0,차대차 - 추돌 - 진행중,교차로운행방법위반,건조,맑음,교차로 - 교차로안,화물,남,41세,상해없음,승용,여,37세,중상
2015110400100328,2015년 11월 4일 12시,수요일,대전광역시 서구 월평동,경상사고,0,0,1,0,차대차 - 추돌 - 주정차중,안전운전불이행,건조,맑음,단일로 - 기타,승용,여,46세,상해없음,승용,여,53세,경상
2015110400100355,2015년 11월 4일 13시,수요일,대전광역시 중구 선화동,경상사고,0,0,1,0,차대사람 - 횡단중,안전운전불이행,건조,맑음,교차로 - 교차로안,승용,여,65세,상해없음,보행자,남,12세,경상
2015110400100356,2015년 11월 4일 13시,수요일,대전광역시 동구 원동,중상사고,0,1,1,0,차대차 - 추돌 - 진행중,안전운전불이행,건조,맑음,단일로 - 기타,승합,남,46세,상해없음,승용,남,72세,상해없음
2015110400100357,2015년 11월 4일 13시,수요일,대전광역시 동구 판암동,경상사고,0,0,2,0,차량단독 - 기타,안전운전불이행,건조,맑음,단일로 - 기타,승용,남,54세,상해없음,,,,
2015110400100358,2015년 11월 4일 13시,수요일,대전광역시 동구 성남동,경상사고,0,0,1,0,차량단독 - 기타,안전운전불이행,건조,맑음,단일로 - 기타,승합,남,54세,상해없음,,,,
2015110400100359,2015년 11월 4일 13시,수요일,대전광역시 대덕구 법동,경상사고,0,0,1,0,차대차 - 추돌 - 주정차중,안전운전불이행,건조,맑음,단일로 - 기타,승합,남,66세,상해없음,승용,여,22세,경상
2015110400100462,2015년 11월 4일 16시,수요일,대전광역시 동구 중동,경상사고,0,0,1,0,차대사람 - 기타,안전운전불이행,건조,맑음,교차로 - 교차로안,승용,여,52세,상해없음,보행자,남,32세,경상
2015110400100463,2015년 11월 4일 16시,수요일,대전광역시 서구 갈마동,경상사고,0,0,1,0,차대차 - 추돌 - 진행중,안전운전불이행,건조,맑음,단일로 - 기타,승용,여,55세,상해없음,승용,여,53세,경상
2015110400100519,2015년 11월 4일 17시,수요일,대전광역시 대덕구 오정동,경상사고,0,0,1,0,차대차 - 기타,안전운전불이행,건조,흐림,단일로 - 횡단보도상,화물,남,56세,상해없음,자전거,남,48세,경상
2015110400100584,2015년 11월 4일 18시,수요일,대전광역시 대덕구 상서동,경상사고,0,0,3,0,차대차 - 추돌 - 진행중,안전운전불이행,건조,흐림,기타 - 기타,승합,여,49세,상해없음,승용,여,28세,경상
2015110400100585,2015년 11월 4일 18시,수요일,대전광역시 서구 갈마동,경상사고,0,0,1,0,차대차 - 추돌 - 진행중,안전운전불이행,건조,맑음,단일로 - 기타,승용,남,59세,상해없음,승용,여,50세,상해없음
2015110400100633,2015년 11월 4일 19시,수요일,대전광역시 서구 정림동,경상사고,0,0,1,0,차대차 - 추돌 - 진행중,안전거리미확보,건조,맑음,단일로 - 기타,승용,남,49세,상해없음,승용,남,48세,경상
2015110400100654,2015년 11월 4일 20시,수요일,대전광역시 중구 문창동,경상사고,0,0,1,0,차대차 - 기타,직진우회전진행방해,건조,맑음,교차로 - 교차로안,승용,남,25세,경상,승용,남,54세,상해없음
2015110400100655,2015년 11월 4일 20시,수요일,대전광역시 서구 둔산동,부상신고사고,0,0,0,1,차대차 - 기타,안전운전불이행,건조,맑음,교차로 - 교차로부근,승용,여,38세,상해없음,자전거,남,12세,부상신고
2015110400100716,2015년 11월 4일 22시,수요일,대전광역시 유성구 봉명동,경상사고,0,0,2,0,차대차 - 추돌 - 주정차중,안전운전불이행,건조,맑음,단일로 - 기타,승용,남,28세,상해없음,승용,남,54세,경상
2015110400100741,2015년 11월 4일 23시,수요일,대전광역시 서구 둔산동,경상사고,0,0,2,0,차대차 - 추돌 - 진행중,기타,건조,맑음,교차로 - 교차로안,승용,남,39세,상해없음,승용,여,50세,경상
2015110500100027,2015년 11월 5일 01시,목요일,대전광역시 서구 월평동,경상사고,0,0,1,0,차대차 - 측면직각충돌,신호위반,건조,맑음,교차로 - 교차로안,승용,남,45세,기타불명,승용,남,31세,경상
2015110500100044,2015년 11월 5일 03시,목요일,대전광역시 동구 용전동,경상사고,0,0,1,0,차대차 - 추돌 - 주정차중,안전운전불이행,건조,맑음,단일로 - 기타,승용,남,22세,상해없음,승용,남,42세,상해없음
2015110500100045,2015년 11월 5일 03시,목요일,대전광역시 서구 월평동,중상사고,0,1,1,0,차대차 - 추돌 - 진행중,안전운전불이행,건조,맑음,교차로 - 교차로부근,승용,남,18세,상해없음,승용,남,65세,중상
2015110500100077,2015년 11월 5일 06시,목요일,대전광역시 중구 오류동,경상사고,0,0,1,0,차대차 - 측면직각충돌,교차로운행방법위반,건조,맑음,교차로 - 교차로안,승용,여,35세,상해없음,원동기,남,31세,경상
2015110500100166,2015년 11월 5일 09시,목요일,대전광역시 서구 괴정동,경상사고,0,0,2,0,차대차 - 추돌 - 주정차중,기타,건조,맑음,단일로 - 기타,화물,남,51세,상해없음,승용,여,65세,경상
2015110500100205,2015년 11월 5일 10시,목요일,대전광역시 동구 가양동,경상사고,0,0,1,0,차대차 - 추돌 - 진행중,안전운전불이행,건조,맑음,단일로 - 기타,승용,남,72세,상해없음,승용,여,42세,경상
2015110500100206,2015년 11월 5일 10시,목요일,대전광역시 서구 도마동,경상사고,0,0,1,0,차대차 - 측면직각충돌,안전운전불이행,건조,맑음,교차로 - 교차로부근,승용,남,42세,상해없음,이륜,남,58세,경상
2015110500100233,2015년 11월 5일 11시,목요일,대전광역시 동구 용전동,경상사고,0,0,1,0,차대차 - 기타,안전운전불이행,건조,맑음,단일로 - 기타,승용,남,75세,상해없음,이륜,남,52세,경상
2015110500100234,2015년 11월 5일 11시,목요일,대전광역시 서구 탄방동,부상신고사고,0,0,0,1,차대차 - 기타,안전운전불이행,건조,맑음,단일로 - 기타,기타불명,기타불명,기타불명,기타불명,승용,여,45세,상해없음
2015110500100259,2015년 11월 5일 12시,목요일,대전광역시 중구 오류동,경상사고,0,0,1,0,차량단독 - 기타,안전운전불이행,건조,맑음,단일로 - 기타,승합,남,38세,상해없음,,,,
2015110500100354,2015년 11월 5일 15시,목요일,대전광역시 중구 문화동,중상사고,0,1,0,0,차대사람 - 길가장자리구역통행중,안전운전불이행,건조,맑음,교차로 - 교차로안,승용,여,45세,상해없음,보행자,여,82세,중상
2015110500100355,2015년 11월 5일 15시,목요일,대전광역시 서구 도마동,중상사고,0,1,0,0,차대차 - 측면직각충돌,안전운전불이행,건조,맑음,단일로 - 기타,화물,남,47세,상해없음,자전거,남,68세,중상
2015110500100446,2015년 11월 5일 17시,목요일,대전광역시 서구 가수원동,경상사고,0,0,1,0,차대차 - 측면직각충돌,안전운전불이행,건조,맑음,교차로 - 교차로안,승용,남,42세,상해없음,자전거,여,48세,경상
2015110500100501,2015년 11월 5일 18시,목요일,대전광역시 동구 가양동,경상사고,0,0,1,0,차대차 - 기타,안전운전불이행,건조,맑음,단일로 - 기타,승용,남,53세,상해없음,자전거,남,13세,경상
2015110500100502,2015년 11월 5일 18시,목요일,대전광역시 서구 갈마동,경상사고,0,0,2,0,차대사람 - 길가장자리구역통행중,안전운전불이행,건조,맑음,단일로 - 기타,승용,남,22세,기타불명,보행자,여,35세,경상
2015110500100503,2015년 11월 5일 18시,목요일,대전광역시 유성구 둔곡동,중상사고,0,1,1,0,차대차 - 기타,안전운전불이행,건조,맑음,교차로 - 교차로부근,화물,남,26세,상해없음,승용,남,50세,경상
2015110500100546,2015년 11월 5일 19시,목요일,대전광역시 서구 변동,경상사고,0,0,1,0,차대차 - 측면직각충돌,중앙선침범,건조,맑음,단일로 - 횡단보도부근,승용,남,23세,기타불명,승용,남,56세,경상
2015110500100547,2015년 11월 5일 19시,목요일,대전광역시 대덕구 석봉동,경상사고,0,0,2,0,차대차 - 측면직각충돌,안전운전불이행,건조,맑음,단일로 - 기타,승용,남,27세,상해없음,원동기,남,54세,경상
2015110500100548,2015년 11월 5일 19시,목요일,대전광역시 유성구 노은동,경상사고,0,0,2,0,차대차 - 측면직각충돌,신호위반,건조,맑음,교차로 - 교차로안,승용,남,41세,상해없음,승용,남,30세,경상
2015110500100581,2015년 11월 5일 20시,목요일,대전광역시 서구 만년동,경상사고,0,0,2,0,차대차 - 추돌 - 진행중,안전운전불이행,건조,맑음,단일로 - 기타,승용,여,36세,상해없음,승용,여,47세,경상
2015110500100582,2015년 11월 5일 20시,목요일,대전광역시 유성구 안산동,중상사고,0,1,0,0,차대차 - 정면충돌,안전운전불이행,건조,맑음,교차로 - 교차로안,승용,남,26세,상해없음,자전거,여,24세,중상
2015110500100583,2015년 11월 5일 20시,목요일,대전광역시 유성구 장대동,경상사고,0,0,1,0,차대차 - 추돌 - 주정차중,신호위반,건조,맑음,교차로 - 교차로안,승용,남,60세,상해없음,원동기,남,30세,경상
2015110500100677,2015년 11월 5일 23시,목요일,대전광역시 대덕구 신탄진동,중상사고,0,1,0,0,차대사람 - 기타,안전운전불이행,건조,맑음,단일로 - 기타,승용,여,29세,상해없음,보행자,남,54세,중상