사고번호,사고일시,요일,시군구,사고내용,사망자수,중상자수,경상자수,부상신고자수,사고유형,법규위반,노면상태,기상상태,도로형태,가해운전자 차종,가해운전자 성별,가해운전자 연령,가해운전자 상해정도,피해운전자 차종,피해운전자 성별,피해운전자 연령,피해운전자 상해정도
2015111000100368,2015년 11월 10일 15시,화요일,대전광역시 유성구 화암동,경상사고,0,0,1,0,차대차 - 기타,교차로운행방법위반,건조,맑음,교차로 - 교차로부근,화물,남,51세,상해없음,승용,남,41세,경상
2015111000100404,2015년 11월 10일 16시,화요일,대전광역시 서구 탄방동,중상사고,0,1,2,0,차대차 - 정면충돌,중앙선침범,건조,맑음,단일로 - 기타,승용,남,23세,경상,승용,여,35세,경상
2015111000100405,2015년 11월 10일 16시,화요일,대전광역시 유성구 구성동,경상사고,0,0,2,0,차대차 - 추돌 - 진행중,안전거리미확보,건조,맑음,단일로 - 횡단보도부근,승합,남,43세,상해없음,승용,여,56세,경상
2015111000100580,2015년 11월 10일 20시,화요일,대전광역시 중구 대흥동,경상사고,0,0,1,0,차대사람 - 기타,안전운전불이행,건조,맑음,단일로 - 기타,승용,남,38세,상해없음,보행자,남,34세,경상
2015111000100581,2015년 11월 10일 20시,화요일,대전광역시 서구 월평동,경상사고,0,0,1,0,차대차 - 추돌 - 주정차중,안전운전불이행,건조,흐림,교차로 - 교차로부근,기타불명,기타불명,기타불명,기타불명,승용,여,48세,경상
2015111000100582,2015년 11월 10일 20시,화요일,대전광역시 서구 갈마동,부상신고사고,0,0,0,1,차대사람 - 길가장자리구역통행중,안전운전불이행,건조,흐림,단일로 - 기타,기타불명,기타불명,기타불명,기타불명,보행자,여,24세,부상신고
2015111000100677,2015년 11월 10일 23시,화요일,대전광역시 서구 도마동,경상사고,0,0,2,0,차대차 - 측면직각충돌,안전운전불이행,건조,맑음,단일로 - 기타,화물,남,51세,상해없음,승용,남,43세,경상
2015111000100678,2015년 11월 10일 23시,화요일,대전광역시 유성구 궁동,경상사고,0,0,2,0,차대차 - 추돌 - 주정차중,안전운전불이행,건조,맑음,단일로 - 기타,승용,남,48세,상해없음,승용,남,61세,경상
2015111100100017,2015년 11월 11일 00시,수요일,대전광역시 서구 변동,경상사고,0,0,2,0,차대사람 - 보도통행중,안전운전불이행,건조,맑음,단일로 - 기타,승합,남,56세,상해없음,보행자,남,55세,경상
2015111100100122,2015년 11월 11일 07시,수요일,대전광역시 서구 둔산동,중상사고,0,1,0,0,차대차 - 기타,안전운전불이행,건조,맑음,교차로 - 교차로부근,승용,남,32세,상해없음,자전거,남,56세,중상
2015111100100263,2015년 11월 11일 11시,수요일,대전광역시 대덕구 중리동,중상사고,0,1,0,0,차대사람 - 횡단중,신호위반,건조,맑음,교차로 - 교차로부근,원동기,남,34세,기타불명,보행자,여,78세,중상
2015111100100264,2015년 11월 11일 11시,수요일,대전광역시 유성구 봉명동,경상사고,0,0,1,0,차대차 - 측면직각충돌,교차로운행방법위반,건조,맑음,교차로 - 교차로안,승용,여,58세,상해없음,승용,여,32세,경상
2015111100100288,2015년 11월 11일 12시,수요일,대전광역시 동구 신흥동,중상사고,0,1,0,0,차대차 - 측면직각충돌,신호위반,건조,맑음,단일로 - 기타,화물,남,60세,상해없음,이륜,남,71세,중상
2015111100100289,2015년 11월 11일 12시,수요일,대전광역시 유성구 원내동,경상사고,0,0,1,0,차대차 - 측면직각충돌,신호위반,건조,맑음,교차로 - 교차로안,승합,남,60세,상해없음,승용,남,48세,경상
2015111100100315,2015년 11월 11일 13시,수요일,대전광역시 중구 태평동,경상사고,0,0,1,0,차대차 - 기타,기타,건조,맑음,단일로 - 기타,원동기,남,44세,경상,화물,남,30세,상해없음
2015111100100316,2015년 11월 11일 13시,수요일,대전광역시 동구 인동,경상사고,0,0,3,0,차대차 - 기타,안전운전불이행,건조,맑음,단일로 - 기타,승용,남,78세,상해없음,승용,남,46세,경상
2015111100100317,2015년 11월 11일 13시,수요일,대전광역시 동구 성남동,중상사고,0,1,0,0,차대사람 - 횡단중,보행자보호의무위반,건조,맑음,단일로 - 기타,자전거,남,14세,상해없음,보행자,여,70세,중상
2015111100100350,2015년 11월 11일 14시,수요일,대전광역시 동구 용전동,경상사고,0,0,1,0,차대사람 - 기타,안전운전불이행,건조,맑음,단일로 - 기타,승용,남,47세,상해없음,보행자,남,7세,경상
2015111100100351,2015년 11월 11일 14시,수요일,대전광역시 서구 정림동,경상사고,0,0,1,0,차대차 - 측면직각충돌,교차로운행방법위반,건조,맑음,교차로 - 교차로안,승용,여,47세,상해없음,승용,남,56세,경상
2015111100100411,2015년 11월 11일 16시,수요일,대전광역시 동구 가양동,중상사고,0,1,3,1,차대차 - 추돌 - 진행중,안전운전불이행,건조,맑음,단일로 - 기타,승합,남,39세,상해없음,승용,남,28세,경상
2015111100100530,2015년 11월 11일 18시,수요일,대전광역시 동구 성남동,중상사고,0,1,0,0,차대사람 - 차도통행중,안전운전불이행,건조,맑음,단일로 - 기타,승용,남,52세,상해없음,보행자,남,56세,중상
2015111100100531,2015년 11월 11일 18시,수요일,대전광역시 동구 가양동,경상사고,0,0,3,0,차대차 - 추돌 - 주정차중,안전운전불이행,건조,맑음,단일로 - 기타,승용,남,54세,상해없음,승용,여,43세,경상
2015111100100532,2015년 11월 11일 18시,수요일,대전광역시 유성구 궁동,경상사고,0,0,1,0,차대차 - 기타,안전거리미확보,습기,비,교차로 - 교차로부근,승용,남,54세,상해없음,원동기,남,27세,경상
2015111100100587,2015년 11월 11일 19시,수요일,대전광역시 유성구 화암동,중상사고,0,1,5,0,차대차 - 추돌 - 진행중,안전거리미확보,건조,맑음,미분류 - 미분류,승용,남,33세,경상,승용,남,32세,경상
2015111100100619,2015년 11월 11일 20시,수요일,대전광역시 중구 목동,경상사고,0,0,1,0,차대차 - 측면직각충돌,안전운전불이행,건조,맑음,단일로 - 기타,승용,남,48세,상해없음,승용,여,57세,경상
2015111100100620,2015년 11월 11일 20시,수요일,대전광역시 서구 가수원동,중상사고,0,1,0,0,차대차 - 기타,안전운전불이행,건조,맑음,교차로 - 교차로안,승용,남,55세,상해없음,이륜,남,20세,중상
2015111100100621,2015년 11월 11일 20시,수요일,대전광역시 서구 갈마동,경상사고,0,0,1,0,차대차 - 추돌 - 주정차중,안전운전불이행,건조,맑음,단일로 - 기타,승용,여,58세,상해없음,승용,남,39세,경상
2015111100100622,2015년 11월 11일 20시,수요일,대전광역시 유성구 장대동,사망사고,1,0,0,0,차대차 - 추돌 - 진행중,안전운전불이행,건조,맑음,교차로 - 교차로부근,승용,여,25세,상해없음,원동기,남,56세,사망
2015111100100660,2015년 11월 11일 21시,수요일,대전광역시 서구 둔산동,경상사고,0,0,1,0,차대차 - 추돌 - 진행중,신호위반,건조,맑음,교차로 - 교차로안,승용,여,37세,상해없음,승용,남,36세,경상
2015111100100661,2015년 11월 11일 21시,수요일,대전광역시 유성구 상대동,경상사고,0,0,3,0,차대차 - 기타,안전운전불이행,건조,맑음,단일로 - 기타,승용,남,38세,상해없음,승용,여,29세,경상
2015111100100691,2015년 11월 11일 22시,수요일,대전광역시 서구 가장동,중상사고,0,1,1,0,차대차 - 측면직각충돌,중앙선침범,건조,맑음,단일로 - 기타,승용,남,56세,상해없음,승용,남,57세,경상
2015111100100692,2015년 11월 11일 22시,수요일,대전광역시 서구 둔산동,경상사고,0,0,1,0,차대사람 - 기타,안전운전불이행,건조,맑음,교차로 - 교차로안,화물,남,55세,상해없음,보행자,남,53세,경상
2015111100100693,2015년 11월 11일 22시,수요일,대전광역시 서구 탄방동,경상사고,0,0,1,0,차대사람 - 횡단중,중앙선침범,건조,맑음,단일로 - 기타,승용,남,73세,상해없음,보행자,여,59세,경상
2015111200100023,2015년 11월 12일 00시,목요일,대전광역시 유성구 용산동,중상사고,0,1,0,0,차대차 - 측면직각충돌,교차로운행방법위반,건조,맑음,교차로 - 교차로안,승용,남,26세,상해없음,승용,남,46세,중상
2015111200100056,2015년 11월 12일 03시,목요일,대전광역시 중구 사정동,중상사고,0,1,0,0,차대차 - 정면충돌,안전운전불이행,건조,맑음,단일로 - 기타,승용,남,30세,중상,화물,남,51세,기타불명
2015111200100278,2015년 11월 12일 11시,목요일,대전광역시 동구 용운동,중상사고,0,1,0,0,차대차 - 기타,안전운전불이행,건조,맑음,단일로 - 기타,승용,남,27세,상해없음,원동기,남,71세,중상
2015111200100279,2015년 11월 12일 11시,목요일,대전광역시 동구 천동,중상사고,0,1,0,0,차량단독 - 기타,안전운전불이행,건조,맑음,단일로 - 기타,승합,남,58세,상해없음,,,,
2015111200100280,2015년 11월 12일 11시,목요일,대전광역시 유성구 노은동,경상사고,0,0,1,0,차대차 - 추돌 - 진행중,교차로운행방법위반,건조,맑음,교차로 - 교차로안,특수,남,63세,기타불명,승용,여,51세,경상
2015111200100298,2015년 11월 12일 12시,목요일,대전광역시 중구 옥계동,경상사고,0,0,1,0,차대차 - 추돌 - 진행중,안전운전불이행,건조,맑음,교차로 - 교차로부근,승용,남,63세,상해없음,승용,남,37세,경상
2015111200100333,2015년 11월 12일 13시,목요일,대전광역시 유성구 덕명동,중상사고,0,2,2,0,차대차 - 측면직각충돌,신호위반,건조,맑음,교차로 - 교차로안,승용,남,50세,상해없음,승용,남,60세,중상
2015111200100432,2015년 11월 12일 16시,목요일,대전광역시 동구 삼성동,경상사고,0,0,1,0,차대차 - 기타,안전운전불이행,건조,맑음,단일로 - 기타,승용,남,36세,상해없음,승합,남,55세,상해없음
2015111200100433,2015년 11월 12일 16시,목요일,대전광역시 대덕구 비래동,중상사고,0,2,1,0,차대차 - 측면직각충돌,안전운전불이행,건조,맑음,단일로 - 기타,승용,남,85세,상해없음,승용,여,50세,중상
2015111200100434,2015년 11월 12일 16시,목요일,대전광역시 유성구 봉명동,경상사고,0,0,1,0,차대차 - 측면직각충돌,신호위반,건조,맑음,교차로 - 교차로안,승용,남,58세,상해없음,화물,남,56세,경상
2015111200100486,2015년 11월 12일 17시,목요일,대전광역시 중구 대사동,중상사고,0,1,0,0,차대차 - 추돌 - 진행중,안전운전불이행,건조,맑음,교차로 - 교차로안,화물,남,72세,상해없음,원동기,여,68세,중상
2015111200100487,2015년 11월 12일 17시,목요일,대전광역시 유성구 구암동,경상사고,0,0,1,0,차대차 - 측면직각충돌,교차로운행방법위반,건조,맑음,교차로 - 교차로안,승용,여,28세,상해없음,승용,남,33세,경상
2015111200100488,2015년 11월 12일 17시,목요일,대전광역시 유성구 원신흥동,경상사고,0,0,1,0,차대차 - 기타,신호위반,건조,맑음,단일로 - 횡단보도상,승용,여,49세,상해없음,자전거,남,10세,경상
2015111200100489,2015년 11월 12일 17시,목요일,대전광역시 유성구 궁동,경상사고,0,0,1,0,차대차 - 기타,안전운전불이행,습기,비,교차로 - 교차로부근,승용,남,37세,상해없음,승용,남,40세,경상
2015111200100589,2015년 11월 12일 19시,목요일,대전광역시 서구 둔산동,경상사고,0,0,1,0,차량단독 - 전도전복,안전거리미확보,건조,맑음,단일로 - 기타,이륜,남,27세,경상,,,,
2015111200100590,2015년 11월 12일 19시,목요일,대전광역시 서구 갈마동,경상사고,0,0,2,0,차대차 - 추돌 - 진행중,신호위반,건조,맑음,교차로 - 교차로안,승용,남,53세,상해없음,승용,남,33세,경상
2015111200100631,2015년 11월 12일 20시,목요일,대전광역시 중구 목동,경상사고,0,0,1,0,차대차 - 추돌 - 진행중,중앙선침범,건조,맑음,단일로 - 기타,승용,남,55세,상해없음,승용,여,57세,경상
2015111200100688,2015년 11월 12일 22시,목요일,대전광역시 중구 오류동,사망사고,1,0,1,0,차대차 - 추돌 - 진행중,차로위반,건조,맑음,단일로 - 기타,승용,남,50세,상해없음,원동기,남,27세,사망
2015111200100715,2015년 11월 12일 23시,목요일,대전광역시 서구 둔산동,경상사고,0,0,2,0,차대차 - 추돌 - 진행중,안전운전불이행,건조,맑음,단일로 - 기타,승용,남,26세,상해없음,승용,남,54세,경상
2015111300100034,2015년 11월 13일 01시,금요일,대전광역시 동구 홍도동,경상사고,0,0,1,0,차대차 - 추돌 - 진행중,안전운전불이행,건조,맑음,단일로 - 기타,승용,남,27세,상해없음,승용,남,69세,경상
2015111300100035,2015년 11월 13일 01시,금요일,대전광역시 서구 갈마동,사망사고,1,0,0,0,차대차 - 측면직각충돌,신호위반,건조,맑음,교차로 - 교차로안,승용,여,46세,상해없음,원동기,남,28세,사망
2015111300100036,2015년 11월 13일 01시,금요일,대전광역시 서구 만년동,경상사고,0,0,5,0,차대차 - 측면직각충돌,교차로운행방법위반,건조,맑음,교차로 - 교차로안,승용,남,40세,상해없음,승용,남,46세,경상
2015111300100080,2015년 11월 13일 05시,금요일,대전광역시 서구 용문동,경상사고,0,0,1,0,차대차 - 추돌 - 진행중,안전거리미확보,건조,맑음,교차로 - 교차로부근,화물,남,49세,상해없음,승용,남,38세,경상
2015111300100134,2015년 11월 13일 07시,금요일,대전광역시 동구 소제동,중상사고,0,2,0,0,차대차 - 기타,안전거리미확보,습기,비,단일로 - 기타,기타불명,기타불명,기타불명,기타불명,승용,남,60세,중상
2015111300100182,2015년 11월 13일 08시,금요일,대전광역시 동구 삼성동,경상사고,0,0,1,0,차대차 - 측면직각충돌,신호위반,건조,맑음,교차로 - 교차로안,승합,남,52세,상해없음,승용,남,44세,경상
2015111300100183,2015년 11월 13일 08시,금요일,대전광역시 서구 정림동,경상사고,0,0,1,0,차대차 - 측면직각충돌,안전운전불이행,습기,비,교차로 - 교차로부근,승용,남,83세,상해없음,승용,남,73세,경상
2015111300100184,2015년 11월 13일 08시,금요일,대전광역시 대덕구 덕암동,경상사고,0,0,1,0,차대차 - 추돌 - 주정차중,안전운전불이행,습기,비,교차로 - 교차로부근,특수,남,54세,상해없음,승합,남,62세,경상
2015111300100185,2015년 11월 13일 08시,금요일,대전광역시 서구 둔산동,경상사고,0,0,2,0,차대차 - 추돌 - 진행중,안전운전불이행,습기,비,단일로 - 기타,승합,남,53세,상해없음,승용,여,33세,상해없음
2015111300100186,2015년 11월 13일 08시,금요일,대전광역시 서구 둔산동,경상사고,0,0,1,0,차대차 - 추돌 - 진행중,안전거리미확보,습기,비,단일로 - 기타,승용,남,55세,상해없음,기타불명,기타불명,기타불명,기타불명
2015111300100222,2015년 11월 13일 09시,금요일,대전광역시 유성구 관평동,경상사고,0,0,1,0,차대차 - 기타,안전운전불이행,습기,비,단일로 - 기타,승용,남,45세,상해없음,이륜,남,26세,경상
2015111300100223,2015년 11월 13일 09시,금요일,대전광역시 유성구 지족동,중상사고,0,1,0,0,차대사람 - 차도통행중,안전운전불이행,습기,비,단일로 - 기타,승용,남,65세,상해없음,보행자,여,20세,중상
2015111300100312,2015년 11월 13일 12시,금요일,대전광역시 동구 대동,경상사고,0,0,1,0,차대차 - 측면직각충돌,교차로운행방법위반,건조,흐림,교차로 - 교차로안,승용,남,49세,상해없음,원동기,여,63세,경상
2015111300100348,2015년 11월 13일 13시,금요일,대전광역시 서구 도마동,경상사고,0,0,1,0,차량단독 - 기타,기타,건조,맑음,교차로 - 교차로부근,승합,남,48세,상해없음,,,,
2015111300100384,2015년 11월 13일 14시,금요일,대전광역시 동구 가양동,경상사고,0,0,1,0,차대사람 - 차도통행중,안전운전불이행,건조,맑음,단일로 - 기타,승용,여,66세,상해없음,보행자,여,79세,경상
2015111300100385,2015년 11월 13일 14시,금요일,대전광역시 서구 도마동,경상사고,0,0,1,0,차대차 - 추돌 - 진행중,안전운전불이행,습기,비,단일로 - 기타,승용,여,45세,상해없음,화물,남,33세,경상
2015111300100386,2015년 11월 13일 14시,금요일,대전광역시 유성구 방동,경상사고,0,0,3,0,차대차 - 측면직각충돌,안전운전불이행,습기,비,단일로 - 기타,승용,남,27세,상해없음,승용,남,32세,경상
2015111300100453,2015년 11월 13일 16시,금요일,대전광역시 서구 도마동,중상사고,0,1,1,0,차대차 - 추돌 - 진행중,안전운전불이행,습기,비,교차로 - 교차로부근,화물,남,52세,상해없음,승용,여,52세,중상
2015111300100454,2015년 11월 13일 16시,금요일,대전광역시 대덕구 중리동,중상사고,0,1,0,0,차대차 - 추돌 - 주정차중,안전운전불이행,습기,비,교차로 - 교차로부근,화물,남,25세,상해없음,승합,여,59세,중상
2015111300100529,2015년 11월 13일 17시,금요일,대전광역시 서구 관저동,중상사고,0,1,0,0,차대차 - 측면직각충돌,교차로운행방법위반,습기,비,교차로 - 교차로안,승용,남,51세,상해없음,이륜,남,19세,중상
2015111300100530,2015년 11월 13일 17시,금요일,대전광역시 서구 괴정동,경상사고,0,0,1,0,차대차 - 추돌 - 진행중,안전운전불이행,습기,비,교차로 - 교차로부근,승용,남,60세,상해없음,승용,남,38세,경상
2015111300100531,2015년 11월 13일 17시,금요일,대전광역시 유성구 장대동,경상사고,0,0,1,0,차대사람 - 기타,안전운전불이행,습기,비,교차로 - 교차로안,승합,남,63세,상해없음,보행자,여,63세,경상
2015111300100532,2015년 11월 13일 17시,금요일,대전광역시 유성구 반석동,부상신고사고,0,0,0,1,차대차 - 추돌 - 진행중,안전운전불이행,건조,맑음,교차로 - 교차로안,승용,여,28세,기타불명,승용,여,33세,부상신고
2015111300100641,2015년 11월 13일 18시,금요일,대전광역시 동구 낭월동,경상사고,0,0,1,0,차대사람 - 횡단중,안전운전불이행,습기,비,교차로 - 교차로안,승용,남,41세,상해없음,보행자,여,50세,경상
2015111300100642,2015년 11월 13일 18시,금요일,대전광역시 서구 갈마동,경상사고,0,0,1,0,차대차 - 기타,안전거리미확보,습기,비,단일로 - 기타,승용,남,58세,상해없음,승용,남,35세,경상
2015111300100643,2015년 11월 13일 18시,금요일,대전광역시 서구 월평동,경상사고,0,0,1,0,차대차 - 측면직각충돌,안전운전불이행,습기,비,단일로 - 교량,기타불명,기타불명,기타불명,기타불명,승용,여,55세,경상
2015111300100644,2015년 11월 13일 18시,금요일,대전광역시 서구 월평동,중상사고,0,1,1,0,차대차 - 추돌 - 진행중,안전운전불이행,습기,비,교차로 - 교차로안,승용,여,48세,경상,승용,남,53세,중상
2015111300100721,2015년 11월 13일 19시,금요일,대전광역시 서구 둔산동,경상사고,0,0,2,0,차대차 - 추돌 - 주정차중,안전운전불이행,습기,비,교차로 - 교차로부근,승용,남,62세,상해없음,승용,남,33세,경상
2015111300100722,2015년 11월 13일 19시,금요일,대전광역시 서구 탄방동,경상사고,0,0,1,0,차대차 - 기타,안전운전불이행,습기,비,단일로 - 기타,승용,남,65세,상해없음,이륜,남,45세,경상
2015111300100788,2015년 11월 13일 20시,금요일,대전광역시 동구 가오동,경상사고,0,0,1,0,차대차 - 기타,중앙선침범,습기,비,단일로 - 기타,승용,여,34세,상해없음,원동기,남,22세,경상
2015111300100905,2015년 11월 13일 22시,금요일,대전광역시 중구 산성동,중상사고,0,1,0,0,차대사람 - 기타,중앙선침범,습기,비,단일로 - 기타,승용,여,40세,상해없음,보행자,남,49세,중상
2015111300100906,2015년 11월 13일 22시,금요일,대전광역시 대덕구 오정동,경상사고,0,0,1,0,차대차 - 추돌 - 진행중,안전운전불이행,습기,비,단일로 - 기타,기타불명,기타불명,기타불명,기타불명,승용,여,55세,경상
2015111300100907,2015년 11월 13일 22시,금요일,대전광역시 유성구 송강동,중상사고,0,1,0,0,차대사람 - 길가장자리구역통행중,안전운전불이행,습기,비,단일로 - 기타,승용,남,36세,상해없음,보행자,남,26세,중상
2015111300100908,2015년 11월 13일 22시,금요일,대전광역시 유성구 관평동,경상사고,0,0,1,0,차대차 - 추돌 - 주정차중,안전운전불이행,건조,맑음,단일로 - 기타,승용,여,35세,상해없음,승용,남,25세,경상
2015111300100963,2015년 11월 13일 23시,금요일,대전광역시 유성구 반석동,경상사고,0,0,6,0,차대차 - 추돌 - 주정차중,안전운전불이행,습기,비,단일로 - 기타,승용,남,51세,상해없음,승용,여,51세,경상
2015111400100039,2015년 11월 14일 00시,토요일,대전광역시 유성구 장대동,경상사고,0,0,1,0,차량단독 - 기타,안전운전불이행,습기,비,교차로 - 교차로부근,승용,남,43세,상해없음,,,,
2015111400100080,2015년 11월 14일 01시,토요일,대전광역시 동구 원동,중상사고,0,1,2,0,차대차 - 측면직각충돌,신호위반,습기,비,교차로 - 교차로안,승용,남,52세,상해없음,승용,남,61세,경상
2015111400100081,2015년 11월 14일 01시,토요일,대전광역시 서구 용문동,경상사고,0,0,1,0,차대차 - 측면직각충돌,안전운전불이행,습기,비,교차로 - 교차로부근,승용,남,41세,상해없음,승용,남,28세,경상
2015111400100082,2015년 11월 14일 01시,토요일,대전광역시 서구 둔산동,중상사고,0,1,0,0,차대차 - 측면직각충돌,교차로운행방법위반,습기,비,교차로 - 교차로안,승용,여,36세,상해없음,승용,남,48세,중상
2015111400100083,2015년 11월 14일 01시,토요일,대전광역시 서구 둔산동,경상사고,0,0,1,0,차대사람 - 기타,안전운전불이행,습기,비,단일로 - 기타,기타불명,기타불명,기타불명,기타불명,보행자,남,21세,경상
2015111400100084,2015년 11월 14일 01시,토요일,대전광역시 유성구 궁동,경상사고,0,0,1,0,차량단독 - 전도전복,안전운전불이행,습기,비,단일로 - 기타,승용,남,49세,상해없음,,,,
2015111400100110,2015년 11월 14일 02시,토요일,대전광역시 서구 내동,경상사고,0,0,1,0,차대차 - 추돌 - 진행중,안전운전불이행,습기,비,교차로 - 교차로부근,승용,여,33세,상해없음,승용,남,30세,경상
2015111400100111,2015년 11월 14일 02시,토요일,대전광역시 서구 용문동,경상사고,0,0,4,0,차대차 - 추돌 - 주정차중,안전운전불이행,습기,비,단일로 - 기타,승용,남,19세,상해없음,승용,남,54세,경상
2015111400100205,2015년 11월 14일 06시,토요일,대전광역시 동구 홍도동,중상사고,0,1,1,0,차대차 - 측면직각충돌,안전운전불이행,습기,비,교차로 - 교차로안,화물,남,37세,기타불명,승합,남,50세,경상
2015111400100206,2015년 11월 14일 06시,토요일,대전광역시 서구 갈마동,중상사고,0,1,0,0,차대차 - 측면직각충돌,신호위반,습기,비,교차로 - 교차로안,화물,남,60세,상해없음,승용,남,60세,중상
2015111400100257,2015년 11월 14일 08시,토요일,대전광역시 중구 부사동,경상사고,0,0,1,0,차대차 - 추돌 - 주정차중,안전운전불이행,건조,맑음,교차로 - 교차로부근,승용,남,55세,상해없음,승용,남,59세,경상
2015111400100385,2015년 11월 14일 12시,토요일,대전광역시 서구 괴정동,경상사고,0,0,2,0,차대차 - 측면직각충돌,교차로운행방법위반,건조,흐림,교차로 - 교차로안,승용,남,34세,경상,승용,남,30세,경상
2015111400100386,2015년 11월 14일 12시,토요일,대전광역시 유성구 원내동,경상사고,0,0,1,0,차대사람 - 횡단중,보행자보호의무위반,건조,맑음,교차로 - 교차로안,승용,여,48세,상해없음,보행자,남,68세,경상
2015111400100486,2015년 11월 14일 15시,토요일,대전광역시 동구 대동,경상사고,0,0,1,0,차대차 - 정면충돌,안전운전불이행,건조,맑음,교차로 - 교차로안,승용,남,48세,상해없음,승용,남,38세,경상
2015111400100635,2015년 11월 14일 18시,토요일,대전광역시 중구 산성동,경상사고,0,0,1,0,차대사람 - 보도통행중,보행자보호의무위반,습기,비,교차로 - 교차로부근,승용,남,47세,상해없음,보행자,남,30세,경상
2015111400100636,2015년 11월 14일 18시,토요일,대전광역시 서구 정림동,사망사고,1,0,0,0,차대차 - 추돌 - 진행중,안전운전불이행,습기,비,단일로 - 기타,승용,여,45세,상해없음,농기계,남,56세,사망
2015111400100637,2015년 11월 14일 18시,토요일,대전광역시 유성구 대정동,경상사고,0,0,1,0,차대차 - 기타,안전거리미확보,습기,비,단일로 - 기타,승용,남,60세,상해없음,원동기,남,35세,경상
2015111400100682,2015년 11월 14일 19시,토요일,대전광역시 중구 선화동,경상사고,0,0,1,0,차대사람 - 보도통행중,보행자보호의무위반,습기,비,단일로 - 횡단보도상,승용,남,39세,상해없음,보행자,남,47세,경상
2015111400100683,2015년 11월 14일 19시,토요일,대전광역시 동구 자양동,경상사고,0,0,1,0,차대차 - 기타,안전거리미확보,건조,맑음,단일로 - 기타,승용,남,49세,상해없음,승합,남,55세,상해없음
2015111400100684,2015년 11월 14일 19시,토요일,대전광역시 서구 도안동,경상사고,0,0,1,0,차대차 - 정면충돌,안전운전불이행,습기,비,교차로 - 교차로안,승용,여,44세,상해없음,이륜,남,32세,경상
2015111400100685,2015년 11월 14일 19시,토요일,대전광역시 유성구 반석동,경상사고,0,0,3,0,차대차 - 추돌 - 주정차중,안전운전불이행,건조,흐림,단일로 - 기타,승용,남,74세,상해없음,승용,여,51세,경상
2015111400100747,2015년 11월 14일 21시,토요일,대전광역시 중구 문창동,경상사고,0,0,1,0,차대차 - 측면직각충돌,직진우회전진행방해,건조,맑음,교차로 - 교차로안,화물,남,57세,상해없음,승용,남,37세,경상
2015111400100748,2015년 11월 14일 21시,토요일,대전광역시 중구 오류동,경상사고,0,0,1,0,차대사람 - 차도통행중,안전운전불이행,건조,맑음,단일로 - 횡단보도부근,승용,남,49세,상해없음,보행자,남,33세,경상
2015111400100749,2015년 11월 14일 21시,토요일,대전광역시 동구 가양동,경상사고,0,0,2,0,차대차 - 기타,안전운전불이행,건조,맑음,단일로 - 기타,승용,남,53세,상해없음,승용,남,52세,경상
2015111400100750,2015년 11월 14일 21시,토요일,대전광역시 서구 둔산동,부상신고사고,0,0,0,1,차대사람 - 기타,안전운전불이행,건조,맑음,단일로 - 기타,승용,남,29세,상해없음,보행자,여,32세,부상신고
2015111500100163,2015년 11월 15일 10시,일요일,대전광역시 서구 둔산동,경상사고,0,0,1,0,차대사람 - 횡단중,안전운전불이행,건조,맑음,단일로 - 기타,승용,남,66세,상해없음,보행자,남,12세,경상
2015111500100218,2015년 11월 15일 12시,일요일,대전광역시 대덕구 상서동,중상사고,0,1,0,0,차대차 - 추돌 - 진행중,신호위반,건조,맑음,교차로 - 교차로안,승용,남,51세,상해없음,승용,여,58세,중상
2015111500100256,2015년 11월 15일 13시,일요일,대전광역시 동구 신상동,사망사고,1,0,0,0,차대사람 - 차도통행중,안전운전불이행,건조,맑음,단일로 - 기타,승용,남,53세,상해없음,보행자,남,77세,사망
2015111500100290,2015년 11월 15일 14시,일요일,대전광역시 동구 가오동,경상사고,0,0,1,0,차대차 - 기타,안전운전불이행,건조,맑음,기타 - 기타,승합,여,53세,상해없음,자전거,남,62세,경상
2015111500100314,2015년 11월 15일 15시,일요일,대전광역시 대덕구 미호동,경상사고,0,0,1,0,차대사람 - 횡단중,안전운전불이행,건조,맑음,단일로 - 기타,승용,여,43세,상해없음,보행자,남,87세,경상
2015111500100339,2015년 11월 15일 16시,일요일,대전광역시 동구 상소동,중상사고,0,1,1,0,차대차 - 정면충돌,중앙선침범,건조,맑음,단일로 - 기타,승용,남,40세,상해없음,승용,여,48세,중상
2015111500100386,2015년 11월 15일 17시,일요일,대전광역시 서구 변동,경상사고,0,0,2,0,차대차 - 측면직각충돌,교차로운행방법위반,건조,맑음,교차로 - 교차로안,승용,남,26세,상해없음,승용,남,72세,경상
2015111500100430,2015년 11월 15일 18시,일요일,대전광역시 동구 가양동,경상사고,0,0,1,0,차대차 - 추돌 - 주정차중,안전거리미확보,건조,맑음,단일로 - 횡단보도부근,승용,여,38세,상해없음,승용,여,53세,경상