사고번호,사고일시,요일,시군구,사고내용,사망자수,중상자수,경상자수,부상신고자수,사고유형,법규위반,노면상태,기상상태,도로형태,가해운전자 차종,가해운전자 성별,가해운전자 연령,가해운전자 상해정도,피해운전자 차종,피해운전자 성별,피해운전자 연령,피해운전자 상해정도
2015111500100431,2015년 11월 15일 18시,일요일,대전광역시 서구 도마동,중상사고,0,2,0,0,차대차 - 기타,신호위반,건조,맑음,교차로 - 교차로안,승용,기타불명,기타불명,기타불명,승용,여,29세,중상
2015111500100432,2015년 11월 15일 18시,일요일,대전광역시 대덕구 오정동,경상사고,0,0,2,0,차대차 - 측면직각충돌,신호위반,건조,맑음,교차로 - 교차로안,승용,남,50세,상해없음,승용,남,51세,경상
2015111500100530,2015년 11월 15일 21시,일요일,대전광역시 동구 가양동,경상사고,0,0,1,0,차대차 - 정면충돌,안전거리미확보,건조,맑음,단일로 - 기타,승용,남,47세,상해없음,원동기,남,54세,경상
2015111500100550,2015년 11월 15일 22시,일요일,대전광역시 서구 둔산동,중상사고,0,1,0,0,차대차 - 측면직각충돌,안전운전불이행,건조,맑음,교차로 - 교차로부근,승용,여,41세,상해없음,승용,남,32세,중상
2015111600100013,2015년 11월 16일 00시,월요일,대전광역시 동구 대동,경상사고,0,0,2,0,차대차 - 추돌 - 진행중,안전거리미확보,건조,맑음,단일로 - 기타,승용,남,66세,상해없음,원동기,남,20세,경상
2015111600100025,2015년 11월 16일 02시,월요일,대전광역시 유성구 궁동,경상사고,0,0,3,0,차대차 - 측면직각충돌,신호위반,건조,맑음,교차로 - 교차로안,승용,남,20세,상해없음,승용,남,23세,경상
2015111600100049,2015년 11월 16일 05시,월요일,대전광역시 중구 문화동,경상사고,0,0,3,0,차대차 - 측면직각충돌,신호위반,건조,맑음,교차로 - 교차로안,승용,남,47세,상해없음,승용,남,55세,경상
2015111600100065,2015년 11월 16일 06시,월요일,대전광역시 동구 가양동,중상사고,0,1,0,0,차대차 - 측면직각충돌,안전운전불이행,건조,맑음,단일로 - 횡단보도상,승용,남,55세,상해없음,자전거,남,53세,중상
2015111600100066,2015년 11월 16일 06시,월요일,대전광역시 유성구 반석동,경상사고,0,0,1,0,차대차 - 기타,신호위반,건조,흐림,교차로 - 교차로안,승용,남,54세,상해없음,승합,남,42세,상해없음
2015111600100092,2015년 11월 16일 07시,월요일,대전광역시 서구 용문동,경상사고,0,0,1,0,차대차 - 측면직각충돌,교차로운행방법위반,건조,맑음,교차로 - 교차로안,승용,남,43세,상해없음,승용,남,37세,경상
2015111600100093,2015년 11월 16일 07시,월요일,대전광역시 대덕구 대화동,중상사고,0,1,0,0,차대차 - 추돌 - 진행중,중앙선침범,건조,맑음,단일로 - 기타,승용,남,35세,상해없음,원동기,남,45세,중상
2015111600100094,2015년 11월 16일 07시,월요일,대전광역시 유성구 장대동,경상사고,0,0,1,0,차대차 - 측면직각충돌,안전운전불이행,건조,맑음,교차로 - 교차로안,승용,남,29세,경상,화물,기타불명,기타불명,기타불명
2015111600100138,2015년 11월 16일 08시,월요일,대전광역시 서구 용문동,경상사고,0,0,1,0,차대차 - 측면직각충돌,안전운전불이행,건조,맑음,단일로 - 기타,승용,여,59세,상해없음,승용,남,40세,경상
2015111600100139,2015년 11월 16일 08시,월요일,대전광역시 유성구 구암동,경상사고,0,0,1,0,차대사람 - 횡단중,안전운전불이행,건조,흐림,단일로 - 횡단보도상,승용,남,32세,상해없음,보행자,남,76세,경상
2015111600100172,2015년 11월 16일 09시,월요일,대전광역시 서구 둔산동,경상사고,0,0,1,0,차량단독 - 기타,안전운전불이행,건조,맑음,단일로 - 기타,승합,남,36세,상해없음,,,,
2015111600100201,2015년 11월 16일 10시,월요일,대전광역시 중구 유천동,경상사고,0,0,1,0,차대차 - 기타,신호위반,건조,맑음,단일로 - 기타,원동기,남,62세,상해없음,자전거,남,25세,경상
2015111600100234,2015년 11월 16일 11시,월요일,대전광역시 동구 용전동,경상사고,0,0,1,0,차대차 - 추돌 - 주정차중,안전운전불이행,건조,맑음,기타 - 기타,화물,남,46세,상해없음,승용,여,30세,경상
2015111600100235,2015년 11월 16일 11시,월요일,대전광역시 유성구 지족동,중상사고,0,1,0,0,차대사람 - 횡단중,보행자보호의무위반,건조,맑음,단일로 - 횡단보도상,승용,여,39세,상해없음,보행자,여,66세,중상
2015111600100335,2015년 11월 16일 14시,월요일,대전광역시 동구 가양동,경상사고,0,0,3,0,차대차 - 기타,안전거리미확보,습기,비,교차로 - 교차로부근,승용,남,54세,기타불명,승용,남,42세,경상
2015111600100336,2015년 11월 16일 14시,월요일,대전광역시 동구 가양동,경상사고,0,0,1,0,차대차 - 측면직각충돌,안전거리미확보,건조,맑음,교차로 - 교차로부근,승용,남,57세,상해없음,승용,여,48세,경상
2015111600100337,2015년 11월 16일 14시,월요일,대전광역시 서구 내동,중상사고,0,1,0,0,차대차 - 측면직각충돌,안전운전불이행,건조,흐림,교차로 - 교차로안,승용,남,37세,상해없음,이륜,남,37세,중상
2015111600100338,2015년 11월 16일 14시,월요일,대전광역시 서구 월평동,경상사고,0,0,1,0,차대차 - 기타,안전운전불이행,습기,비,교차로 - 교차로안,승용,남,29세,상해없음,이륜,남,60세,경상
2015111600100339,2015년 11월 16일 14시,월요일,대전광역시 유성구 도룡동,경상사고,0,0,2,0,차대차 - 추돌 - 진행중,중앙선침범,건조,흐림,단일로 - 기타,승용,여,60세,경상,승용,여,48세,경상
2015111600100374,2015년 11월 16일 15시,월요일,대전광역시 서구 도마동,경상사고,0,0,1,0,차대차 - 측면직각충돌,중앙선침범,습기,비,교차로 - 교차로부근,승용,남,52세,상해없음,승용,여,47세,경상
2015111600100430,2015년 11월 16일 16시,월요일,대전광역시 동구 낭월동,경상사고,0,0,3,0,차대차 - 기타,신호위반,건조,맑음,교차로 - 교차로안,화물,남,66세,상해없음,화물,남,34세,경상
2015111600100494,2015년 11월 16일 17시,월요일,대전광역시 동구 중동,경상사고,0,0,1,0,차대사람 - 횡단중,보행자보호의무위반,건조,맑음,교차로 - 교차로안,승용,남,57세,상해없음,보행자,남,81세,경상
2015111600100581,2015년 11월 16일 18시,월요일,대전광역시 동구 신흥동,경상사고,0,0,1,0,차대차 - 측면직각충돌,신호위반,습기,비,교차로 - 교차로안,승용,남,52세,상해없음,승용,남,37세,경상
2015111600100582,2015년 11월 16일 18시,월요일,대전광역시 서구 복수동,경상사고,0,0,1,0,차대차 - 측면직각충돌,안전운전불이행,습기,비,교차로 - 교차로안,승용,여,44세,상해없음,승용,여,52세,경상
2015111600100650,2015년 11월 16일 19시,월요일,대전광역시 동구 가양동,경상사고,0,0,1,0,차대사람 - 보도통행중,안전운전불이행,건조,맑음,단일로 - 기타,화물,남,36세,상해없음,보행자,남,50세,경상
2015111600100651,2015년 11월 16일 19시,월요일,대전광역시 대덕구 오정동,경상사고,0,0,2,0,차대차 - 측면직각충돌,신호위반,건조,맑음,교차로 - 교차로안,승용,여,46세,상해없음,승용,여,43세,경상
2015111600100652,2015년 11월 16일 19시,월요일,대전광역시 서구 둔산동,경상사고,0,0,1,0,차대사람 - 횡단중,보행자보호의무위반,습기,비,교차로 - 교차로부근,기타불명,기타불명,기타불명,기타불명,보행자,남,28세,경상
2015111600100688,2015년 11월 16일 20시,월요일,대전광역시 중구 대흥동,중상사고,0,1,0,0,차대차 - 정면충돌,안전운전불이행,습기,비,교차로 - 교차로안,승용,남,50세,상해없음,원동기,남,32세,중상
2015111600100689,2015년 11월 16일 20시,월요일,대전광역시 서구 월평동,경상사고,0,0,1,0,차대사람 - 기타,안전운전불이행,건조,맑음,단일로 - 기타,화물,남,44세,상해없음,보행자,남,49세,경상
2015111600100690,2015년 11월 16일 20시,월요일,대전광역시 서구 월평동,경상사고,0,0,1,0,차대사람 - 횡단중,보행자보호의무위반,습기,비,교차로 - 교차로부근,승합,남,65세,기타불명,보행자,여,52세,경상
2015111600100691,2015년 11월 16일 20시,월요일,대전광역시 유성구 봉명동,경상사고,0,0,1,0,차대사람 - 횡단중,보행자보호의무위반,습기,비,교차로 - 교차로부근,승용,남,30세,상해없음,보행자,남,50세,경상
2015111600100738,2015년 11월 16일 21시,월요일,대전광역시 중구 대사동,중상사고,0,1,1,0,차대차 - 추돌 - 진행중,안전운전불이행,습기,흐림,교차로 - 교차로부근,승용,남,50세,상해없음,승용,여,31세,중상
2015111600100739,2015년 11월 16일 21시,월요일,대전광역시 서구 가장동,중상사고,0,1,0,0,차대사람 - 횡단중,보행자보호의무위반,습기,비,단일로 - 횡단보도상,승용,남,35세,상해없음,보행자,남,76세,중상
2015111600100740,2015년 11월 16일 21시,월요일,대전광역시 유성구 관평동,경상사고,0,0,1,0,차대차 - 정면충돌,신호위반,습기,비,교차로 - 교차로안,승용,남,45세,상해없음,승용,남,23세,경상
2015111600100805,2015년 11월 16일 23시,월요일,대전광역시 유성구 관평동,경상사고,0,0,1,0,차대차 - 기타,교차로운행방법위반,습기,비,교차로 - 교차로안,승용,남,34세,상해없음,원동기,남,46세,경상
2015111700100021,2015년 11월 17일 00시,화요일,대전광역시 서구 둔산동,경상사고,0,0,1,0,차대사람 - 기타,안전운전불이행,건조,맑음,단일로 - 기타,승용,남,63세,기타불명,보행자,남,19세,경상
2015111700100022,2015년 11월 17일 00시,화요일,대전광역시 서구 탄방동,경상사고,0,0,1,0,차대차 - 기타,교차로운행방법위반,습기,비,교차로 - 교차로부근,기타불명,기타불명,기타불명,기타불명,승용,남,49세,경상
2015111700100040,2015년 11월 17일 02시,화요일,대전광역시 대덕구 중리동,사망사고,1,0,0,0,차대사람 - 기타,안전운전불이행,습기,비,단일로 - 기타,화물,남,41세,상해없음,보행자,여,36세,사망
2015111700100088,2015년 11월 17일 06시,화요일,대전광역시 서구 도안동,중상사고,0,1,1,0,차대차 - 측면직각충돌,안전거리미확보,건조,맑음,단일로 - 기타,화물,남,56세,상해없음,화물,남,56세,중상
2015111700100174,2015년 11월 17일 09시,화요일,대전광역시 중구 산성동,경상사고,0,0,1,0,차대차 - 측면직각충돌,교차로운행방법위반,건조,흐림,교차로 - 교차로안,승용,남,58세,상해없음,승용,남,77세,경상
2015111700100175,2015년 11월 17일 09시,화요일,대전광역시 서구 갈마동,경상사고,0,0,2,0,차대차 - 측면직각충돌,안전운전불이행,건조,맑음,교차로 - 교차로안,승용,남,65세,상해없음,승용,남,60세,경상
2015111700100176,2015년 11월 17일 09시,화요일,대전광역시 유성구 하기동,경상사고,0,0,2,0,차대차 - 추돌 - 진행중,안전거리미확보,습기,비,단일로 - 횡단보도부근,승용,남,49세,상해없음,승용,남,30세,경상
2015111700100214,2015년 11월 17일 10시,화요일,대전광역시 서구 가수원동,경상사고,0,0,1,0,차대차 - 기타,안전운전불이행,건조,맑음,교차로 - 교차로부근,승용,여,21세,상해없음,승용,여,31세,상해없음
2015111700100215,2015년 11월 17일 10시,화요일,대전광역시 대덕구 오정동,경상사고,0,0,1,0,차대차 - 추돌 - 진행중,신호위반,건조,맑음,교차로 - 교차로안,승합,남,27세,상해없음,승용,여,42세,경상
2015111700100267,2015년 11월 17일 12시,화요일,대전광역시 동구 홍도동,중상사고,0,1,0,0,차대사람 - 기타,안전운전불이행,건조,맑음,단일로 - 기타,승용,여,42세,상해없음,보행자,여,19세,중상
2015111700100297,2015년 11월 17일 13시,화요일,대전광역시 동구 자양동,경상사고,0,0,1,0,차대차 - 기타,교차로운행방법위반,건조,맑음,교차로 - 교차로안,화물,남,36세,상해없음,이륜,남,28세,경상
2015111700100326,2015년 11월 17일 14시,화요일,대전광역시 중구 선화동,경상사고,0,0,1,0,차대차 - 추돌 - 진행중,안전운전불이행,건조,맑음,교차로 - 교차로부근,승용,남,56세,상해없음,승용,여,28세,경상
2015111700100445,2015년 11월 17일 17시,화요일,대전광역시 중구 태평동,경상사고,0,0,1,0,차대차 - 기타,안전거리미확보,습기,비,교차로 - 교차로안,승용,여,50세,상해없음,승용,여,55세,경상
2015111700100447,2015년 11월 17일 17시,화요일,대전광역시 동구 낭월동,중상사고,0,1,0,0,차대차 - 측면직각충돌,안전운전불이행,건조,맑음,단일로 - 기타,승합,남,61세,상해없음,승용,여,56세,중상
2015111700100448,2015년 11월 17일 17시,화요일,대전광역시 대덕구 오정동,중상사고,0,1,0,0,차대차 - 추돌 - 진행중,안전운전불이행,건조,맑음,단일로 - 기타,승용,남,31세,상해없음,승용,남,63세,중상
2015111700100503,2015년 11월 17일 18시,화요일,대전광역시 서구 정림동,경상사고,0,0,1,0,차대차 - 정면충돌,신호위반,습기,맑음,교차로 - 교차로부근,승용,남,64세,상해없음,승용,남,36세,경상
2015111700100504,2015년 11월 17일 18시,화요일,대전광역시 유성구 구암동,경상사고,0,0,1,0,차대사람 - 기타,안전운전불이행,건조,흐림,교차로 - 교차로안,승용,여,38세,상해없음,보행자,남,44세,경상
2015111700100545,2015년 11월 17일 19시,화요일,대전광역시 서구 갈마동,중상사고,0,1,0,0,차대사람 - 기타,중앙선침범,건조,맑음,기타 - 기타,승용,남,50세,상해없음,보행자,여,49세,중상
2015111700100584,2015년 11월 17일 20시,화요일,대전광역시 동구 용전동,경상사고,0,0,2,0,차대차 - 기타,안전운전불이행,습기,흐림,단일로 - 기타,승용,남,52세,기타불명,승용,남,54세,경상
2015111700100585,2015년 11월 17일 20시,화요일,대전광역시 유성구 장대동,경상사고,0,0,1,0,차대차 - 기타,안전운전불이행,건조,맑음,단일로 - 기타,승용,남,43세,상해없음,승용,여,29세,경상
2015111700100622,2015년 11월 17일 21시,화요일,대전광역시 동구 대동,경상사고,0,0,1,0,차대사람 - 횡단중,신호위반,건조,맑음,단일로 - 기타,승용,남,40세,상해없음,보행자,여,54세,경상
2015111800100048,2015년 11월 18일 03시,수요일,대전광역시 유성구 노은동,경상사고,0,0,1,0,차대차 - 기타,기타,건조,흐림,단일로 - 기타,승용,남,38세,상해없음,승용,남,36세,경상
2015111800100097,2015년 11월 18일 06시,수요일,대전광역시 유성구 도룡동,중상사고,0,1,0,0,차대사람 - 차도통행중,안전운전불이행,건조,기타,단일로 - 기타,승용,남,31세,상해없음,보행자,남,47세,중상
2015111800100098,2015년 11월 18일 06시,수요일,대전광역시 유성구 노은동,경상사고,0,0,2,0,차대차 - 기타,신호위반,건조,맑음,교차로 - 교차로안,승용,여,47세,경상,승용,남,41세,경상
2015111800100212,2015년 11월 18일 10시,수요일,대전광역시 대덕구 법동,경상사고,0,0,1,0,차대차 - 추돌 - 진행중,안전운전불이행,건조,맑음,교차로 - 교차로안,승용,남,61세,상해없음,승용,여,30세,경상
2015111800100299,2015년 11월 18일 13시,수요일,대전광역시 동구 가양동,경상사고,0,0,1,0,차대사람 - 횡단중,안전운전불이행,건조,흐림,단일로 - 횡단보도부근,이륜,남,55세,상해없음,보행자,여,7세,경상
2015111800100300,2015년 11월 18일 13시,수요일,대전광역시 서구 갈마동,경상사고,0,0,1,0,차대사람 - 차도통행중,안전운전불이행,건조,맑음,교차로 - 교차로안,승용,남,79세,상해없음,보행자,여,38세,경상
2015111800100362,2015년 11월 18일 15시,수요일,대전광역시 서구 도마동,경상사고,0,0,2,0,차대차 - 추돌 - 진행중,안전운전불이행,건조,맑음,단일로 - 기타,화물,남,34세,상해없음,승용,남,68세,경상
2015111800100406,2015년 11월 18일 16시,수요일,대전광역시 중구 문화동,경상사고,0,0,1,0,차대차 - 기타,안전운전불이행,습기,흐림,단일로 - 기타,승용,여,44세,상해없음,화물,남,44세,경상
2015111800100407,2015년 11월 18일 16시,수요일,대전광역시 서구 탄방동,경상사고,0,0,1,0,차대차 - 추돌 - 주정차중,안전운전불이행,습기,비,단일로 - 기타,승용,남,31세,상해없음,승용,여,53세,경상
2015111800100470,2015년 11월 18일 17시,수요일,대전광역시 유성구 지족동,경상사고,0,0,4,0,차대차 - 측면직각충돌,안전운전불이행,습기,비,단일로 - 기타,승용,남,56세,상해없음,승용,여,63세,상해없음
2015111800100471,2015년 11월 18일 17시,수요일,대전광역시 유성구 구암동,경상사고,0,0,1,0,차대차 - 정면충돌,신호위반,건조,맑음,교차로 - 교차로안,승용,남,39세,상해없음,승용,여,40세,경상
2015111800100472,2015년 11월 18일 17시,수요일,대전광역시 유성구 관평동,경상사고,0,0,1,0,차대차 - 측면직각충돌,직진우회전진행방해,습기,비,교차로 - 교차로안,승용,여,53세,상해없음,승용,여,36세,경상
2015111800100542,2015년 11월 18일 18시,수요일,대전광역시 동구 용운동,경상사고,0,0,2,0,차대차 - 정면충돌,신호위반,습기,비,교차로 - 교차로안,승용,남,59세,상해없음,화물,남,56세,경상
2015111800100543,2015년 11월 18일 18시,수요일,대전광역시 서구 정림동,중상사고,0,1,0,0,차대사람 - 횡단중,안전운전불이행,습기,비,단일로 - 기타,승용,남,25세,상해없음,보행자,남,50세,중상
2015111800100544,2015년 11월 18일 18시,수요일,대전광역시 유성구 반석동,경상사고,0,0,1,0,차대사람 - 횡단중,안전운전불이행,습기,비,교차로 - 교차로안,승용,여,53세,상해없음,보행자,여,21세,경상
2015111800100545,2015년 11월 18일 18시,수요일,대전광역시 유성구 구암동,경상사고,0,0,1,0,차대차 - 정면충돌,신호위반,습기,비,교차로 - 교차로안,승용,남,38세,상해없음,승용,남,61세,경상
2015111800100649,2015년 11월 18일 20시,수요일,대전광역시 서구 탄방동,경상사고,0,0,2,0,차대차 - 추돌 - 진행중,안전운전불이행,건조,맑음,단일로 - 기타,승용,여,47세,상해없음,승용,여,46세,경상
2015111800100701,2015년 11월 18일 21시,수요일,대전광역시 유성구 추목동,중상사고,0,1,0,0,차대차 - 정면충돌,중앙선침범,습기,흐림,교차로 - 교차로부근,승용,남,38세,상해없음,이륜,남,38세,중상
2015111800100732,2015년 11월 18일 22시,수요일,대전광역시 유성구 봉명동,경상사고,0,0,1,0,차대차 - 기타,안전거리미확보,습기,흐림,단일로 - 기타,승용,여,46세,상해없음,승용,남,54세,경상
2015111800100767,2015년 11월 18일 23시,수요일,대전광역시 서구 도마동,중상사고,0,1,4,0,차대차 - 정면충돌,신호위반,건조,맑음,단일로 - 기타,승용,남,60세,경상,화물,남,47세,경상
2015111900100036,2015년 11월 19일 01시,목요일,대전광역시 서구 가수원동,경상사고,0,0,1,0,차대차 - 추돌 - 진행중,안전운전불이행,건조,맑음,교차로 - 교차로부근,승용,남,16세,상해없음,승용,여,56세,경상
2015111900100094,2015년 11월 19일 06시,목요일,대전광역시 서구 관저동,중상사고,0,1,0,0,차대차 - 측면직각충돌,신호위반,건조,맑음,교차로 - 교차로안,승용,남,54세,상해없음,승용,남,47세,중상
2015111900100095,2015년 11월 19일 06시,목요일,대전광역시 유성구 궁동,경상사고,0,0,1,0,차대차 - 정면충돌,신호위반,건조,맑음,교차로 - 교차로안,화물,여,68세,상해없음,화물,남,33세,경상
2015111900100154,2015년 11월 19일 08시,목요일,대전광역시 동구 가양동,경상사고,0,0,1,0,차대차 - 정면충돌,안전운전불이행,건조,맑음,교차로 - 교차로안,승용,여,53세,기타불명,자전거,남,18세,경상
2015111900100155,2015년 11월 19일 08시,목요일,대전광역시 대덕구 중리동,경상사고,0,0,2,1,차대차 - 정면충돌,안전운전불이행,건조,맑음,교차로 - 교차로안,승용,여,28세,부상신고,승용,남,37세,경상
2015111900100183,2015년 11월 19일 09시,목요일,대전광역시 동구 가양동,경상사고,0,0,1,0,차대차 - 정면충돌,중앙선침범,건조,맑음,단일로 - 기타,승용,남,29세,상해없음,승용,남,71세,경상
2015111900100184,2015년 11월 19일 09시,목요일,대전광역시 동구 삼성동,경상사고,0,0,1,0,차량단독 - 기타,안전운전불이행,건조,맑음,단일로 - 기타,승용,남,66세,상해없음,,,,
2015111900100186,2015년 11월 19일 09시,목요일,대전광역시 유성구 어은동,경상사고,0,0,1,0,차대차 - 기타,기타,건조,맑음,기타 - 기타,이륜,남,19세,상해없음,자전거,남,22세,경상
2015111900100242,2015년 11월 19일 11시,목요일,대전광역시 서구 둔산동,경상사고,0,0,2,0,차대차 - 측면직각충돌,안전거리미확보,건조,흐림,단일로 - 기타,승용,여,41세,상해없음,승용,남,26세,경상
2015111900100265,2015년 11월 19일 12시,목요일,대전광역시 대덕구 비래동,경상사고,0,0,2,0,차대차 - 정면충돌,중앙선침범,건조,맑음,단일로 - 기타,승용,여,55세,상해없음,승용,남,47세,경상
2015111900100298,2015년 11월 19일 13시,목요일,대전광역시 서구 월평동,중상사고,0,1,1,0,차대차 - 추돌 - 진행중,안전거리미확보,습기,흐림,단일로 - 교량,승용,여,52세,상해없음,이륜,남,33세,경상
2015111900100299,2015년 11월 19일 13시,목요일,대전광역시 서구 갈마동,경상사고,0,0,2,0,차대차 - 추돌 - 진행중,안전거리미확보,건조,흐림,단일로 - 기타,승용,남,47세,상해없음,승용,여,54세,경상
2015111900100300,2015년 11월 19일 13시,목요일,대전광역시 서구 둔산동,경상사고,0,0,1,0,차대차 - 측면직각충돌,안전운전불이행,건조,맑음,단일로 - 기타,화물,남,46세,상해없음,승용,남,34세,경상
2015111900100333,2015년 11월 19일 14시,목요일,대전광역시 대덕구 상서동,경상사고,0,0,1,0,차대차 - 정면충돌,신호위반,건조,맑음,교차로 - 교차로부근,승용,남,57세,상해없음,승용,여,57세,경상
2015111900100362,2015년 11월 19일 15시,목요일,대전광역시 대덕구 신탄진동,경상사고,0,0,1,0,차량단독 - 기타,기타,건조,맑음,단일로 - 기타,승합,남,47세,상해없음,,,,
2015111900100363,2015년 11월 19일 15시,목요일,대전광역시 유성구 가정동,사망사고,1,0,0,0,차대사람 - 횡단중,신호위반,건조,흐림,단일로 - 횡단보도상,승용,여,45세,상해없음,보행자,여,72세,사망
2015111900100364,2015년 11월 19일 15시,목요일,대전광역시 유성구 계산동,경상사고,0,0,1,0,차대사람 - 횡단중,보행자보호의무위반,건조,맑음,단일로 - 횡단보도상,승용,여,57세,상해없음,보행자,남,13세,경상
2015111900100399,2015년 11월 19일 16시,목요일,대전광역시 동구 원동,중상사고,0,1,0,0,차대사람 - 횡단중,안전운전불이행,건조,맑음,단일로 - 기타,승합,남,53세,상해없음,보행자,여,74세,중상
2015111900100458,2015년 11월 19일 17시,목요일,대전광역시 서구 도안동,경상사고,0,0,1,0,차대차 - 추돌 - 주정차중,안전운전불이행,건조,맑음,교차로 - 교차로부근,화물,남,56세,상해없음,승용,남,58세,경상
2015111900100459,2015년 11월 19일 17시,목요일,대전광역시 서구 월평동,경상사고,0,0,1,0,차대사람 - 횡단중,보행자보호의무위반,건조,맑음,교차로 - 교차로부근,승용,남,60세,상해없음,보행자,여,81세,경상
2015111900100534,2015년 11월 19일 18시,목요일,대전광역시 동구 정동,경상사고,0,0,2,0,차대차 - 측면직각충돌,신호위반,습기,비,교차로 - 교차로안,승용,남,41세,상해없음,승용,남,64세,경상
2015111900100535,2015년 11월 19일 18시,목요일,대전광역시 서구 용문동,경상사고,0,0,2,0,차대차 - 추돌 - 진행중,안전거리미확보,습기,비,교차로 - 교차로부근,승용,남,29세,상해없음,승용,여,37세,경상
2015111900100536,2015년 11월 19일 18시,목요일,대전광역시 서구 월평동,경상사고,0,0,3,0,차대차 - 추돌 - 주정차중,안전거리미확보,습기,비,단일로 - 기타,승합,남,57세,상해없음,승용,여,23세,경상
2015111900100537,2015년 11월 19일 18시,목요일,대전광역시 서구 만년동,경상사고,0,0,1,0,차대차 - 기타,안전운전불이행,습기,비,교차로 - 교차로안,승용,여,29세,상해없음,승용,여,36세,경상
2015111900100538,2015년 11월 19일 18시,목요일,대전광역시 유성구 하기동,경상사고,0,0,1,0,차대차 - 측면직각충돌,안전거리미확보,습기,비,단일로 - 기타,승용,남,44세,경상,승용,남,48세,상해없음
2015111900100576,2015년 11월 19일 19시,목요일,대전광역시 중구 유천동,경상사고,0,0,1,0,차대차 - 기타,교차로운행방법위반,습기,비,교차로 - 교차로안,승용,여,37세,상해없음,이륜,남,22세,경상
2015111900100577,2015년 11월 19일 19시,목요일,대전광역시 동구 홍도동,경상사고,0,0,2,0,차대차 - 추돌 - 진행중,안전거리미확보,습기,비,단일로 - 기타,승용,남,44세,경상,승용,남,41세,경상
2015111900100578,2015년 11월 19일 19시,목요일,대전광역시 대덕구 중리동,경상사고,0,0,1,0,차대사람 - 횡단중,기타,습기,흐림,교차로 - 교차로부근,승용,남,66세,기타불명,보행자,남,44세,경상
2015111900100579,2015년 11월 19일 19시,목요일,대전광역시 서구 탄방동,경상사고,0,0,1,0,차대차 - 추돌 - 진행중,안전운전불이행,습기,비,교차로 - 교차로부근,승용,여,25세,상해없음,승용,여,61세,경상
2015111900100616,2015년 11월 19일 20시,목요일,대전광역시 동구 홍도동,경상사고,0,0,3,0,차대차 - 추돌 - 진행중,안전거리미확보,습기,흐림,단일로 - 기타,승용,남,29세,경상,승용,여,34세,경상
2015111900100682,2015년 11월 19일 22시,목요일,대전광역시 서구 갈마동,경상사고,0,0,1,0,차대사람 - 기타,안전운전불이행,습기,흐림,교차로 - 교차로안,승용,남,21세,상해없음,보행자,여,48세,경상
2015111900100714,2015년 11월 19일 23시,목요일,대전광역시 유성구 자운동,중상사고,0,1,0,0,차대차 - 정면충돌,신호위반,습기,흐림,교차로 - 교차로안,승용,남,34세,상해없음,승용,남,52세,중상
2015112000100025,2015년 11월 20일 00시,금요일,대전광역시 서구 둔산동,경상사고,0,0,3,0,차대차 - 정면충돌,신호위반,건조,맑음,교차로 - 교차로안,승용,남,25세,경상,승용,남,56세,경상
2015112000100058,2015년 11월 20일 04시,금요일,대전광역시 중구 문화동,사망사고,1,0,0,0,차량단독 - 공작물충돌,안전운전불이행,건조,맑음,단일로 - 횡단보도부근,승합,남,44세,사망,,,,
2015112000100059,2015년 11월 20일 04시,금요일,대전광역시 서구 월평동,경상사고,0,0,1,0,차대차 - 측면직각충돌,신호위반,건조,흐림,교차로 - 교차로안,승용,남,39세,상해없음,승용,남,34세,경상
2015112000100070,2015년 11월 20일 05시,금요일,대전광역시 대덕구 읍내동,중상사고,0,1,0,0,차대사람 - 횡단중,보행자보호의무위반,건조,맑음,교차로 - 교차로안,승용,여,64세,상해없음,보행자,남,53세,중상
2015112000100093,2015년 11월 20일 06시,금요일,대전광역시 동구 대동,경상사고,0,0,1,0,차대차 - 기타,안전거리미확보,습기,흐림,단일로 - 기타,화물,남,66세,상해없음,이륜,남,50세,경상
2015112000100130,2015년 11월 20일 07시,금요일,대전광역시 중구 문화동,중상사고,0,2,0,0,차대차 - 기타,안전거리미확보,건조,맑음,단일로 - 기타,승용,남,32세,상해없음,승용,여,21세,중상
2015112000100163,2015년 11월 20일 08시,금요일,대전광역시 대덕구 오정동,중상사고,0,1,0,0,차대사람 - 횡단중,안전운전불이행,건조,맑음,단일로 - 기타,승용,여,33세,상해없음,보행자,남,33세,중상
2015112000100250,2015년 11월 20일 11시,금요일,대전광역시 동구 가양동,경상사고,0,0,1,0,차대차 - 측면직각충돌,안전운전불이행,건조,맑음,교차로 - 교차로부근,화물,남,58세,상해없음,승용,남,36세,경상
2015112000100251,2015년 11월 20일 11시,금요일,대전광역시 서구 탄방동,경상사고,0,0,1,0,차대차 - 추돌 - 진행중,안전운전불이행,건조,맑음,교차로 - 교차로안,승용,남,61세,상해없음,승용,여,33세,경상