사고번호,사고일시,요일,시군구,사고내용,사망자수,중상자수,경상자수,부상신고자수,사고유형,법규위반,노면상태,기상상태,도로형태,가해운전자 차종,가해운전자 성별,가해운전자 연령,가해운전자 상해정도,피해운전자 차종,피해운전자 성별,피해운전자 연령,피해운전자 상해정도
2015112000100381,2015년 11월 20일 15시,금요일,대전광역시 중구 문화동,경상사고,0,0,1,0,차대사람 - 횡단중,신호위반,건조,맑음,단일로 - 기타,화물,남,66세,상해없음,보행자,남,16세,경상
2015112000100418,2015년 11월 20일 16시,금요일,대전광역시 동구 가양동,경상사고,0,0,3,0,차대차 - 정면충돌,안전운전불이행,건조,맑음,교차로 - 교차로안,승용,남,60세,상해없음,승용,남,30세,경상
2015112000100419,2015년 11월 20일 16시,금요일,대전광역시 유성구 봉명동,부상신고사고,0,0,0,1,차대사람 - 기타,안전운전불이행,건조,맑음,단일로 - 기타,승합,남,61세,상해없음,보행자,여,72세,부상신고
2015112000100477,2015년 11월 20일 17시,금요일,대전광역시 서구 둔산동,경상사고,0,0,1,0,차대차 - 추돌 - 주정차중,안전운전불이행,건조,맑음,단일로 - 기타,승용,남,55세,상해없음,승용,남,36세,경상
2015112000100551,2015년 11월 20일 18시,금요일,대전광역시 대덕구 신대동,경상사고,0,0,2,0,차대차 - 정면충돌,안전운전불이행,건조,맑음,단일로 - 기타,승용,여,30세,경상,승합,남,41세,경상
2015112000100552,2015년 11월 20일 18시,금요일,대전광역시 서구 탄방동,경상사고,0,0,1,0,차대차 - 측면직각충돌,안전거리미확보,건조,맑음,단일로 - 기타,승용,남,57세,상해없음,승용,여,47세,경상
2015112000100607,2015년 11월 20일 19시,금요일,대전광역시 중구 유천동,중상사고,0,1,0,0,차대사람 - 횡단중,신호위반,건조,맑음,단일로 - 횡단보도상,승용,여,64세,상해없음,보행자,남,20세,중상
2015112000100608,2015년 11월 20일 19시,금요일,대전광역시 서구 괴정동,경상사고,0,0,1,0,차대차 - 추돌 - 진행중,안전운전불이행,건조,맑음,교차로 - 교차로안,승합,남,46세,상해없음,승합,남,42세,상해없음
2015112000100641,2015년 11월 20일 20시,금요일,대전광역시 서구 용문동,경상사고,0,0,1,0,차대차 - 정면충돌,신호위반,건조,맑음,교차로 - 교차로안,승용,여,47세,상해없음,이륜,남,22세,경상
2015112000100702,2015년 11월 20일 22시,금요일,대전광역시 유성구 신성동,경상사고,0,0,4,0,차대차 - 추돌 - 진행중,안전운전불이행,건조,맑음,단일로 - 기타,승합,남,40세,상해없음,승용,남,56세,경상
2015112100100048,2015년 11월 21일 01시,토요일,대전광역시 동구 성남동,경상사고,0,0,2,0,차대차 - 추돌 - 진행중,안전운전불이행,건조,맑음,교차로 - 교차로안,승용,남,66세,상해없음,승용,남,35세,경상
2015112100100049,2015년 11월 21일 01시,토요일,대전광역시 서구 괴정동,경상사고,0,0,1,0,차대차 - 추돌 - 주정차중,안전운전불이행,건조,맑음,단일로 - 기타,승용,남,27세,상해없음,승용,남,33세,경상
2015112100100050,2015년 11월 21일 01시,토요일,대전광역시 서구 둔산동,경상사고,0,0,2,1,차대차 - 측면직각충돌,안전운전불이행,건조,맑음,교차로 - 교차로안,승용,남,61세,상해없음,승용,남,64세,경상
2015112100100051,2015년 11월 21일 01시,토요일,대전광역시 유성구 관평동,경상사고,0,0,1,0,차대차 - 측면직각충돌,신호위반,건조,맑음,교차로 - 교차로안,승용,남,55세,상해없음,승용,남,51세,경상
2015112100100072,2015년 11월 21일 02시,토요일,대전광역시 유성구 문지동,경상사고,0,0,2,0,차대차 - 추돌 - 주정차중,안전운전불이행,건조,흐림,단일로 - 기타,승용,남,35세,상해없음,승용,남,44세,경상
2015112100100098,2015년 11월 21일 04시,토요일,대전광역시 서구 월평동,중상사고,0,1,0,0,차대차 - 추돌 - 진행중,안전운전불이행,건조,맑음,교차로 - 교차로부근,승용,남,32세,상해없음,승용,남,28세,중상
2015112100100115,2015년 11월 21일 05시,토요일,대전광역시 서구 가장동,경상사고,0,0,2,0,차대차 - 추돌 - 주정차중,안전거리미확보,건조,맑음,교차로 - 교차로안,승용,남,42세,상해없음,승용,남,62세,경상
2015112100100142,2015년 11월 21일 06시,토요일,대전광역시 동구 가양동,경상사고,0,0,1,0,차대차 - 추돌 - 진행중,안전운전불이행,건조,맑음,교차로 - 교차로부근,승용,남,25세,상해없음,승합,남,53세,경상
2015112100100143,2015년 11월 21일 06시,토요일,대전광역시 서구 둔산동,부상신고사고,0,0,0,1,차대차 - 추돌 - 진행중,안전운전불이행,건조,맑음,교차로 - 교차로부근,승용,남,30세,상해없음,승용,남,44세,부상신고
2015112100100144,2015년 11월 21일 06시,토요일,대전광역시 유성구 노은동,경상사고,0,0,1,0,차대차 - 추돌 - 주정차중,안전운전불이행,건조,맑음,단일로 - 기타,승용,남,33세,상해없음,화물,남,59세,경상
2015112100100175,2015년 11월 21일 08시,토요일,대전광역시 동구 중동,경상사고,0,0,2,0,차대차 - 정면충돌,신호위반,건조,맑음,교차로 - 교차로안,승용,남,73세,상해없음,승용,남,66세,상해없음
2015112100100213,2015년 11월 21일 09시,토요일,대전광역시 유성구 방동,경상사고,0,0,3,0,차대차 - 정면충돌,안전거리미확보,건조,맑음,단일로 - 기타,승합,여,35세,상해없음,화물,여,56세,경상
2015112100100244,2015년 11월 21일 10시,토요일,대전광역시 동구 성남동,경상사고,0,0,1,0,차대차 - 측면직각충돌,안전거리미확보,건조,맑음,단일로 - 기타,승용,남,59세,상해없음,승용,남,37세,경상
2015112100100274,2015년 11월 21일 11시,토요일,대전광역시 유성구 봉산동,경상사고,0,0,2,0,차대차 - 정면충돌,안전운전불이행,건조,맑음,단일로 - 기타,승용,남,28세,상해없음,승용,남,56세,경상
2015112100100308,2015년 11월 21일 12시,토요일,대전광역시 동구 원동,경상사고,0,0,1,0,차대차 - 정면충돌,신호위반,건조,맑음,교차로 - 교차로안,승용,남,54세,상해없음,원동기,남,71세,경상
2015112100100309,2015년 11월 21일 12시,토요일,대전광역시 유성구 관평동,중상사고,0,2,0,0,차대차 - 추돌 - 진행중,안전운전불이행,건조,맑음,교차로 - 교차로부근,승용,여,30세,상해없음,승합,남,66세,중상
2015112100100349,2015년 11월 21일 13시,토요일,대전광역시 중구 중촌동,중상사고,0,1,0,0,차대차 - 측면직각충돌,안전운전불이행,건조,맑음,단일로 - 기타,원동기,남,66세,중상,승용,남,65세,상해없음
2015112100100350,2015년 11월 21일 13시,토요일,대전광역시 동구 주촌동,경상사고,0,0,1,0,차대차 - 정면충돌,안전운전불이행,건조,맑음,단일로 - 기타,승용,여,61세,상해없음,원동기,남,76세,경상
2015112100100388,2015년 11월 21일 14시,토요일,대전광역시 중구 대흥동,중상사고,0,1,0,0,차량단독 - 기타,기타,건조,맑음,단일로 - 기타,승합,남,48세,상해없음,,,,
2015112100100389,2015년 11월 21일 14시,토요일,대전광역시 서구 정림동,경상사고,0,0,1,0,차대차 - 추돌 - 진행중,안전거리미확보,건조,맑음,단일로 - 기타,승용,여,67세,상해없음,승용,남,29세,경상
2015112100100390,2015년 11월 21일 14시,토요일,대전광역시 서구 둔산동,경상사고,0,0,1,0,차대차 - 추돌 - 진행중,안전운전불이행,건조,흐림,단일로 - 기타,화물,남,58세,상해없음,승용,남,60세,경상
2015112100100420,2015년 11월 21일 15시,토요일,대전광역시 대덕구 목상동,중상사고,0,1,0,0,차대차 - 기타,안전운전불이행,습기,흐림,단일로 - 기타,승용,기타불명,기타불명,기타불명,자전거,남,16세,중상
2015112100100517,2015년 11월 21일 17시,토요일,대전광역시 동구 신흥동,경상사고,0,0,1,0,차대차 - 정면충돌,안전운전불이행,건조,맑음,단일로 - 기타,승용,남,50세,상해없음,승용,남,49세,경상
2015112100100518,2015년 11월 21일 17시,토요일,대전광역시 유성구 전민동,경상사고,0,0,2,0,차대차 - 정면충돌,안전운전불이행,건조,맑음,교차로 - 교차로안,승용,여,48세,상해없음,승용,여,55세,경상
2015112100100648,2015년 11월 21일 20시,토요일,대전광역시 중구 태평동,중상사고,0,1,0,0,차대사람 - 횡단중,안전운전불이행,건조,맑음,단일로 - 횡단보도상,승용,남,28세,상해없음,보행자,남,52세,중상
2015112200100021,2015년 11월 22일 00시,일요일,대전광역시 동구 가양동,경상사고,0,0,2,0,차대차 - 추돌 - 진행중,안전운전불이행,건조,맑음,교차로 - 교차로안,승용,남,52세,상해없음,승용,여,55세,경상
2015112200100022,2015년 11월 22일 00시,일요일,대전광역시 동구 삼성동,경상사고,0,0,1,0,차대차 - 추돌 - 진행중,안전운전불이행,건조,맑음,교차로 - 교차로부근,승용,남,57세,상해없음,승용,남,32세,경상
2015112200100087,2015년 11월 22일 04시,일요일,대전광역시 중구 오류동,경상사고,0,0,3,0,차대차 - 측면직각충돌,신호위반,건조,맑음,교차로 - 교차로안,승용,남,63세,상해없음,승용,남,47세,상해없음
2015112200100088,2015년 11월 22일 04시,일요일,대전광역시 서구 둔산동,경상사고,0,0,3,0,차대차 - 추돌 - 주정차중,안전운전불이행,건조,흐림,교차로 - 교차로부근,승용,남,32세,상해없음,승용,남,25세,경상
2015112200100101,2015년 11월 22일 05시,일요일,대전광역시 대덕구 오정동,경상사고,0,0,1,0,차대사람 - 횡단중,안전운전불이행,건조,맑음,단일로 - 기타,승합,남,53세,상해없음,보행자,남,24세,경상
2015112200100112,2015년 11월 22일 06시,일요일,대전광역시 중구 대흥동,경상사고,0,0,1,0,차대차 - 추돌 - 주정차중,안전운전불이행,건조,맑음,단일로 - 기타,승용,남,31세,상해없음,승용,남,39세,경상
2015112200100113,2015년 11월 22일 06시,일요일,대전광역시 서구 둔산동,경상사고,0,0,2,0,차대사람 - 길가장자리구역통행중,안전운전불이행,건조,맑음,단일로 - 기타,승용,남,16세,상해없음,보행자,남,20세,경상
2015112200100114,2015년 11월 22일 06시,일요일,대전광역시 서구 탄방동,중상사고,0,1,0,0,차대차 - 정면충돌,안전운전불이행,건조,흐림,교차로 - 교차로안,승용,남,23세,기타불명,승용,여,55세,중상
2015112200100123,2015년 11월 22일 07시,일요일,대전광역시 중구 오류동,경상사고,0,0,2,0,차대차 - 측면직각충돌,안전운전불이행,건조,맑음,단일로 - 기타,승용,남,41세,상해없음,승용,여,50세,경상
2015112200100133,2015년 11월 22일 08시,일요일,대전광역시 동구 비룡동,중상사고,0,2,1,0,차대차 - 기타,안전운전불이행,건조,맑음,단일로 - 교량,승용,남,37세,상해없음,승용,남,37세,중상
2015112200100171,2015년 11월 22일 10시,일요일,대전광역시 중구 목동,경상사고,0,0,2,0,차대차 - 정면충돌,안전운전불이행,건조,흐림,단일로 - 기타,승용,여,47세,상해없음,승용,남,59세,경상
2015112200100172,2015년 11월 22일 10시,일요일,대전광역시 동구 삼성동,경상사고,0,0,1,0,차량단독 - 기타,기타,건조,맑음,단일로 - 기타,승합,남,60세,상해없음,,,,
2015112200100219,2015년 11월 22일 12시,일요일,대전광역시 동구 삼성동,경상사고,0,0,1,0,차대차 - 추돌 - 주정차중,안전운전불이행,건조,맑음,교차로 - 교차로안,승용,여,66세,상해없음,승용,여,51세,경상
2015112200100253,2015년 11월 22일 13시,일요일,대전광역시 중구 오류동,중상사고,0,1,4,0,차대차 - 정면충돌,안전운전불이행,건조,흐림,교차로 - 교차로안,승용,남,69세,상해없음,승용,남,34세,중상
2015112200100254,2015년 11월 22일 13시,일요일,대전광역시 동구 용운동,경상사고,0,0,1,0,차대사람 - 횡단중,안전운전불이행,건조,맑음,교차로 - 교차로부근,승합,남,57세,상해없음,보행자,여,74세,경상
2015112200100305,2015년 11월 22일 15시,일요일,대전광역시 서구 괴정동,경상사고,0,0,1,0,차대차 - 측면직각충돌,안전운전불이행,건조,맑음,교차로 - 교차로부근,승용,남,64세,상해없음,승용,남,29세,상해없음
2015112200100335,2015년 11월 22일 16시,일요일,대전광역시 동구 중동,경상사고,0,0,1,0,차대차 - 정면충돌,안전거리미확보,건조,맑음,단일로 - 기타,화물,남,66세,상해없음,승합,남,48세,상해없음
2015112200100336,2015년 11월 22일 16시,일요일,대전광역시 서구 괴정동,경상사고,0,0,2,0,차대차 - 기타,교차로운행방법위반,건조,맑음,교차로 - 교차로안,승용,남,64세,경상,승용,여,30세,경상
2015112200100337,2015년 11월 22일 16시,일요일,대전광역시 대덕구 중리동,중상사고,0,1,0,0,차대사람 - 길가장자리구역통행중,안전운전불이행,건조,맑음,단일로 - 기타,승용,여,28세,상해없음,보행자,여,42세,중상
2015112200100387,2015년 11월 22일 17시,일요일,대전광역시 동구 가양동,중상사고,0,1,0,0,차대사람 - 횡단중,안전운전불이행,건조,맑음,단일로 - 횡단보도부근,승용,여,47세,상해없음,보행자,남,50세,중상
2015112200100434,2015년 11월 22일 18시,일요일,대전광역시 동구 가양동,경상사고,0,0,4,0,차대차 - 기타,중앙선침범,건조,맑음,단일로 - 기타,승용,여,49세,상해없음,승용,남,50세,경상
2015112200100472,2015년 11월 22일 19시,일요일,대전광역시 동구 가오동,경상사고,0,0,1,0,차대사람 - 횡단중,보행자보호의무위반,건조,맑음,단일로 - 기타,승용,남,68세,상해없음,보행자,여,23세,경상
2015112200100473,2015년 11월 22일 19시,일요일,대전광역시 서구 관저동,경상사고,0,0,1,0,차대차 - 측면직각충돌,불법유턴,습기,비,단일로 - 기타,승용,기타불명,기타불명,기타불명,승용,남,55세,경상
2015112200100519,2015년 11월 22일 20시,일요일,대전광역시 동구 낭월동,경상사고,0,0,2,0,차대차 - 측면직각충돌,안전거리미확보,건조,맑음,단일로 - 기타,화물,남,50세,기타불명,승용,남,31세,경상
2015112200100520,2015년 11월 22일 20시,일요일,대전광역시 유성구 원촌동,경상사고,0,0,1,0,차대차 - 측면직각충돌,안전거리미확보,습기,비,단일로 - 기타,승합,남,48세,상해없음,원동기,남,58세,경상
2015112200100557,2015년 11월 22일 21시,일요일,대전광역시 동구 낭월동,경상사고,0,0,1,0,차대차 - 기타,신호위반,습기,흐림,교차로 - 교차로안,승용,남,55세,상해없음,승합,남,38세,경상
2015112200100558,2015년 11월 22일 21시,일요일,대전광역시 대덕구 중리동,경상사고,0,0,1,0,차대차 - 측면직각충돌,교차로운행방법위반,건조,흐림,교차로 - 교차로안,승용,여,44세,상해없음,승용,남,32세,경상
2015112300100027,2015년 11월 23일 01시,월요일,대전광역시 서구 탄방동,사망사고,1,0,0,0,차량단독 - 공작물충돌,안전운전불이행,습기,비,단일로 - 기타,승용,남,30세,사망,,,,
2015112300100046,2015년 11월 23일 03시,월요일,대전광역시 대덕구 목상동,중상사고,0,1,0,0,차량단독 - 기타,안전운전불이행,습기,비,교차로 - 교차로부근,승용,여,57세,중상,,,,
2015112300100183,2015년 11월 23일 08시,월요일,대전광역시 중구 대흥동,경상사고,0,0,1,0,차대차 - 정면충돌,안전운전불이행,습기,맑음,교차로 - 교차로부근,승용,남,56세,상해없음,승용,남,32세,경상
2015112300100184,2015년 11월 23일 08시,월요일,대전광역시 동구 용전동,경상사고,0,0,1,0,차대차 - 정면충돌,안전운전불이행,건조,맑음,단일로 - 횡단보도상,승용,남,52세,상해없음,자전거,남,14세,경상
2015112300100185,2015년 11월 23일 08시,월요일,대전광역시 서구 갈마동,중상사고,0,1,0,0,차대사람 - 횡단중,안전운전불이행,습기,비,교차로 - 교차로안,승용,남,32세,상해없음,보행자,여,50세,중상
2015112300100210,2015년 11월 23일 09시,월요일,대전광역시 동구 가양동,경상사고,0,0,1,0,차대차 - 추돌 - 진행중,안전거리미확보,습기,비,단일로 - 기타,승용,남,45세,상해없음,승용,여,64세,경상
2015112300100239,2015년 11월 23일 10시,월요일,대전광역시 중구 선화동,중상사고,0,1,4,0,차대차 - 정면충돌,안전거리미확보,건조,맑음,교차로 - 교차로부근,승용,남,55세,상해없음,승용,남,64세,중상
2015112300100286,2015년 11월 23일 12시,월요일,대전광역시 서구 월평동,경상사고,0,0,1,0,차대사람 - 횡단중,보행자보호의무위반,습기,비,교차로 - 교차로부근,승용,여,20세,상해없음,보행자,남,33세,경상
2015112300100287,2015년 11월 23일 12시,월요일,대전광역시 유성구 신성동,경상사고,0,0,1,0,차대차 - 추돌 - 진행중,교차로운행방법위반,습기,비,교차로 - 교차로안,승용,남,45세,상해없음,승용,여,40세,경상
2015112300100319,2015년 11월 23일 13시,월요일,대전광역시 중구 사정동,중상사고,0,1,0,0,차대차 - 추돌 - 진행중,안전거리미확보,습기,비,단일로 - 기타,승용,남,45세,상해없음,승용,여,56세,중상
2015112300100376,2015년 11월 23일 15시,월요일,대전광역시 중구 용두동,경상사고,0,0,1,0,차대차 - 추돌 - 진행중,안전거리미확보,건조,맑음,단일로 - 기타,승용,남,61세,상해없음,원동기,남,34세,경상
2015112300100447,2015년 11월 23일 17시,월요일,대전광역시 대덕구 목상동,경상사고,0,0,1,0,차대차 - 정면충돌,안전운전불이행,건조,맑음,교차로 - 교차로부근,화물,남,47세,상해없음,승용,여,46세,경상
2015112300100448,2015년 11월 23일 17시,월요일,대전광역시 대덕구 상서동,중상사고,0,1,2,0,차대차 - 추돌 - 진행중,안전운전불이행,건조,맑음,미분류 - 미분류,승용,남,55세,상해없음,승용,남,34세,경상
2015112300100449,2015년 11월 23일 17시,월요일,대전광역시 대덕구 덕암동,경상사고,0,0,1,0,차대사람 - 횡단중,보행자보호의무위반,습기,비,단일로 - 횡단보도상,승용,남,53세,기타불명,보행자,남,8세,경상
2015112300100509,2015년 11월 23일 18시,월요일,대전광역시 동구 용운동,경상사고,0,0,3,0,차대차 - 정면충돌,교차로운행방법위반,건조,맑음,교차로 - 교차로안,승용,남,34세,상해없음,승용,남,29세,경상
2015112300100510,2015년 11월 23일 18시,월요일,대전광역시 서구 내동,경상사고,0,0,1,0,차대차 - 측면직각충돌,안전거리미확보,건조,맑음,단일로 - 기타,승용,여,26세,상해없음,승용,여,54세,경상
2015112300100554,2015년 11월 23일 19시,월요일,대전광역시 유성구 장대동,경상사고,0,0,5,0,차대차 - 추돌 - 진행중,안전운전불이행,건조,맑음,단일로 - 기타,승용,남,40세,상해없음,승용,여,37세,경상
2015112300100585,2015년 11월 23일 20시,월요일,대전광역시 서구 둔산동,경상사고,0,0,1,0,차대차 - 추돌 - 주정차중,안전운전불이행,건조,맑음,교차로 - 교차로부근,승용,남,36세,상해없음,승용,남,45세,경상
2015112300100616,2015년 11월 23일 21시,월요일,대전광역시 유성구 노은동,경상사고,0,0,4,0,차대차 - 정면충돌,안전거리미확보,건조,맑음,단일로 - 기타,승용,여,51세,경상,승용,남,46세,경상
2015112300100632,2015년 11월 23일 22시,월요일,대전광역시 유성구 봉명동,경상사고,0,0,1,0,차대차 - 추돌 - 진행중,안전거리미확보,건조,맑음,교차로 - 교차로부근,승합,남,36세,상해없음,승용,남,28세,경상
2015112300100652,2015년 11월 23일 23시,월요일,대전광역시 서구 월평동,경상사고,0,0,2,0,차대차 - 추돌 - 진행중,안전운전불이행,건조,맑음,단일로 - 기타,승용,남,34세,상해없음,승용,여,51세,경상
2015112300100653,2015년 11월 23일 23시,월요일,대전광역시 유성구 관평동,경상사고,0,0,1,0,차대차 - 정면충돌,안전운전불이행,건조,맑음,단일로 - 기타,승용,남,48세,상해없음,이륜,남,18세,경상
2015112400100026,2015년 11월 24일 01시,화요일,대전광역시 서구 괴정동,경상사고,0,0,1,0,차대사람 - 횡단중,안전운전불이행,건조,맑음,단일로 - 기타,승용,여,26세,상해없음,보행자,남,33세,경상
2015112400100082,2015년 11월 24일 06시,화요일,대전광역시 중구 산성동,경상사고,0,0,2,0,차대차 - 추돌 - 주정차중,안전운전불이행,건조,흐림,단일로 - 횡단보도부근,기타불명,기타불명,기타불명,기타불명,화물,남,61세,경상
2015112400100171,2015년 11월 24일 09시,화요일,대전광역시 대덕구 오정동,중상사고,0,1,0,0,차대사람 - 횡단중,보행자보호의무위반,건조,맑음,교차로 - 교차로안,승용,여,35세,상해없음,보행자,여,84세,중상
2015112400100254,2015년 11월 24일 12시,화요일,대전광역시 중구 오류동,경상사고,0,0,1,0,차대사람 - 기타,안전운전불이행,건조,맑음,단일로 - 기타,승용,남,38세,상해없음,보행자,남,76세,경상
2015112400100284,2015년 11월 24일 13시,화요일,대전광역시 중구 부사동,경상사고,0,0,3,0,차대차 - 추돌 - 진행중,안전운전불이행,건조,맑음,단일로 - 기타,화물,남,39세,상해없음,화물,남,39세,경상
2015112400100490,2015년 11월 24일 18시,화요일,대전광역시 중구 문화동,경상사고,0,0,2,0,차대차 - 정면충돌,안전운전불이행,건조,맑음,교차로 - 교차로안,승용,여,39세,상해없음,승용,남,35세,경상
2015112400100536,2015년 11월 24일 19시,화요일,대전광역시 서구 탄방동,경상사고,0,0,2,0,차대차 - 추돌 - 주정차중,안전운전불이행,건조,맑음,단일로 - 기타,승용,남,57세,상해없음,승용,남,35세,경상
2015112400100600,2015년 11월 24일 21시,화요일,대전광역시 중구 문창동,경상사고,0,0,1,0,차대차 - 추돌 - 진행중,안전운전불이행,습기,흐림,교차로 - 교차로부근,승용,남,29세,상해없음,화물,남,43세,경상
2015112400100601,2015년 11월 24일 21시,화요일,대전광역시 유성구 용산동,경상사고,0,0,2,0,차대차 - 추돌 - 주정차중,안전운전불이행,습기,비,단일로 - 기타,승용,남,53세,상해없음,승용,여,24세,경상
2015112400100602,2015년 11월 24일 21시,화요일,대전광역시 유성구 탑립동,경상사고,0,0,2,0,차대차 - 정면충돌,안전거리미확보,습기,눈,단일로 - 기타,승용,남,36세,상해없음,승용,여,24세,경상
2015112400100646,2015년 11월 24일 22시,화요일,대전광역시 동구 가양동,경상사고,0,0,1,0,차대차 - 측면직각충돌,중앙선침범,습기,비,단일로 - 기타,화물,남,42세,상해없음,승용,여,37세,경상
2015112400100647,2015년 11월 24일 22시,화요일,대전광역시 유성구 궁동,경상사고,0,0,1,0,차대사람 - 횡단중,안전운전불이행,습기,비,단일로 - 횡단보도부근,원동기,남,40세,상해없음,보행자,여,20세,경상
2015112400100690,2015년 11월 24일 23시,화요일,대전광역시 동구 용전동,중상사고,0,1,3,0,차대차 - 측면직각충돌,중앙선침범,습기,비,단일로 - 기타,승용,남,30세,상해없음,승용,남,63세,중상
2015112400100691,2015년 11월 24일 23시,화요일,대전광역시 서구 관저동,경상사고,0,0,1,0,차대차 - 측면직각충돌,안전운전불이행,건조,맑음,단일로 - 기타,승용,남,22세,상해없음,승용,남,25세,경상
2015112400100692,2015년 11월 24일 23시,화요일,대전광역시 유성구 봉명동,중상사고,0,1,0,0,차대사람 - 횡단중,안전운전불이행,습기,비,교차로 - 교차로부근,승용,여,48세,상해없음,보행자,여,75세,중상
2015112500100032,2015년 11월 25일 00시,수요일,대전광역시 유성구 봉명동,중상사고,0,2,1,0,차대차 - 기타,신호위반,습기,비,교차로 - 교차로안,승용,남,35세,상해없음,승용,남,48세,중상
2015112500100123,2015년 11월 25일 05시,수요일,대전광역시 중구 오류동,중상사고,0,1,0,0,차대사람 - 차도통행중,안전운전불이행,습기,비,단일로 - 기타,승용,남,70세,상해없음,보행자,여,78세,중상
2015112500100124,2015년 11월 25일 05시,수요일,대전광역시 동구 소제동,중상사고,0,1,1,0,차대차 - 정면충돌,안전운전불이행,습기,비,단일로 - 기타,승용,남,54세,상해없음,원동기,남,68세,경상
2015112500100125,2015년 11월 25일 05시,수요일,대전광역시 유성구 관평동,경상사고,0,0,1,0,차대차 - 측면직각충돌,신호위반,습기,비,교차로 - 교차로안,승용,남,51세,상해없음,승용,남,54세,경상
2015112500100155,2015년 11월 25일 06시,수요일,대전광역시 서구 둔산동,경상사고,0,0,1,0,차대차 - 추돌 - 진행중,안전거리미확보,습기,비,단일로 - 기타,승용,남,67세,상해없음,승합,남,45세,상해없음
2015112500100226,2015년 11월 25일 08시,수요일,대전광역시 서구 둔산동,경상사고,0,0,1,0,차대차 - 측면직각충돌,신호위반,습기,비,교차로 - 교차로안,승용,남,62세,상해없음,승용,여,60세,경상
2015112500100250,2015년 11월 25일 09시,수요일,대전광역시 동구 가오동,경상사고,0,0,2,0,차대차 - 정면충돌,신호위반,습기,비,교차로 - 교차로안,승용,남,40세,상해없음,승용,여,30세,경상
2015112500100271,2015년 11월 25일 10시,수요일,대전광역시 중구 산성동,경상사고,0,0,1,0,차대사람 - 횡단중,보행자보호의무위반,건조,맑음,교차로 - 교차로안,승용,여,34세,상해없음,보행자,여,82세,경상
2015112500100314,2015년 11월 25일 12시,수요일,대전광역시 중구 산성동,중상사고,0,1,0,0,차대사람 - 횡단중,기타,건조,맑음,단일로 - 기타,승합,남,58세,상해없음,보행자,남,74세,중상
2015112500100337,2015년 11월 25일 13시,수요일,대전광역시 중구 대흥동,경상사고,0,0,1,0,차대차 - 기타,안전운전불이행,건조,맑음,단일로 - 횡단보도상,승용,남,66세,상해없음,자전거,남,44세,경상
2015112500100338,2015년 11월 25일 13시,수요일,대전광역시 서구 관저동,경상사고,0,0,3,0,차대차 - 측면직각충돌,신호위반,건조,맑음,교차로 - 교차로안,승용,남,77세,상해없음,승용,남,56세,경상
2015112500100339,2015년 11월 25일 13시,수요일,대전광역시 유성구 지족동,중상사고,0,1,0,0,차대사람 - 횡단중,신호위반,습기,비,교차로 - 교차로안,화물,남,31세,상해없음,보행자,여,29세,중상
2015112500100372,2015년 11월 25일 14시,수요일,대전광역시 대덕구 상서동,중상사고,0,1,0,0,차대차 - 정면충돌,안전운전불이행,습기,비,교차로 - 교차로안,화물,남,34세,기타불명,승용,남,78세,중상
2015112500100439,2015년 11월 25일 16시,수요일,대전광역시 유성구 관평동,경상사고,0,0,1,0,차대차 - 추돌 - 진행중,교차로운행방법위반,건조,맑음,교차로 - 교차로안,승용,여,46세,상해없음,원동기,남,19세,경상
2015112500100501,2015년 11월 25일 17시,수요일,대전광역시 서구 탄방동,중상사고,0,1,0,0,차대차 - 정면충돌,안전운전불이행,습기,비,교차로 - 교차로안,승용,여,36세,상해없음,이륜,남,33세,중상
2015112500100552,2015년 11월 25일 18시,수요일,대전광역시 중구 문화동,중상사고,0,1,2,0,차대차 - 측면직각충돌,안전운전불이행,건조,맑음,교차로 - 교차로안,승용,남,23세,상해없음,승용,여,30세,경상
2015112500100553,2015년 11월 25일 18시,수요일,대전광역시 중구 옥계동,중상사고,0,1,1,0,차대차 - 추돌 - 진행중,안전거리미확보,습기,비,단일로 - 기타,승용,남,66세,상해없음,승용,남,54세,경상
2015112500100554,2015년 11월 25일 18시,수요일,대전광역시 서구 관저동,경상사고,0,0,1,0,차대사람 - 횡단중,중앙선침범,습기,비,단일로 - 기타,승용,여,58세,상해없음,보행자,남,40세,경상
2015112500100593,2015년 11월 25일 19시,수요일,대전광역시 중구 오류동,중상사고,0,1,0,0,차대차 - 측면직각충돌,안전거리미확보,습기,비,단일로 - 기타,승용,여,57세,상해없음,승용,남,67세,중상
2015112500100594,2015년 11월 25일 19시,수요일,대전광역시 서구 관저동,부상신고사고,0,0,0,1,차대사람 - 횡단중,보행자보호의무위반,습기,비,단일로 - 횡단보도상,기타불명,기타불명,기타불명,기타불명,보행자,여,14세,부상신고
2015112500100667,2015년 11월 25일 21시,수요일,대전광역시 대덕구 연축동,중상사고,0,2,2,0,차대차 - 추돌 - 진행중,안전운전불이행,습기,비,단일로 - 기타,승합,남,54세,상해없음,승용,남,59세,경상