사고번호,사고일시,요일,시군구,사고내용,사망자수,중상자수,경상자수,부상신고자수,사고유형,법규위반,노면상태,기상상태,도로형태,가해운전자 차종,가해운전자 성별,가해운전자 연령,가해운전자 상해정도,피해운전자 차종,피해운전자 성별,피해운전자 연령,피해운전자 상해정도
2015122500100197,2015년 12월 25일 12시,금요일,대전광역시 서구 가수원동,중상사고,0,1,2,0,차대차 - 측면직각충돌,신호위반,건조,맑음,교차로 - 교차로부근,승용,남,40세,상해없음,승합,남,58세,경상
2015122500100222,2015년 12월 25일 13시,금요일,대전광역시 유성구 방동,중상사고,0,1,1,0,차대차 - 추돌 - 진행중,안전거리미확보,건조,맑음,단일로 - 기타,승용,여,43세,상해없음,승용,남,54세,중상
2015122500100313,2015년 12월 25일 16시,금요일,대전광역시 중구 대흥동,경상사고,0,0,2,0,차대차 - 추돌 - 진행중,안전운전불이행,건조,맑음,교차로 - 교차로안,승용,남,68세,상해없음,승용,남,54세,경상
2015122500100348,2015년 12월 25일 17시,금요일,대전광역시 유성구 문지동,경상사고,0,0,1,0,차대차 - 추돌 - 주정차중,안전거리미확보,건조,맑음,교차로 - 교차로안,승용,남,40세,상해없음,승용,남,54세,상해없음
2015122500100383,2015년 12월 25일 18시,금요일,대전광역시 중구 대흥동,경상사고,0,0,1,0,차대차 - 추돌 - 진행중,안전운전불이행,건조,맑음,단일로 - 횡단보도상,원동기,남,42세,상해없음,자전거,남,51세,경상
2015122500100384,2015년 12월 25일 18시,금요일,대전광역시 동구 삼성동,중상사고,0,1,0,0,차대사람 - 횡단중,안전운전불이행,건조,맑음,단일로 - 기타,특수,남,50세,상해없음,보행자,남,74세,중상
2015122500100437,2015년 12월 25일 20시,금요일,대전광역시 동구 인동,경상사고,0,0,2,0,차대차 - 정면충돌,안전거리미확보,건조,맑음,단일로 - 기타,승용,남,56세,상해없음,승용,남,24세,경상
2015122500100465,2015년 12월 25일 21시,금요일,대전광역시 중구 태평동,경상사고,0,0,1,0,차대차 - 정면충돌,안전운전불이행,건조,맑음,교차로 - 교차로안,승용,여,66세,상해없음,승용,여,39세,상해없음
2015122600100014,2015년 12월 26일 00시,토요일,대전광역시 중구 산성동,중상사고,0,1,1,0,차대차 - 추돌 - 진행중,안전운전불이행,건조,맑음,단일로 - 기타,승용,남,29세,상해없음,승용,남,61세,중상
2015122600100061,2015년 12월 26일 04시,토요일,대전광역시 서구 탄방동,경상사고,0,0,2,0,차대차 - 측면직각충돌,신호위반,건조,맑음,교차로 - 교차로안,승용,남,61세,상해없음,승용,남,57세,경상
2015122600100118,2015년 12월 26일 07시,토요일,대전광역시 서구 갈마동,경상사고,0,0,3,0,차대차 - 추돌 - 진행중,안전운전불이행,건조,맑음,교차로 - 교차로부근,승용,남,26세,상해없음,승용,남,59세,경상
2015122600100189,2015년 12월 26일 11시,토요일,대전광역시 동구 낭월동,경상사고,0,0,1,0,차대차 - 정면충돌,안전운전불이행,건조,맑음,교차로 - 교차로안,승용,남,59세,상해없음,원동기,남,19세,경상
2015122600100210,2015년 12월 26일 12시,토요일,대전광역시 서구 월평동,경상사고,0,0,1,0,차대차 - 정면충돌,중앙선침범,건조,맑음,단일로 - 기타,원동기,남,21세,상해없음,승용,남,50세,경상
2015122600100309,2015년 12월 26일 15시,토요일,대전광역시 서구 관저동,중상사고,0,1,0,0,차대차 - 측면직각충돌,안전운전불이행,건조,맑음,단일로 - 기타,승용,남,28세,상해없음,승용,여,39세,중상
2015122600100375,2015년 12월 26일 17시,토요일,대전광역시 동구 용전동,경상사고,0,0,1,0,차대차 - 기타,안전운전불이행,건조,맑음,교차로 - 교차로부근,승용,남,71세,상해없음,원동기,남,63세,경상
2015122600100376,2015년 12월 26일 17시,토요일,대전광역시 동구 판암동,경상사고,0,0,1,0,차대차 - 정면충돌,직진우회전진행방해,건조,맑음,교차로 - 교차로안,화물,남,61세,상해없음,원동기,남,20세,경상
2015122600100524,2015년 12월 26일 21시,토요일,대전광역시 중구 산성동,중상사고,0,1,0,0,차대차 - 측면직각충돌,안전운전불이행,건조,맑음,교차로 - 교차로안,승용,여,43세,상해없음,원동기,남,25세,중상
2015122600100578,2015년 12월 26일 23시,토요일,대전광역시 동구 원동,경상사고,0,0,3,0,차대사람 - 기타,교차로운행방법위반,건조,흐림,교차로 - 교차로안,승용,여,69세,상해없음,보행자,남,62세,경상
2015122600100579,2015년 12월 26일 23시,토요일,대전광역시 서구 둔산동,경상사고,0,0,1,0,차대사람 - 횡단중,안전운전불이행,건조,맑음,단일로 - 기타,승용,여,31세,상해없음,보행자,남,31세,경상
2015122700100060,2015년 12월 27일 02시,일요일,대전광역시 대덕구 법동,중상사고,0,2,0,0,차대차 - 정면충돌,신호위반,건조,맑음,교차로 - 교차로안,승용,남,35세,기타불명,승용,남,48세,중상
2015122700100133,2015년 12월 27일 07시,일요일,대전광역시 동구 삼성동,경상사고,0,0,1,0,차대사람 - 보도통행중,기타,건조,맑음,단일로 - 횡단보도부근,화물,남,21세,상해없음,보행자,여,70세,경상
2015122700100142,2015년 12월 27일 08시,일요일,대전광역시 동구 중동,경상사고,0,0,1,0,차대사람 - 횡단중,신호위반,건조,맑음,단일로 - 횡단보도상,승합,남,57세,상해없음,보행자,여,56세,경상
2015122700100242,2015년 12월 27일 13시,일요일,대전광역시 동구 용운동,경상사고,0,0,1,0,차대사람 - 횡단중,안전운전불이행,건조,맑음,단일로 - 기타,승용,남,43세,상해없음,보행자,남,10세,경상
2015122700100325,2015년 12월 27일 16시,일요일,대전광역시 동구 삼정동,중상사고,0,1,6,0,차대차 - 정면충돌,안전운전불이행,건조,맑음,교차로 - 교차로부근,승용,여,53세,경상,승용,남,68세,중상
2015122700100359,2015년 12월 27일 17시,일요일,대전광역시 서구 둔산동,경상사고,0,0,1,0,차대차 - 추돌 - 진행중,교차로운행방법위반,건조,맑음,교차로 - 교차로안,승용,남,48세,상해없음,승용,남,38세,경상
2015122700100423,2015년 12월 27일 19시,일요일,대전광역시 대덕구 오정동,경상사고,0,0,1,0,차대사람 - 기타,기타,건조,맑음,단일로 - 기타,승합,남,65세,상해없음,보행자,여,68세,경상
2015122700100424,2015년 12월 27일 19시,일요일,대전광역시 서구 월평동,경상사고,0,0,1,0,차대차 - 추돌 - 주정차중,안전운전불이행,건조,맑음,단일로 - 교량,승용,남,46세,상해없음,승용,남,21세,경상
2015122700100463,2015년 12월 27일 21시,일요일,대전광역시 동구 용운동,경상사고,0,0,1,0,차대차 - 정면충돌,안전운전불이행,건조,맑음,단일로 - 기타,승용,남,49세,상해없음,원동기,남,56세,경상
2015122700100464,2015년 12월 27일 21시,일요일,대전광역시 동구 정동,경상사고,0,0,1,0,차대사람 - 횡단중,신호위반,건조,맑음,단일로 - 횡단보도상,승용,남,59세,상해없음,보행자,여,16세,경상
2015122700100514,2015년 12월 27일 23시,일요일,대전광역시 대덕구 중리동,경상사고,0,0,3,0,차대차 - 추돌 - 진행중,안전운전불이행,건조,맑음,단일로 - 기타,승용,남,28세,상해없음,승용,남,42세,경상
2015122800100023,2015년 12월 28일 01시,월요일,대전광역시 서구 갈마동,경상사고,0,0,3,0,차대차 - 정면충돌,안전운전불이행,건조,맑음,교차로 - 교차로부근,승용,여,34세,경상,이륜,남,24세,경상
2015122800100030,2015년 12월 28일 02시,월요일,대전광역시 서구 둔산동,경상사고,0,0,2,0,차대차 - 측면직각충돌,신호위반,건조,맑음,교차로 - 교차로안,승용,여,27세,경상,승용,남,69세,경상
2015122800100036,2015년 12월 28일 03시,월요일,대전광역시 대덕구 중리동,경상사고,0,0,1,0,차대사람 - 횡단중,보행자보호의무위반,습기,흐림,단일로 - 횡단보도상,승용,남,62세,상해없음,보행자,여,73세,경상
2015122800100106,2015년 12월 28일 08시,월요일,대전광역시 유성구 지족동,경상사고,0,0,1,0,차대차 - 정면충돌,안전거리미확보,건조,맑음,단일로 - 기타,승용,여,61세,상해없음,승용,여,33세,경상
2015122800100207,2015년 12월 28일 11시,월요일,대전광역시 동구 중동,중상사고,0,1,0,0,차대차 - 기타,기타,건조,맑음,단일로 - 기타,승합,남,58세,상해없음,승용,여,50세,상해없음
2015122800100233,2015년 12월 28일 12시,월요일,대전광역시 서구 월평동,경상사고,0,0,1,0,차대차 - 정면충돌,신호위반,건조,맑음,교차로 - 교차로안,승합,남,48세,상해없음,승용,남,33세,경상
2015122800100234,2015년 12월 28일 12시,월요일,대전광역시 유성구 금고동,경상사고,0,0,1,0,차대차 - 정면충돌,중앙선침범,건조,맑음,단일로 - 기타,승용,남,36세,상해없음,화물,남,44세,경상
2015122800100266,2015년 12월 28일 13시,월요일,대전광역시 서구 월평동,경상사고,0,0,5,2,차대차 - 정면충돌,안전운전불이행,건조,맑음,교차로 - 교차로안,화물,남,61세,상해없음,승합,남,54세,경상
2015122800100267,2015년 12월 28일 13시,월요일,대전광역시 서구 월평동,경상사고,0,0,1,0,차대차 - 정면충돌,차로위반,건조,맑음,단일로 - 기타,승용,남,52세,상해없음,승용,여,37세,경상
2015122800100268,2015년 12월 28일 13시,월요일,대전광역시 유성구 장대동,경상사고,0,0,1,0,차대차 - 정면충돌,안전거리미확보,건조,맑음,단일로 - 기타,승용,여,22세,상해없음,승용,남,49세,경상
2015122800100269,2015년 12월 28일 13시,월요일,대전광역시 유성구 죽동,중상사고,0,1,0,0,차대차 - 정면충돌,안전운전불이행,건조,맑음,교차로 - 교차로안,승용,여,48세,기타불명,승용,여,54세,중상
2015122800100327,2015년 12월 28일 15시,월요일,대전광역시 서구 가수원동,중상사고,0,2,10,1,차대차 - 정면충돌,신호위반,건조,맑음,단일로 - 기타,승용,남,50세,기타불명,승합,남,48세,경상
2015122800100362,2015년 12월 28일 16시,월요일,대전광역시 대덕구 석봉동,중상사고,0,1,0,0,차대사람 - 길가장자리구역통행중,안전운전불이행,건조,맑음,단일로 - 기타,승용,남,58세,상해없음,보행자,남,13세,중상
2015122800100405,2015년 12월 28일 17시,월요일,대전광역시 서구 괴정동,경상사고,0,0,1,0,차대사람 - 횡단중,안전운전불이행,건조,맑음,단일로 - 기타,승용,남,31세,상해없음,보행자,남,23세,경상
2015122800100458,2015년 12월 28일 18시,월요일,대전광역시 서구 관저동,경상사고,0,0,1,0,차대차 - 추돌 - 진행중,안전운전불이행,건조,맑음,교차로 - 교차로부근,승용,여,22세,상해없음,화물,남,41세,경상
2015122800100459,2015년 12월 28일 18시,월요일,대전광역시 유성구 용산동,중상사고,0,2,0,0,차대차 - 정면충돌,신호위반,건조,맑음,교차로 - 교차로안,승용,남,47세,상해없음,승용,남,58세,중상
2015122800100520,2015년 12월 28일 20시,월요일,대전광역시 대덕구 오정동,경상사고,0,0,1,0,차대차 - 정면충돌,안전운전불이행,습기,흐림,단일로 - 기타,승용,남,25세,상해없음,승합,여,47세,경상
2015122800100552,2015년 12월 28일 21시,월요일,대전광역시 유성구 관평동,중상사고,0,1,0,0,차대사람 - 횡단중,안전운전불이행,건조,맑음,단일로 - 기타,승용,남,54세,상해없음,보행자,남,16세,중상
2015122800100603,2015년 12월 28일 23시,월요일,대전광역시 유성구 봉명동,경상사고,0,0,2,0,차대차 - 측면직각충돌,안전운전불이행,건조,맑음,교차로 - 교차로부근,승용,여,45세,상해없음,승용,남,56세,경상
2015122800100604,2015년 12월 28일 23시,월요일,대전광역시 유성구 상대동,경상사고,0,0,2,0,차대차 - 정면충돌,안전운전불이행,건조,맑음,교차로 - 교차로부근,승용,남,34세,기타불명,승용,남,51세,경상
2015122900100077,2015년 12월 29일 06시,화요일,대전광역시 서구 월평동,경상사고,0,0,2,0,차대차 - 정면충돌,중앙선침범,건조,맑음,교차로 - 교차로부근,승용,남,61세,상해없음,승용,남,25세,경상
2015122900100088,2015년 12월 29일 07시,화요일,대전광역시 대덕구 덕암동,사망사고,1,0,0,0,차대차 - 기타,안전운전불이행,건조,맑음,단일로 - 기타,화물,남,33세,상해없음,화물,기타불명,기타불명,기타불명
2015122900100095,2015년 12월 29일 07시,화요일,대전광역시 중구 문화동,중상사고,0,1,0,0,차대사람 - 횡단중,신호위반,건조,흐림,단일로 - 기타,승용,남,53세,상해없음,보행자,남,17세,중상
2015122900100126,2015년 12월 29일 08시,화요일,대전광역시 동구 가양동,중상사고,0,1,0,0,차대사람 - 횡단중,보행자보호의무위반,건조,맑음,단일로 - 횡단보도상,화물,남,27세,상해없음,보행자,여,80세,중상
2015122900100127,2015년 12월 29일 08시,화요일,대전광역시 동구 용전동,중상사고,0,1,0,0,차대사람 - 횡단중,보행자보호의무위반,건조,맑음,교차로 - 교차로부근,승용,남,74세,상해없음,보행자,여,18세,중상
2015122900100128,2015년 12월 29일 08시,화요일,대전광역시 유성구 도룡동,경상사고,0,0,1,0,차대차 - 기타,안전운전불이행,건조,맑음,교차로 - 교차로부근,승용,여,27세,상해없음,자전거,남,21세,경상
2015122900100153,2015년 12월 29일 09시,화요일,대전광역시 유성구 노은동,경상사고,0,0,3,0,차대차 - 정면충돌,신호위반,건조,맑음,교차로 - 교차로안,승용,남,22세,상해없음,건설기계,남,51세,경상
2015122900100228,2015년 12월 29일 12시,화요일,대전광역시 서구 도마동,경상사고,0,0,1,0,차대사람 - 횡단중,안전운전불이행,건조,맑음,교차로 - 교차로안,승용,여,58세,상해없음,보행자,여,22세,경상
2015122900100229,2015년 12월 29일 12시,화요일,대전광역시 유성구 송강동,경상사고,0,0,5,0,차대차 - 정면충돌,교차로운행방법위반,건조,기타,교차로 - 교차로안,승용,남,33세,상해없음,승합,남,35세,상해없음
2015122900100324,2015년 12월 29일 15시,화요일,대전광역시 동구 삼성동,중상사고,0,1,0,0,차대차 - 측면직각충돌,안전운전불이행,건조,맑음,단일로 - 기타,승용,남,22세,상해없음,자전거,남,64세,중상
2015122900100325,2015년 12월 29일 15시,화요일,대전광역시 대덕구 오정동,경상사고,0,0,1,0,차대차 - 정면충돌,중앙선침범,건조,맑음,교차로 - 교차로안,승용,여,63세,상해없음,원동기,남,26세,경상
2015122900100444,2015년 12월 29일 18시,화요일,대전광역시 중구 오류동,중상사고,0,1,0,0,차대차 - 정면충돌,안전운전불이행,건조,맑음,단일로 - 기타,승용,남,41세,상해없음,이륜,남,67세,중상
2015122900100445,2015년 12월 29일 18시,화요일,대전광역시 유성구 용산동,중상사고,0,1,0,0,차대차 - 정면충돌,안전운전불이행,건조,맑음,교차로 - 교차로안,승용,여,29세,상해없음,원동기,남,18세,중상
2015122900100491,2015년 12월 29일 19시,화요일,대전광역시 유성구 장대동,경상사고,0,0,2,0,차대차 - 정면충돌,안전운전불이행,건조,맑음,단일로 - 기타,화물,남,28세,상해없음,승용,남,27세,경상
2015122900100521,2015년 12월 29일 20시,화요일,대전광역시 서구 내동,중상사고,0,1,2,0,차대차 - 추돌 - 진행중,안전운전불이행,건조,맑음,교차로 - 교차로부근,승용,남,57세,상해없음,승용,여,28세,경상
2015122900100522,2015년 12월 29일 20시,화요일,대전광역시 서구 월평동,경상사고,0,0,1,0,차대차 - 정면충돌,안전거리미확보,건조,맑음,교차로 - 교차로부근,화물,남,47세,상해없음,승용,남,27세,경상
2015122900100548,2015년 12월 29일 21시,화요일,대전광역시 동구 가양동,중상사고,0,1,0,0,차대사람 - 횡단중,신호위반,건조,맑음,단일로 - 횡단보도상,승용,남,53세,상해없음,보행자,여,57세,중상
2015122900100570,2015년 12월 29일 22시,화요일,대전광역시 서구 탄방동,경상사고,0,0,1,0,차대차 - 정면충돌,안전거리미확보,건조,맑음,단일로 - 기타,승용,남,31세,상해없음,승용,남,52세,상해없음
2015123000100048,2015년 12월 30일 02시,수요일,대전광역시 유성구 교촌동,사망사고,1,3,4,0,차대차 - 측면직각충돌,신호위반,건조,맑음,교차로 - 교차로안,승용,남,64세,경상,승용,남,26세,경상
2015123000100074,2015년 12월 30일 05시,수요일,대전광역시 서구 내동,중상사고,0,1,0,0,차대차 - 정면충돌,안전운전불이행,건조,맑음,단일로 - 기타,승용,남,62세,상해없음,이륜,남,67세,중상
2015123000100115,2015년 12월 30일 07시,수요일,대전광역시 중구 석교동,경상사고,0,0,1,0,차대차 - 정면충돌,안전운전불이행,건조,맑음,단일로 - 기타,승용,여,58세,상해없음,승용,남,49세,경상
2015123000100116,2015년 12월 30일 07시,수요일,대전광역시 대덕구 오정동,경상사고,0,0,1,0,차대차 - 측면직각충돌,교차로운행방법위반,건조,맑음,교차로 - 교차로안,화물,남,38세,상해없음,자전거,남,26세,경상
2015123000100117,2015년 12월 30일 07시,수요일,대전광역시 유성구 상대동,중상사고,0,1,0,0,차대사람 - 횡단중,보행자보호의무위반,건조,맑음,단일로 - 횡단보도상,승용,남,32세,상해없음,보행자,남,50세,중상
2015123000100154,2015년 12월 30일 08시,수요일,대전광역시 유성구 봉명동,경상사고,0,0,1,0,차량단독 - 전도전복,안전운전불이행,건조,맑음,단일로 - 기타,승용,남,56세,상해없음,,,,
2015123000100155,2015년 12월 30일 08시,수요일,대전광역시 유성구 죽동,중상사고,0,1,1,0,차대차 - 측면직각충돌,안전거리미확보,건조,맑음,단일로 - 기타,승용,남,28세,기타불명,승용,남,45세,중상
2015123000100216,2015년 12월 30일 10시,수요일,대전광역시 유성구 도룡동,경상사고,0,0,1,0,차대차 - 정면충돌,중앙선침범,건조,맑음,단일로 - 기타,승용,여,52세,상해없음,승용,여,53세,경상
2015123000100292,2015년 12월 30일 13시,수요일,대전광역시 대덕구 상서동,경상사고,0,0,1,0,차대차 - 정면충돌,안전운전불이행,건조,맑음,단일로 - 기타,건설기계,남,46세,상해없음,승용,남,27세,경상
2015123000100353,2015년 12월 30일 15시,수요일,대전광역시 서구 둔산동,중상사고,0,1,1,0,차대사람 - 보도통행중,신호위반,건조,맑음,교차로 - 교차로안,승용,여,53세,상해없음,보행자,여,9세,경상
2015123000100354,2015년 12월 30일 15시,수요일,대전광역시 유성구 하기동,경상사고,0,0,2,0,차량단독 - 기타,안전운전불이행,건조,맑음,단일로 - 기타,승용,여,51세,상해없음,,,,
2015123000100391,2015년 12월 30일 16시,수요일,대전광역시 동구 자양동,중상사고,0,1,1,0,차대차 - 측면직각충돌,신호위반,건조,맑음,교차로 - 교차로안,화물,남,56세,상해없음,자전거,남,14세,중상
2015123000100392,2015년 12월 30일 16시,수요일,대전광역시 대덕구 신일동,중상사고,0,1,0,0,차대사람 - 횡단중,안전운전불이행,건조,맑음,단일로 - 횡단보도상,건설기계,남,38세,상해없음,보행자,여,63세,중상
2015123000100446,2015년 12월 30일 17시,수요일,대전광역시 대덕구 석봉동,중상사고,0,1,0,0,차대차 - 정면충돌,신호위반,건조,흐림,교차로 - 교차로안,승용,남,69세,상해없음,이륜,남,43세,중상
2015123000100447,2015년 12월 30일 17시,수요일,대전광역시 대덕구 덕암동,경상사고,0,0,1,0,차대차 - 측면직각충돌,안전운전불이행,건조,흐림,교차로 - 교차로부근,승용,여,40세,상해없음,승용,남,50세,상해없음
2015123000100448,2015년 12월 30일 17시,수요일,대전광역시 서구 월평동,경상사고,0,0,1,0,차대차 - 추돌 - 진행중,안전운전불이행,건조,맑음,교차로 - 교차로안,승용,남,41세,상해없음,승용,남,61세,경상
2015123000100596,2015년 12월 30일 20시,수요일,대전광역시 서구 용문동,경상사고,0,0,2,0,차대차 - 정면충돌,신호위반,습기,눈,교차로 - 교차로안,승합,남,45세,상해없음,승용,남,57세,경상
2015123000100597,2015년 12월 30일 20시,수요일,대전광역시 서구 도마동,중상사고,0,1,0,0,차대차 - 정면충돌,안전운전불이행,습기,눈,단일로 - 기타,화물,남,41세,상해없음,이륜,남,17세,중상
2015123000100598,2015년 12월 30일 20시,수요일,대전광역시 대덕구 덕암동,경상사고,0,0,2,0,차대차 - 추돌 - 주정차중,안전운전불이행,습기,비,단일로 - 기타,화물,남,59세,상해없음,승용,남,59세,경상
2015123000100599,2015년 12월 30일 20시,수요일,대전광역시 대덕구 읍내동,중상사고,0,1,0,0,차대차 - 정면충돌,차로위반,습기,비,단일로 - 교량,승용,남,22세,기타불명,승용,여,30세,중상
2015123000100600,2015년 12월 30일 20시,수요일,대전광역시 서구 월평동,경상사고,0,0,1,0,차대사람 - 횡단중,안전운전불이행,습기,비,교차로 - 교차로안,승용,남,38세,상해없음,보행자,여,56세,경상
2015123000100601,2015년 12월 30일 20시,수요일,대전광역시 유성구 하기동,경상사고,0,0,1,0,차대차 - 정면충돌,안전운전불이행,건조,맑음,교차로 - 교차로부근,승용,남,30세,상해없음,승용,여,42세,경상
2015123000100640,2015년 12월 30일 21시,수요일,대전광역시 서구 관저동,경상사고,0,0,1,0,차대차 - 측면직각충돌,신호위반,습기,눈,교차로 - 교차로부근,승용,남,57세,상해없음,승용,여,57세,경상
2015123000100688,2015년 12월 30일 22시,수요일,대전광역시 서구 둔산동,경상사고,0,0,1,0,차대차 - 추돌 - 주정차중,교차로운행방법위반,건조,맑음,교차로 - 교차로안,승용,남,53세,상해없음,승용,여,54세,경상
2015123100100056,2015년 12월 31일 01시,목요일,대전광역시 동구 자양동,경상사고,0,0,1,0,차대차 - 정면충돌,안전운전불이행,건조,맑음,교차로 - 교차로안,승용,남,26세,상해없음,이륜,남,41세,경상
2015123100100100,2015년 12월 31일 04시,목요일,대전광역시 대덕구 오정동,경상사고,0,0,2,0,차대차 - 추돌 - 주정차중,안전운전불이행,건조,맑음,단일로 - 교량,승용,남,50세,상해없음,승용,남,37세,경상
2015123100100129,2015년 12월 31일 06시,목요일,대전광역시 중구 선화동,중상사고,0,1,0,0,차대사람 - 횡단중,안전운전불이행,건조,맑음,단일로 - 기타,승용,여,63세,상해없음,보행자,여,75세,중상
2015123100100130,2015년 12월 31일 06시,목요일,대전광역시 서구 용문동,부상신고사고,0,0,0,1,차대사람 - 횡단중,신호위반,건조,맑음,교차로 - 교차로부근,승용,남,52세,상해없음,보행자,여,60세,부상신고
2015123100100131,2015년 12월 31일 06시,목요일,대전광역시 서구 월평동,경상사고,0,0,2,0,차대차 - 정면충돌,안전운전불이행,결빙,맑음,단일로 - 기타,화물,남,57세,상해없음,승용,남,30세,경상
2015123100100159,2015년 12월 31일 07시,목요일,대전광역시 중구 중촌동,중상사고,0,1,0,0,차대차 - 추돌 - 진행중,안전운전불이행,결빙,흐림,미분류 - 미분류,승용,남,46세,상해없음,승용,여,46세,중상
2015123100100160,2015년 12월 31일 07시,목요일,대전광역시 서구 만년동,경상사고,0,0,1,0,차대차 - 추돌 - 진행중,안전운전불이행,습기,맑음,단일로 - 기타,화물,남,38세,상해없음,이륜,여,57세,경상
2015123100100161,2015년 12월 31일 07시,목요일,대전광역시 서구 만년동,경상사고,0,0,1,0,차대차 - 정면충돌,중앙선침범,습기,맑음,단일로 - 기타,화물,남,52세,상해없음,승용,남,30세,경상
2015123100100192,2015년 12월 31일 08시,목요일,대전광역시 중구 안영동,중상사고,0,2,0,0,차대차 - 정면충돌,중앙선침범,결빙,흐림,미분류 - 미분류,승용,남,55세,상해없음,화물,남,63세,중상
2015123100100193,2015년 12월 31일 08시,목요일,대전광역시 서구 가수원동,경상사고,0,0,1,0,차대차 - 추돌 - 진행중,안전운전불이행,결빙,흐림,단일로 - 기타,특수,남,28세,상해없음,승용,남,32세,경상
2015123100100194,2015년 12월 31일 08시,목요일,대전광역시 유성구 상대동,중상사고,0,1,1,0,차대차 - 정면충돌,신호위반,건조,맑음,단일로 - 기타,승용,여,55세,기타불명,승용,남,35세,중상
2015123100100236,2015년 12월 31일 10시,목요일,대전광역시 서구 괴정동,경상사고,0,0,1,0,차대차 - 추돌 - 진행중,안전운전불이행,건조,흐림,단일로 - 기타,승용,여,50세,상해없음,승용,남,40세,경상
2015123100100237,2015년 12월 31일 10시,목요일,대전광역시 서구 탄방동,경상사고,0,0,2,0,차대차 - 정면충돌,중앙선침범,건조,흐림,단일로 - 기타,승용,남,43세,상해없음,화물,남,50세,경상
2015123100100264,2015년 12월 31일 11시,목요일,대전광역시 유성구 봉명동,경상사고,0,0,1,0,차대차 - 측면직각충돌,안전거리미확보,건조,맑음,단일로 - 교량,승용,여,46세,상해없음,이륜,남,41세,경상
2015123100100265,2015년 12월 31일 11시,목요일,대전광역시 유성구 외삼동,경상사고,0,0,3,0,차대차 - 정면충돌,안전거리미확보,건조,맑음,단일로 - 기타,화물,남,63세,상해없음,승용,여,54세,경상
2015123100100291,2015년 12월 31일 12시,목요일,대전광역시 서구 만년동,중상사고,0,1,0,1,차대차 - 추돌 - 주정차중,안전운전불이행,건조,맑음,미분류 - 미분류,승합,남,56세,상해없음,승용,여,49세,중상
2015123100100417,2015년 12월 31일 16시,목요일,대전광역시 중구 문화동,경상사고,0,0,1,0,차대차 - 추돌 - 주정차중,안전운전불이행,건조,맑음,단일로 - 기타,승용,남,67세,상해없음,화물,남,50세,경상
2015123100100524,2015년 12월 31일 18시,목요일,대전광역시 유성구 세동,중상사고,0,1,1,0,차대차 - 정면충돌,안전운전불이행,건조,맑음,단일로 - 기타,승용,남,54세,상해없음,승용,여,68세,상해없음
2015123100100525,2015년 12월 31일 18시,목요일,대전광역시 유성구 봉명동,경상사고,0,0,1,0,차대차 - 측면직각충돌,교차로운행방법위반,건조,맑음,교차로 - 교차로안,승용,기타불명,기타불명,기타불명,자전거,남,17세,경상
2015123100100575,2015년 12월 31일 19시,목요일,대전광역시 중구 유천동,경상사고,0,0,4,0,차대차 - 정면충돌,중앙선침범,건조,맑음,단일로 - 기타,승용,남,61세,상해없음,승용,남,55세,경상
2015123100100576,2015년 12월 31일 19시,목요일,대전광역시 서구 탄방동,중상사고,0,1,0,0,차대차 - 측면직각충돌,안전운전불이행,건조,맑음,단일로 - 기타,승용,남,48세,중상,화물,기타불명,기타불명,기타불명
2015123100100577,2015년 12월 31일 19시,목요일,대전광역시 유성구 봉명동,경상사고,0,0,1,0,차대사람 - 횡단중,안전운전불이행,건조,맑음,단일로 - 기타,승용,남,31세,상해없음,보행자,남,50세,경상
2015123100100612,2015년 12월 31일 20시,목요일,대전광역시 중구 대흥동,경상사고,0,0,1,0,차대차 - 정면충돌,안전운전불이행,건조,맑음,단일로 - 횡단보도상,승용,여,32세,기타불명,자전거,여,33세,경상
2015123100100613,2015년 12월 31일 20시,목요일,대전광역시 중구 오류동,경상사고,0,0,1,0,차대사람 - 횡단중,안전운전불이행,건조,맑음,단일로 - 횡단보도상,원동기,남,22세,상해없음,보행자,여,42세,경상
2015123100100614,2015년 12월 31일 20시,목요일,대전광역시 유성구 노은동,경상사고,0,0,2,0,차대차 - 추돌 - 주정차중,안전운전불이행,건조,맑음,단일로 - 기타,승용,남,52세,상해없음,승용,여,51세,경상
2015123100100649,2015년 12월 31일 21시,목요일,대전광역시 대덕구 신탄진동,경상사고,0,0,1,0,차대차 - 정면충돌,안전운전불이행,건조,맑음,단일로 - 기타,승용,남,49세,상해없음,승용,남,46세,경상
2015123100100673,2015년 12월 31일 22시,목요일,대전광역시 동구 대별동,중상사고,0,1,0,0,차량단독 - 전도전복,안전운전불이행,건조,맑음,단일로 - 기타,승용,남,31세,상해없음,,,,
2015123100100729,2015년 12월 31일 23시,목요일,대전광역시 서구 탄방동,경상사고,0,0,1,0,차대차 - 측면직각충돌,안전운전불이행,건조,맑음,단일로 - 기타,기타불명,기타불명,기타불명,기타불명,승용,남,45세,경상
2015123100100730,2015년 12월 31일 23시,목요일,대전광역시 서구 탄방동,중상사고,0,1,0,0,차대차 - 측면직각충돌,중앙선침범,건조,맑음,단일로 - 기타,승용,남,52세,상해없음,이륜,남,33세,중상